trip_id,scenario_type,leg,window,apple_leave_at,origin,destination,origin_latlon,destination_latlon,same_route,apple_eta_seconds,baseline_algorithm,events_live,antroute_event_edges,baseline_event_edges,antroute_waypoints,antroute_apple_eta_seconds,baseline_waypoints,baseline_apple_eta_seconds,antroute_route,baseline_route
R01,recommended,1,2026-05-04T07:05:00,Mon 07:05,Roxas-Padre Burgos,Roxas Blvd-Kalaw,"14.583031,120.975508","14.579798,120.977413",True,,iaco,2,0,0,"14.582805,120.975409 | 14.581860,120.975966 | 14.580822,120.976580 | 14.579871,120.977141",,"14.582805,120.975409 | 14.581860,120.975966 | 14.580822,120.976580 | 14.579871,120.977141",,12067342 21590497 243973244 8366466912 8366466914 3199833787 3202651965 3202752604,12067342 21590497 243973244 8366466912 8366466914 3199833787 3202651965 3202752604
R02,recommended,1,2026-05-04T07:30:00,Mon 07:30,EDSA-Ortigas,8337-Ayala NB 1-PTZ,"14.593441,121.058284","14.550071,121.029408",True,,shortest_distance,2,1,1,"14.601465,121.058574 | 14.596305,121.059377 | 14.555289,121.035289",,"14.601465,121.058574 | 14.596305,121.059377 | 14.555289,121.035289",,21834288 96349148 305118198 96349145 96349143 96352275 68902574 68902573 88771457 5285161657 5285161656 5288982109 12029158386 313926476 313926605 3775184570 3775184569 3775184564 570700035,21834288 96349148 305118198 96349145 96349143 96352275 68902574 68902573 88771457 5285161657 5285161656 5288982109 12029158386 313926476 313926605 3775184570 3775184569 3775184564 570700035
R03,recommended,1,2026-05-04T08:00:00,Mon 08:00,EDSA-Aurora,EDSA-Ortigas,"14.622476,121.053329","14.593441,121.058284",False,,iaco,2,1,1,"14.618143,121.055322 | 14.616126,121.052454 | 14.609081,121.055744 | 14.606256,121.057054 | 14.601666,121.059111 | 14.597583,121.059574",,"14.618143,121.055322 | 14.614269,121.055213 | 14.614891,121.053080 | 14.609081,121.055744 | 14.606256,121.057054 | 14.597583,121.059574",,32519348 3299171847 720703224 32519350 720695545 32519416 8594864824 8594864823 60093157 5286026336 11956219762 973552682 973552665 973552605 333524088 88787349 2467729098 5286171962 61679564 68901115 88771457 5285161657 4242563043 12029724347 21834288,32519348 12026915269 589927748 7400320998 8595192520 589927746 3299171847 720703224 32519350 720695545 32519416 8594864824 31241781 60093151 60093185 60093196 60093211 504009072 333524170 2886434136 12026915271 11956219762 973552682 973552665 973552605 333524088 88787349 2467729098 5286171962 61679564 68901115 88771457 5285161657 4242563043 12029724347 21834288
R04,recommended,1,2026-05-04T08:10:00,Mon 08:10,EDSA-Shaw,EDSA-Ortigas,"14.580878,121.053531","14.593441,121.058284",True,,iaco,0,0,0,"14.581255,121.053803 | 14.584244,121.055635 | 14.587029,121.056564 | 14.588780,121.057128 | 14.589361,121.057395 | 14.592277,121.058351",,"14.581255,121.053803 | 14.584244,121.055635 | 14.587029,121.056564 | 14.588780,121.057128 | 14.589361,121.057395 | 14.592277,121.058351",,8462613410 92300703 7244807582 186466010 1909558882 88798869 1740120869 2013381877 4242563000 252179221 11961376362 1735964860 321554297 321551795 88772903 29098405 11969230003 11969230001 21834288,8462613410 92300703 7244807582 186466010 1909558882 88798869 1740120869 2013381877 4242563000 252179221 11961376362 1735964860 321554297 321551795 88772903 29098405 11969230003 11969230001 21834288
R05,recommended,1,2026-05-04T17:40:00,Mon 17:40,EDSA-Quezon Ave,EDSA-Ortigas,"14.644204,121.037738","14.593441,121.058284",False,,iaco,2,0,0,"14.637117,121.041984 | 14.628785,121.046652 | 14.623458,121.049075 | 14.616126,121.052454 | 14.609081,121.055744 | 14.601666,121.059111",,"14.637117,121.041984 | 14.628785,121.046652 | 14.624177,121.048791 | 14.614891,121.053080 | 14.609081,121.055744 | 14.601666,121.059111",,286082780 286082839 9883466496 2467398191 298098895 5383119712 288458254 5282138764 286083465 1418830464 286083466 4879643696 246782846 6622286349 305099887 962951230 962951247 1075205320 12080025022 40826229 333526141 316156993 523963095 29523876 523958868 2370264845 12606354248 7418236940 8657082065 246783235 5731638965 973552665 973552605 333524088 88787349 2467729098 5286171962 61679564 68901115 88771457 5285161657 4242563043 12029724348 11969230005 11969230004 11969230001 21834288,286082780 286082839 9883466496 2467398191 298098895 5383119712 288458254 5282138764 286083465 1418830464 286083466 4879643696 246782846 6622286349 305099887 962951230 962951247 1075205320 12080025022 40826229 333526141 333524088 88787349 2467729098 5286171962 61679564 68901115 88771457 5285161657 4242563043 12029724347 21834288
R06,recommended,1,2026-05-06T17:35:00,Wed 17:35,EDSA-Ortigas,8337-Ayala NB 1-PTZ,"14.593441,121.058284","14.550071,121.029408",True,,shortest_distance,0,0,0,"14.601465,121.058574 | 14.596305,121.059377 | 14.555289,121.035289",,"14.601465,121.058574 | 14.596305,121.059377 | 14.555289,121.035289",,21834288 96349148 305118198 96349145 96349143 96352275 68902574 68902573 88771457 5285161657 5285161656 5288982109 12029158386 313926476 313926605 3775184570 3775184569 3775184564 570700035,21834288 96349148 305118198 96349145 96349143 96352275 68902574 68902573 88771457 5285161657 5285161656 5288982109 12029158386 313926476 313926605 3775184570 3775184569 3775184564 570700035
R07,recommended,1,2026-05-08T17:15:00,Fri 17:15,EDSA-Quezon Ave,EDSA-Kamuning,"14.644204,121.037738","14.630706,121.045708",False,,iaco,0,0,0,"14.643049,121.038071 | 14.641586,121.039089 | 14.639614,121.040364 | 14.637117,121.041984 | 14.634627,121.043515 | 14.633008,121.044594",,"14.643049,121.038071 | 14.641586,121.039089 | 14.639614,121.040364 | 14.637117,121.041984 | 14.635030,121.043337 | 14.633008,121.044594",,286082780 286082839 9883466496 2467398191 298098895 5383119712 288458254 5282138764 286083465 1418830464 286083466 4879643696 246782846 6622286349 5292825911 5472105349 5427170390 817088410 24081884 462068195 24078839,286082780 286082839 6054242042 9883466502 9883466496 2467398191 298098895 5383119712 288458254 5282138764 286083465 1418830464 286083466 4879643696 246782846 6622286349 5292825911 5472105349 5427170390 817088410 24081884 462068195 24078839
R08,recommended,1,2026-05-08T17:30:00,Fri 17:30,EDSA-Aurora,EDSA-Regalia (P. Tuazon),"14.622476,121.053329","14.616467,121.052300",True,,iaco,0,0,0,"14.621684,121.053724 | 14.619834,121.054639 | 14.619746,121.054667 | 14.618143,121.055322 | 14.617121,121.054599 | 14.616464,121.053576",,"14.621684,121.053724 | 14.619834,121.054639 | 14.619746,121.054667 | 14.618143,121.055322 | 14.617121,121.054599 | 14.616464,121.053576",,32519348 3299171847 720703224 32519350 720695545 32519416 8594864824 8594864823 60093157 5286026336 11956219762 973552682 973552665,32519348 3299171847 720703224 32519350 720695545 32519416 8594864824 8594864823 60093157 5286026336 11956219762 973552682 973552665
R09,recommended,1,2026-05-08T18:25:00,Fri 18:25,EDSA-Aurora,EDSA-Regalia (P. Tuazon),"14.622476,121.053329","14.616467,121.052300",False,,iaco,0,0,0,"14.621684,121.053724 | 14.619834,121.054639 | 14.619746,121.054667 | 14.618143,121.055322 | 14.617121,121.054599 | 14.616464,121.053576",,"14.622334,121.054642 | 14.621684,121.053724 | 14.619834,121.054639 | 14.618143,121.055322 | 14.617440,121.055066 | 14.616464,121.053576",,32519348 3299171847 720703224 32519350 720695545 32519416 8594864824 8594864823 60093157 5286026336 11956219762 973552682 973552665,32519348 12026915269 589927748 7400320998 8595192520 589927746 3299171847 720703224 32519350 720695545 32519416 8594864824 8594864823 60093157 5286026336 11956219762 973552682 973552665
R10,recommended,1,2026-05-11T17:55:00,Mon 17:55,EDSA-Kamuning,8337-Ayala NB 1-PTZ,"14.630706,121.045708","14.550071,121.029408",False,,shortest_distance,0,0,0,"14.617976,121.051603 | 14.606256,121.057054 | 14.596305,121.059377 | 14.555289,121.035289",,"14.614891,121.053080 | 14.606256,121.057054 | 14.596305,121.059377 | 14.555289,121.035289",,24078839 1377334723 305099887 962951230 962951247 1075205320 12080025022 40826229 333526141 316156993 523963095 29523876 523958868 2370264845 12606354248 7418236940 8657082065 246783235 5731638965 973552665 973552605 333524088 88787349 2467729098 5286171962 61679564 68901115 88771457 5285161657 5285161656 5288982109 12029158386 313926476 313926605 3775184570 3775184569 3775184564 570700035,24078839 1377334723 305099887 962951230 962951247 1075205320 12080025022 40826229 333526141 333524088 88787349 2467729098 5286171962 61679564 68901115 88771457 5285161657 5285161656 5288982109 12029158386 313926476 313926605 3775184570 3775184569 3775184564 570700035
R11,recommended,1,2026-05-13T18:05:00,Wed 18:05,EDSA-Ortigas,8337-Ayala NB 1-PTZ,"14.593441,121.058284","14.550071,121.029408",True,,shortest_distance,0,0,0,"14.601465,121.058574 | 14.596305,121.059377 | 14.555289,121.035289",,"14.601465,121.058574 | 14.596305,121.059377 | 14.555289,121.035289",,21834288 96349148 305118198 96349145 96349143 96352275 68902574 68902573 88771457 5285161657 5285161656 5288982109 12029158386 313926476 313926605 3775184570 3775184569 3775184564 570700035,21834288 96349148 305118198 96349145 96349143 96352275 68902574 68902573 88771457 5285161657 5285161656 5288982109 12029158386 313926476 313926605 3775184570 3775184569 3775184564 570700035
R12,recommended,1,2026-05-13T18:15:00,Wed 18:15,EDSA-Quezon Ave,EDSA-Shaw,"14.644204,121.037738","14.580878,121.053531",False,,shortest_distance,0,0,0,"14.635030,121.043337 | 14.625623,121.048108 | 14.614891,121.053080 | 14.606256,121.057054 | 14.593974,121.058567 | 14.584518,121.055476",,"14.635030,121.043337 | 14.625623,121.048108 | 14.614891,121.053080 | 14.606256,121.057054 | 14.595206,121.058913 | 14.584518,121.055476",,286082780 286082839 9883466496 2467398191 298098895 5383119712 288458254 5282138764 286083465 1418830464 286083466 4879643696 246782846 6622286349 305099887 962951230 962951247 1075205320 12080025022 40826229 333526141 316156993 523963095 29523876 523958868 2370264845 12606354248 7418236940 8657082065 246783235 5731638965 973552665 973552605 333524088 88787349 2467729098 5286171962 61679564 68901115 88771457 5285161657 4242563043 12029724348 11969230005 11969230004 11969230003 11969230002 5286257643 5286257642 11668730945 5286257621 321553342 12067613 8459730704 186466037 7244807594 331134097 92300703 8462613403 334102352 1595999435 88904189 8383619604 334102245 6387606871 994339253 8462613410,286082780 286082839 9883466496 2467398191 298098895 5383119712 288458254 5282138764 286083465 1418830464 286083466 4879643696 246782846 6622286349 305099887 962951230 962951247 1075205320 12080025022 40826229 333526141 333524088 88787349 2467729098 5286171962 61679564 68901115 88771457 5285161657 4242563043 12029724347 21834288 88772467 321554358 11668730945 5286257621 321553342 12067613 8459730704 186466037 7244807594 331134097 92300703 8462613403 334102352 1595999435 88904189 8383619604 334102245 6387606871 994339253 8462613410
R13,recommended,1,2026-05-15T17:15:00,Fri 17:15,EDSA-Regalia (P. Tuazon),EDSA-Kamuning,"14.616467,121.052300","14.630706,121.045708",True,,iaco,0,0,0,"14.618177,121.051835 | 14.620445,121.050807 | 14.621861,121.050158 | 14.624043,121.049075 | 14.627459,121.047540 | 14.628555,121.047031",,"14.618177,121.051835 | 14.620445,121.050807 | 14.621861,121.050158 | 14.624043,121.049075 | 14.627459,121.047540 | 14.628555,121.047031",,973552665 973552682 5731638971 2397945844 720696446 720702081 679547473 2370264844 33471553 523962960 523961397 973541489 957845503 512091457 24079238 5472104745 24078839,973552665 973552682 5731638971 2397945844 720696446 720702081 679547473 2370264844 33471553 523962960 523961397 973541489 957845503 512091457 24079238 5472104745 24078839
R14,recommended,1,2026-05-15T17:35:00,Fri 17:35,EDSA-Regalia (P. Tuazon),EDSA-Quezon Ave,"14.616467,121.052300","14.644204,121.037738",True,,iaco,0,0,0,"14.620356,121.050850 | 14.624043,121.049075 | 14.628555,121.047031 | 14.632767,121.045127 | 14.637265,121.042173 | 14.641266,121.039583",,"14.620356,121.050850 | 14.624043,121.049075 | 14.628555,121.047031 | 14.632767,121.045127 | 14.637265,121.042173 | 14.641266,121.039583",,973552665 973552682 5731638971 2397945844 720696446 720702081 679547473 2370264844 33471553 523962960 523961397 973541489 957845503 512091457 24079238 5472104745 1497962778 24081972 243461145 12132580801 224865426 3666796561 5472105348 681146586 249226767 4879643711 7899078632 7965461283 9883466514 312264218 5383119711 286082780,973552665 973552682 5731638971 2397945844 720696446 720702081 679547473 2370264844 33471553 523962960 523961397 973541489 957845503 512091457 24079238 5472104745 1497962778 24081972 243461145 12132580801 224865426 3666796561 5472105348 681146586 249226767 4879643711 7899078632 7965461283 9883466514 312264218 5383119711 286082780
R15,recommended,1,2026-05-15T17:45:00,Fri 17:45,EDSA-Regalia (P. Tuazon),EDSA-Ortigas,"14.616467,121.052300","14.593441,121.058284",True,,iaco,0,0,0,"14.614048,121.053468 | 14.609081,121.055744 | 14.606256,121.057054 | 14.601666,121.059111 | 14.597111,121.059515",,"14.614048,121.053468 | 14.609081,121.055744 | 14.606256,121.057054 | 14.601666,121.059111 | 14.597111,121.059515",,973552665 973552605 333524088 88787349 2467729098 5286171962 61679564 68901115 88771457 5285161657 4242563043 12029724347 21834288,973552665 973552605 333524088 88787349 2467729098 5286171962 61679564 68901115 88771457 5285161657 4242563043 12029724347 21834288
R16,recommended,1,2026-05-18T07:35:00,Mon 07:35,EDSA-Regalia (P. Tuazon),EDSA-Ortigas,"14.616467,121.052300","14.593441,121.058284",True,,iaco,2,0,0,"14.614048,121.053468 | 14.609081,121.055744 | 14.606256,121.057054 | 14.601666,121.059111 | 14.597111,121.059515",,"14.614048,121.053468 | 14.609081,121.055744 | 14.606256,121.057054 | 14.601666,121.059111 | 14.597111,121.059515",,973552665 973552605 333524088 88787349 2467729098 5286171962 61679564 68901115 88771457 5285161657 4242563043 12029724347 21834288,973552665 973552605 333524088 88787349 2467729098 5286171962 61679564 68901115 88771457 5285161657 4242563043 12029724347 21834288
R17,recommended,1,2026-05-18T08:25:00,Mon 08:25,EDSA-Kamuning,EDSA-Aurora,"14.630706,121.045708","14.622476,121.053329",False,,iaco,2,0,0,"14.628785,121.046652 | 14.627324,121.047330 | 14.625623,121.048108 | 14.623458,121.049075 | 14.621574,121.049958 | 14.622197,121.051699",,"14.627965,121.046063 | 14.625662,121.047229 | 14.623458,121.049075 | 14.624043,121.049075 | 14.626038,121.049080 | 14.624814,121.051727",,24078839 1377334723 305099887 962951230 962951247 1075205320 12080025022 40826229 333526141 316156993 523963095 29523876 523958868 33471553 523959260 5575063133 5575063134 8708136038 8708136037 32519348,24078839 1377334723 305099887 962951230 7441541983 40822913 40823774 40823847 40823775 8610625769 40824202 40826229 333526141 316156993 523963095 523961397 973541489 957845503 32088848 32088849 32088850 32089041 32089043 32089044 8437170694 203262694 8708136037 32519348
R18,recommended,1,2026-05-18T08:30:00,Mon 08:30,EDSA-Quezon Ave,8337-Ayala NB 1-PTZ,"14.644204,121.037738","14.550071,121.029408",False,,shortest_distance,2,0,0,"14.628785,121.046652 | 14.616687,121.052195 | 14.601666,121.059111 | 14.596305,121.059377 | 14.555289,121.035289",,"14.628785,121.046652 | 14.614891,121.053080 | 14.601666,121.059111 | 14.596305,121.059377 | 14.555289,121.035289",,286082780 286082839 9883466496 2467398191 298098895 5383119712 288458254 5282138764 286083465 1418830464 286083466 4879643696 246782846 6622286349 305099887 962951230 962951247 1075205320 12080025022 40826229 333526141 316156993 523963095 29523876 523958868 2370264845 12606354248 7418236940 8657082065 246783235 5731638965 973552665 973552605 333524088 88787349 2467729098 5286171962 61679564 68901115 88771457 5285161657 5285161656 5288982109 12029158386 313926476 313926605 3775184570 3775184569 3775184564 570700035,286082780 286082839 9883466496 2467398191 298098895 5383119712 288458254 5282138764 286083465 1418830464 286083466 4879643696 246782846 6622286349 305099887 962951230 962951247 1075205320 12080025022 40826229 333526141 333524088 88787349 2467729098 5286171962 61679564 68901115 88771457 5285161657 5285161656 5288982109 12029158386 313926476 313926605 3775184570 3775184569 3775184564 570700035
R19,recommended,1,2026-05-18T17:20:00,Mon 17:20,EDSA-Aurora,EDSA-Ortigas,"14.622476,121.053329","14.593441,121.058284",False,,iaco,1,0,0,"14.618143,121.055322 | 14.616126,121.052454 | 14.609081,121.055744 | 14.606256,121.057054 | 14.601666,121.059111 | 14.597583,121.059574",,"14.618177,121.051835 | 14.619718,121.050808 | 14.614891,121.053080 | 14.609081,121.055744 | 14.606256,121.057054 | 14.597583,121.059574",,32519348 3299171847 720703224 32519350 720695545 32519416 8594864824 8594864823 60093157 5286026336 11956219762 973552682 973552665 973552605 333524088 88787349 2467729098 5286171962 61679564 68901115 88771457 5285161657 4242563043 12029724347 21834288,32519348 3299171847 720703224 32519350 316157080 589927653 720696446 720702081 679547473 2370264844 2370264845 12606354248 7418236940 8657082065 246783235 5731638965 973552665 973552605 333524088 88787349 2467729098 5286171962 61679564 68901115 88771457 5285161657 4242563043 12029724347 21834288
R20,recommended,1,2026-05-18T18:00:00,Mon 18:00,EDSA-Aurora,8337-Ayala NB 1-PTZ,"14.622476,121.053329","14.550071,121.029408",True,,shortest_distance,0,0,0,"14.614048,121.053468 | 14.601666,121.059111 | 14.596305,121.059377 | 14.555289,121.035289",,"14.614048,121.053468 | 14.601666,121.059111 | 14.596305,121.059377 | 14.555289,121.035289",,32519348 3299171847 720703224 32519350 720695545 32519416 8594864824 8594864823 60093157 5286026336 11956219762 973552682 973552665 973552605 333524088 88787349 2467729098 5286171962 61679564 68901115 88771457 5285161657 5285161656 5288982109 12029158386 313926476 313926605 3775184570 3775184569 3775184564 570700035,32519348 3299171847 720703224 32519350 720695545 32519416 8594864824 8594864823 60093157 5286026336 11956219762 973552682 973552665 973552605 333524088 88787349 2467729098 5286171962 61679564 68901115 88771457 5285161657 5285161656 5288982109 12029158386 313926476 313926605 3775184570 3775184569 3775184564 570700035
R21,recommended,1,2026-05-20T08:10:00,Wed 08:10,8337-Ayala NB 1-PTZ,EDSA-Ortigas,"14.550071,121.029408","14.593441,121.058284",False,,iaco,0,0,0,"14.554903,121.035090 | 14.557497,121.038096 | 14.588780,121.057128",,"14.555219,121.035354 | 14.557497,121.038096 | 14.588780,121.057128",,570700035 2697093716 313870591 316969133 24077626 24078211 321326397 6651749029 313872522 313474007 313474131 12042058198 313474145 4242563000 252179221 11961376362 1735964860 321554297 321551795 88772903 29098405 11969230003 11969230001 21834288,570700035 2697093716 313870591 316969133 24077626 24078211 12029158381 313872522 313474007 313474131 12042058198 313474145 4242563000 11961376363 11961376362 1735964860 321554297 321551795 88772903 29098405 11969230003 11969230001 21834288
R22,recommended,1,2026-05-20T08:15:00,Wed 08:15,EDSA-Ortigas,8337-Ayala NB 1-PTZ,"14.593441,121.058284","14.550071,121.029408",True,,shortest_distance,0,0,0,"14.601465,121.058574 | 14.596305,121.059377 | 14.555289,121.035289",,"14.601465,121.058574 | 14.596305,121.059377 | 14.555289,121.035289",,21834288 96349148 305118198 96349145 96349143 96352275 68902574 68902573 88771457 5285161657 5285161656 5288982109 12029158386 313926476 313926605 3775184570 3775184569 3775184564 570700035,21834288 96349148 305118198 96349145 96349143 96352275 68902574 68902573 88771457 5285161657 5285161656 5288982109 12029158386 313926476 313926605 3775184570 3775184569 3775184564 570700035
R23,recommended,1,2026-05-20T17:40:00,Wed 17:40,Roxas Blvd-Kalaw,Roxas-Padre Burgos,"14.579798,120.977413","14.583031,120.975508",True,,iaco,0,0,0,"14.579923,120.977334 | 14.580917,120.976749 | 14.581949,120.976141 | 14.582899,120.975582",,"14.579923,120.977334 | 14.580917,120.976749 | 14.581949,120.976141 | 14.582899,120.975582",,3202752604 3202651584 8366466913 8366466911 3202651574 12067342,3202752604 3202651584 8366466913 8366466911 3202651574 12067342
R24,recommended,1,2026-05-22T07:35:00,Fri 07:35,EDSA-Kamuning,EDSA-Aurora,"14.630706,121.045708","14.622476,121.053329",True,,iaco,2,0,0,"14.628785,121.046652 | 14.627324,121.047330 | 14.625623,121.048108 | 14.623458,121.049075 | 14.621574,121.049958 | 14.622197,121.051699",,"14.628785,121.046652 | 14.627324,121.047330 | 14.625623,121.048108 | 14.623458,121.049075 | 14.621574,121.049958 | 14.622197,121.051699",,24078839 1377334723 305099887 962951230 962951247 1075205320 12080025022 40826229 333526141 316156993 523963095 29523876 523958868 33471553 523959260 5575063133 5575063134 8708136038 8708136037 32519348,24078839 1377334723 305099887 962951230 962951247 1075205320 12080025022 40826229 333526141 316156993 523963095 29523876 523958868 33471553 523959260 5575063133 5575063134 8708136038 8708136037 32519348
R25,recommended,1,2026-05-22T07:40:00,Fri 07:40,EDSA-Aurora,8337-Ayala NB 1-PTZ,"14.622476,121.053329","14.550071,121.029408",True,,shortest_distance,2,2,2,"14.614048,121.053468 | 14.601666,121.059111 | 14.596305,121.059377 | 14.555289,121.035289",,"14.614048,121.053468 | 14.601666,121.059111 | 14.596305,121.059377 | 14.555289,121.035289",,32519348 3299171847 720703224 32519350 720695545 32519416 8594864824 8594864823 60093157 5286026336 11956219762 973552682 973552665 973552605 333524088 88787349 2467729098 5286171962 61679564 68901115 88771457 5285161657 5285161656 5288982109 12029158386 313926476 313926605 3775184570 3775184569 3775184564 570700035,32519348 3299171847 720703224 32519350 720695545 32519416 8594864824 8594864823 60093157 5286026336 11956219762 973552682 973552665 973552605 333524088 88787349 2467729098 5286171962 61679564 68901115 88771457 5285161657 5285161656 5288982109 12029158386 313926476 313926605 3775184570 3775184569 3775184564 570700035
R26,recommended,1,2026-05-22T17:05:00,Fri 17:05,EDSA-Quezon Ave,EDSA-Aurora,"14.644204,121.037738","14.622476,121.053329",False,,iaco,0,0,0,"14.641586,121.039089 | 14.637117,121.041984 | 14.635030,121.043337 | 14.628785,121.046652 | 14.625623,121.048108 | 14.621748,121.049865",,"14.641586,121.039089 | 14.637117,121.041984 | 14.633067,121.043511 | 14.630984,121.046646 | 14.629736,121.049140 | 14.627049,121.051364",,286082780 286082839 9883466496 2467398191 298098895 5383119712 288458254 5282138764 286083465 1418830464 286083466 4879643696 246782846 6622286349 305099887 962951230 962951247 1075205320 12080025022 40826229 333526141 316156993 523963095 29523876 523958868 33471553 523959260 5575063133 5575063134 8708136038 8708136037 32519348,286082780 286082839 6054242042 9883466502 9883466496 2467398191 298098895 5383119712 288458254 5282138764 286083465 1418830464 286083466 4879643696 246782846 246783371 224865556 13242766408 764036747 764036763 1054417187 24081884 462068195 24078839 5472104745 243458617 32569986 32088514 32088515 32088516 32088517 32088518 48752724 5320266644 26082690 32088853 32088852 32089044 8437170694 203262694 8708136037 32519348
R27,recommended,1,2026-05-22T17:20:00,Fri 17:20,8337-Ayala NB 1-PTZ,EDSA-Shaw,"14.550071,121.029408","14.580878,121.053531",True,,shortest_distance,0,0,0,"14.556960,121.037489 | 14.557497,121.038096 | 14.588780,121.057128 | 14.592277,121.058351 | 14.584518,121.055476",,"14.556960,121.037489 | 14.557497,121.038096 | 14.588780,121.057128 | 14.592277,121.058351 | 14.584518,121.055476",,570700035 2697093716 313870591 316969133 24077626 24078211 321326397 6651749029 313872522 313474007 313474131 12042058198 313474145 4242563000 252179221 11961376362 1735964860 321554297 5286257643 5286257642 11668730945 5286257621 321553342 12067613 8459730704 186466037 7244807594 331134097 92300703 8462613403 334102352 1595999435 88904189 8383619604 334102245 6387606871 994339253 8462613410,570700035 2697093716 313870591 316969133 24077626 24078211 321326397 6651749029 313872522 313474007 313474131 12042058198 313474145 4242563000 252179221 11961376362 1735964860 321554297 5286257643 5286257642 11668730945 5286257621 321553342 12067613 8459730704 186466037 7244807594 331134097 92300703 8462613403 334102352 1595999435 88904189 8383619604 334102245 6387606871 994339253 8462613410
R28,recommended,1,2026-05-25T07:25:00,Mon 07:25,EDSA-Quezon Ave,EDSA-Aurora,"14.644204,121.037738","14.622476,121.053329",False,,iaco,0,0,0,"14.641586,121.039089 | 14.637117,121.041984 | 14.633732,121.044106 | 14.629318,121.046333 | 14.625623,121.048108 | 14.621748,121.049865",,"14.641586,121.039089 | 14.637117,121.041984 | 14.633409,121.044318 | 14.631186,121.047345 | 14.630077,121.050361 | 14.627049,121.051364",,286082780 286082839 9883466496 2467398191 298098895 5383119712 288458254 5282138764 286083465 1418830464 286083466 4879643696 246782846 6622286349 5292825911 5472105349 5427170390 817088410 24081884 462068195 24078839 1377334723 305099887 962951230 962951247 1075205320 12080025022 40826229 333526141 316156993 523963095 29523876 523958868 33471553 523959260 5575063133 3908188110 32519354 32519348,286082780 286082839 6054242042 9883466502 9883466496 2467398191 298098895 5383119712 288458254 5282138764 286083465 1418830464 286083466 4879643696 246782846 6622286349 5292825911 5472105349 5427170390 817088410 24081884 462068195 24078839 5472104745 243458617 32569986 32088514 32087876 32087821 32088037 5320266644 26082690 32088853 32088852 32089044 8437170694 203262694 8708136037 32519348
R29,recommended,1,2026-05-25T08:05:00,Mon 08:05,EDSA-Shaw,EDSA-Ortigas,"14.580878,121.053531","14.593441,121.058284",True,,iaco,0,0,0,"14.581255,121.053803 | 14.584244,121.055635 | 14.587029,121.056564 | 14.588780,121.057128 | 14.589361,121.057395 | 14.592277,121.058351",,"14.581255,121.053803 | 14.584244,121.055635 | 14.587029,121.056564 | 14.588780,121.057128 | 14.589361,121.057395 | 14.592277,121.058351",,8462613410 92300703 7244807582 186466010 1909558882 88798869 1740120869 2013381877 4242563000 252179221 11961376362 1735964860 321554297 321551795 88772903 29098405 11969230003 11969230001 21834288,8462613410 92300703 7244807582 186466010 1909558882 88798869 1740120869 2013381877 4242563000 252179221 11961376362 1735964860 321554297 321551795 88772903 29098405 11969230003 11969230001 21834288
R30,recommended,1,2026-05-25T17:35:00,Mon 17:35,EDSA-Regalia (P. Tuazon),EDSA-Quezon Ave,"14.616467,121.052300","14.644204,121.037738",True,,iaco,0,0,0,"14.620356,121.050850 | 14.624043,121.049075 | 14.628555,121.047031 | 14.632767,121.045127 | 14.637265,121.042173 | 14.641266,121.039583",,"14.620356,121.050850 | 14.624043,121.049075 | 14.628555,121.047031 | 14.632767,121.045127 | 14.637265,121.042173 | 14.641266,121.039583",,973552665 973552682 5731638971 2397945844 720696446 720702081 679547473 2370264844 33471553 523962960 523961397 973541489 957845503 512091457 24079238 5472104745 1497962778 24081972 243461145 12132580801 224865426 3666796561 5472105348 681146586 249226767 4879643711 7899078632 7965461283 9883466514 312264218 5383119711 286082780,973552665 973552682 5731638971 2397945844 720696446 720702081 679547473 2370264844 33471553 523962960 523961397 973541489 957845503 512091457 24079238 5472104745 1497962778 24081972 243461145 12132580801 224865426 3666796561 5472105348 681146586 249226767 4879643711 7899078632 7965461283 9883466514 312264218 5383119711 286082780
A01,alternative,1,2026-05-04T07:05:00,Mon 07:05,Roxas-Padre Burgos,Roxas Blvd-Kalaw,"14.583031,120.975508","14.579798,120.977413",False,,not defined by Cheng (2023),2,0,0,NO ROUTE,,NO ROUTE,,,
A02,alternative,1,2026-05-04T07:30:00,Mon 07:30,EDSA-Ortigas,8337-Ayala NB 1-PTZ,"14.593441,121.058284","14.550071,121.029408",False,,not defined by Cheng (2023),2,0,0,NO ROUTE,,NO ROUTE,,,
A03,alternative,1,2026-05-04T08:00:00,Mon 08:00,EDSA-Aurora,EDSA-Ortigas,"14.622476,121.053329","14.593441,121.058284",False,,not defined by Cheng (2023),2,1,0,"14.618143,121.055322 | 14.616126,121.052454 | 14.609081,121.055744 | 14.606256,121.057054 | 14.601666,121.059111 | 14.597583,121.059574",,NO ROUTE,,32519348 3299171847 720703224 32519350 720695545 32519416 8594864824 8594864823 60093157 5286026336 11956219762 973552682 973552665 973552605 333524088 88787349 2467729098 5286171962 61679564 68901115 88771457 5285161657 4242563043 12029724348 12029724347 21834288,
A04,alternative,1,2026-05-04T08:10:00,Mon 08:10,EDSA-Shaw,EDSA-Ortigas,"14.580878,121.053531","14.593441,121.058284",False,,not defined by Cheng (2023),0,0,0,"14.581255,121.053803 | 14.584244,121.055635 | 14.587029,121.056564 | 14.588780,121.057128 | 14.590361,121.057656 | 14.592277,121.058351",,NO ROUTE,,8462613410 92300703 7244807582 186466010 1909558882 88798869 1740120869 2013381877 4242563000 11961376363 11961376362 1735964860 321554297 321551795 88772903 29098405 11969230003 11969230001 21834288,
A05,alternative,1,2026-05-04T17:40:00,Mon 17:40,EDSA-Quezon Ave,EDSA-Ortigas,"14.644204,121.037738","14.593441,121.058284",False,,not defined by Cheng (2023),2,0,0,"14.637117,121.041984 | 14.628785,121.046652 | 14.623458,121.049075 | 14.616126,121.052454 | 14.609081,121.055744 | 14.601666,121.059111",,NO ROUTE,,286082780 286082839 9883466496 2467398191 298098895 5383119712 288458254 5282138764 286083465 1418830464 286083466 4879643696 246782846 6622286349 305099887 962951230 962951247 1075205320 12080025022 40826229 333526141 316156993 523963095 29523876 523958868 2370264845 12606354248 7418236940 8657082065 246783235 5731638965 973552665 973552605 333524088 88787349 2467729098 5286171962 61679564 68901115 88771457 5285161657 4242563043 12029724348 11969230005 11969230004 11969230003 11969230001 21834288,
A06,alternative,1,2026-05-06T17:35:00,Wed 17:35,EDSA-Ortigas,8337-Ayala NB 1-PTZ,"14.593441,121.058284","14.550071,121.029408",False,,not defined by Cheng (2023),0,0,0,NO ROUTE,,NO ROUTE,,,
A07,alternative,1,2026-05-08T17:15:00,Fri 17:15,EDSA-Quezon Ave,EDSA-Kamuning,"14.644204,121.037738","14.630706,121.045708",False,,not defined by Cheng (2023),0,0,0,"14.643049,121.038071 | 14.641586,121.039089 | 14.639614,121.040364 | 14.637117,121.041984 | 14.635030,121.043337 | 14.633008,121.044594",,NO ROUTE,,286082780 286082839 6054242042 9883466502 6054242043 2467398191 298098895 5383119712 288458254 5282138764 286083465 1418830464 286083466 4879643696 246782846 6622286349 5292825911 5472105349 5427170390 817088410 24081884 462068195 24078839,
A08,alternative,1,2026-05-08T17:30:00,Fri 17:30,EDSA-Aurora,EDSA-Regalia (P. Tuazon),"14.622476,121.053329","14.616467,121.052300",False,,not defined by Cheng (2023),0,0,0,NO ROUTE,,NO ROUTE,,,
A09,alternative,1,2026-05-08T18:25:00,Fri 18:25,EDSA-Aurora,EDSA-Regalia (P. Tuazon),"14.622476,121.053329","14.616467,121.052300",False,,not defined by Cheng (2023),0,0,0,NO ROUTE,,NO ROUTE,,,
A10,alternative,1,2026-05-11T17:55:00,Mon 17:55,EDSA-Kamuning,8337-Ayala NB 1-PTZ,"14.630706,121.045708","14.550071,121.029408",False,,not defined by Cheng (2023),0,0,0,"14.614891,121.053080 | 14.606256,121.057054 | 14.596305,121.059377 | 14.555289,121.035289",,NO ROUTE,,24078839 1377334723 305099887 962951230 962951247 1075205320 12080025022 40826229 333526141 333524088 88787349 2467729098 5286171962 61679564 68901115 88771457 5285161657 5285161656 5288982109 12029158386 313926476 313926605 3775184570 3775184569 3775184564 570700035,
A11,alternative,1,2026-05-13T18:05:00,Wed 18:05,EDSA-Ortigas,8337-Ayala NB 1-PTZ,"14.593441,121.058284","14.550071,121.029408",False,,not defined by Cheng (2023),0,0,0,NO ROUTE,,NO ROUTE,,,
A12,alternative,1,2026-05-13T18:15:00,Wed 18:15,EDSA-Quezon Ave,EDSA-Shaw,"14.644204,121.037738","14.580878,121.053531",False,,not defined by Cheng (2023),0,0,0,"14.635030,121.043337 | 14.625623,121.048108 | 14.614891,121.053080 | 14.606256,121.057054 | 14.593974,121.058567 | 14.584518,121.055476",,NO ROUTE,,286082780 286082839 9883466496 2467398191 298098895 5383119712 288458254 5282138764 286083465 1418830464 286083466 4879643696 246782846 6622286349 305099887 962951230 962951247 1075205320 12080025022 40826229 333526141 316156993 523963095 29523876 523958868 2370264845 12606354248 7418236940 8657082065 246783235 5731638965 973552665 973552605 333524088 88787349 2467729098 5286171962 61679564 68901115 88771457 5285161657 4242563043 12029724348 11969230005 11969230004 11969230001 11969230000 5286257642 11668730945 5286257621 321553342 12067613 8459730704 186466037 7244807594 331134097 92300703 8462613403 334102352 1595999435 88904189 8383619604 334102245 6387606871 994339253 8462613410,
A13,alternative,1,2026-05-15T17:15:00,Fri 17:15,EDSA-Regalia (P. Tuazon),EDSA-Kamuning,"14.616467,121.052300","14.630706,121.045708",False,,not defined by Cheng (2023),0,0,0,NO ROUTE,,NO ROUTE,,,
A14,alternative,1,2026-05-15T17:35:00,Fri 17:35,EDSA-Regalia (P. Tuazon),EDSA-Quezon Ave,"14.616467,121.052300","14.644204,121.037738",False,,not defined by Cheng (2023),0,0,0,"14.620356,121.050850 | 14.624043,121.049075 | 14.628555,121.047031 | 14.632767,121.045127 | 14.637265,121.042173 | 14.641266,121.039583",,NO ROUTE,,973552665 973552682 5731638971 2397945844 720696446 720702081 679547473 2370264844 33471553 523962960 523961397 973541489 957845503 512091457 24079238 5472104745 1497962778 24081972 243461145 12132580801 224865426 3666796561 5472105348 681146586 249226767 4879643711 7899078632 7965461283 9883466514 9883466508 5383119711 286082780,
A15,alternative,1,2026-05-15T17:45:00,Fri 17:45,EDSA-Regalia (P. Tuazon),EDSA-Ortigas,"14.616467,121.052300","14.593441,121.058284",False,,not defined by Cheng (2023),0,0,0,"14.614048,121.053468 | 14.609081,121.055744 | 14.606256,121.057054 | 14.601666,121.059111 | 14.597111,121.059515",,NO ROUTE,,973552665 973552605 333524088 88787349 2467729098 5286171962 61679564 68901115 88771457 5285161657 4242563043 12029724348 11969230005 11969230004 11969230001 21834288,
A16,alternative,1,2026-05-18T07:35:00,Mon 07:35,EDSA-Regalia (P. Tuazon),EDSA-Ortigas,"14.616467,121.052300","14.593441,121.058284",False,,not defined by Cheng (2023),2,0,0,NO ROUTE,,NO ROUTE,,,
A17,alternative,1,2026-05-18T08:25:00,Mon 08:25,EDSA-Kamuning,EDSA-Aurora,"14.630706,121.045708","14.622476,121.053329",False,,not defined by Cheng (2023),2,0,0,"14.628785,121.046652 | 14.627324,121.047330 | 14.625623,121.048108 | 14.623458,121.049075 | 14.621574,121.049958 | 14.622172,121.051643",,NO ROUTE,,24078839 1377334723 305099887 962951230 962951247 1075205320 12080025022 40826229 333526141 316156993 523963095 29523876 523958868 33471553 523959260 5575063133 3908188110 32519354 32519348,
A18,alternative,1,2026-05-18T08:30:00,Mon 08:30,EDSA-Quezon Ave,8337-Ayala NB 1-PTZ,"14.644204,121.037738","14.550071,121.029408",False,,not defined by Cheng (2023),2,0,0,"14.628785,121.046652 | 14.614891,121.053080 | 14.601666,121.059111 | 14.596305,121.059377 | 14.555289,121.035289",,NO ROUTE,,286082780 286082839 9883466496 2467398191 298098895 5383119712 288458254 5282138764 286083465 1418830464 286083466 4879643696 246782846 6622286349 305099887 962951230 962951247 1075205320 12080025022 40826229 333526141 333524088 88787349 2467729098 5286171962 61679564 68901115 88771457 5285161657 5285161656 5288982109 12029158386 313926476 313926605 3775184570 3775184569 3775184564 570700035,
A19,alternative,1,2026-05-18T17:20:00,Mon 17:20,EDSA-Aurora,EDSA-Ortigas,"14.622476,121.053329","14.593441,121.058284",False,,not defined by Cheng (2023),1,0,0,"14.618143,121.055322 | 14.616126,121.052454 | 14.609081,121.055744 | 14.606256,121.057054 | 14.601666,121.059111 | 14.597583,121.059574",,NO ROUTE,,32519348 3299171847 720703224 32519350 720695545 32519416 8594864824 8594864823 60093157 5286026336 11956219762 973552682 973552665 973552605 333524088 88787349 2467729098 5286171962 61679564 68901115 88771457 5285161657 4242563043 12029724348 12029724347 21834288,
A20,alternative,1,2026-05-18T18:00:00,Mon 18:00,EDSA-Aurora,8337-Ayala NB 1-PTZ,"14.622476,121.053329","14.550071,121.029408",False,,not defined by Cheng (2023),0,0,0,NO ROUTE,,NO ROUTE,,,
A21,alternative,1,2026-05-20T08:10:00,Wed 08:10,8337-Ayala NB 1-PTZ,EDSA-Ortigas,"14.550071,121.029408","14.593441,121.058284",False,,not defined by Cheng (2023),0,0,0,"14.555219,121.035354 | 14.557497,121.038096 | 14.588780,121.057128",,NO ROUTE,,570700035 2697093716 313870591 316969133 24077626 24078211 12029158381 313872522 313474007 313474131 12042058198 313474145 4242563000 252179221 11961376362 1735964860 321554297 321551795 88772903 29098405 11969230003 11969230001 21834288,
A22,alternative,1,2026-05-20T08:15:00,Wed 08:15,EDSA-Ortigas,8337-Ayala NB 1-PTZ,"14.593441,121.058284","14.550071,121.029408",False,,not defined by Cheng (2023),0,0,0,NO ROUTE,,NO ROUTE,,,
A23,alternative,1,2026-05-20T17:40:00,Wed 17:40,Roxas Blvd-Kalaw,Roxas-Padre Burgos,"14.579798,120.977413","14.583031,120.975508",False,,not defined by Cheng (2023),0,0,0,NO ROUTE,,NO ROUTE,,,
A24,alternative,1,2026-05-22T07:35:00,Fri 07:35,EDSA-Kamuning,EDSA-Aurora,"14.630706,121.045708","14.622476,121.053329",False,,not defined by Cheng (2023),2,0,0,"14.628785,121.046652 | 14.627324,121.047330 | 14.625623,121.048108 | 14.623458,121.049075 | 14.621574,121.049958 | 14.622172,121.051643",,NO ROUTE,,24078839 1377334723 305099887 962951230 962951247 1075205320 12080025022 40826229 333526141 316156993 523963095 29523876 523958868 33471553 523959260 5575063133 3908188110 32519354 32519348,
A25,alternative,1,2026-05-22T07:40:00,Fri 07:40,EDSA-Aurora,8337-Ayala NB 1-PTZ,"14.622476,121.053329","14.550071,121.029408",False,,not defined by Cheng (2023),2,0,0,NO ROUTE,,NO ROUTE,,,
A26,alternative,1,2026-05-22T17:05:00,Fri 17:05,EDSA-Quezon Ave,EDSA-Aurora,"14.644204,121.037738","14.622476,121.053329",False,,not defined by Cheng (2023),0,0,0,"14.641586,121.039089 | 14.637117,121.041984 | 14.635030,121.043337 | 14.628785,121.046652 | 14.625623,121.048108 | 14.621748,121.049865",,NO ROUTE,,286082780 286082839 9883466496 2467398191 298098895 5383119712 288458254 5282138764 286083465 1418830464 286083466 4879643696 246782846 6622286349 305099887 962951230 962951247 1075205320 12080025022 40826229 333526141 316156993 523963095 29523876 523958868 33471553 523959260 5575063133 3908188110 32519354 32519348,
A27,alternative,1,2026-05-22T17:20:00,Fri 17:20,8337-Ayala NB 1-PTZ,EDSA-Shaw,"14.550071,121.029408","14.580878,121.053531",False,,not defined by Cheng (2023),0,0,0,"14.556960,121.037489 | 14.557497,121.038096 | 14.588780,121.057128 | 14.592277,121.058351 | 14.584518,121.055476",,NO ROUTE,,570700035 2697093716 313870591 316969133 24077626 24078211 12029158381 313872522 313474007 313474131 12042058198 313474145 4242563000 252179221 11961376362 1735964860 321554297 5286257643 5286257642 11668730945 5286257621 321553342 12067613 8459730704 186466037 7244807594 331134097 92300703 8462613403 334102352 1595999435 88904189 8383619604 334102245 6387606871 994339253 8462613410,
A28,alternative,1,2026-05-25T07:25:00,Mon 07:25,EDSA-Quezon Ave,EDSA-Aurora,"14.644204,121.037738","14.622476,121.053329",False,,not defined by Cheng (2023),0,0,0,"14.641586,121.039089 | 14.637117,121.041984 | 14.633732,121.044106 | 14.629318,121.046333 | 14.625623,121.048108 | 14.621748,121.049865",,NO ROUTE,,286082780 286082839 9883466496 2467398191 298098895 5383119712 288458254 5282138764 286083465 1418830464 286083466 4879643696 246782846 6622286349 5292825911 5472105349 5427170390 817088410 24081884 462068195 24078839 1377334723 305099887 962951230 962951247 1075205320 12080025022 40826229 333526141 316156993 523963095 29523876 523958868 33471553 523959260 5575063133 5575063134 8708136038 8708136037 32519348,
A29,alternative,1,2026-05-25T08:05:00,Mon 08:05,EDSA-Shaw,EDSA-Ortigas,"14.580878,121.053531","14.593441,121.058284",False,,not defined by Cheng (2023),0,0,0,"14.581255,121.053803 | 14.584244,121.055635 | 14.587029,121.056564 | 14.588780,121.057128 | 14.590361,121.057656 | 14.592277,121.058351",,NO ROUTE,,8462613410 92300703 7244807582 186466010 1909558882 88798869 1740120869 2013381877 4242563000 11961376363 11961376362 1735964860 321554297 321551795 88772903 29098405 11969230003 11969230001 21834288,
A30,alternative,1,2026-05-25T17:35:00,Mon 17:35,EDSA-Regalia (P. Tuazon),EDSA-Quezon Ave,"14.616467,121.052300","14.644204,121.037738",False,,not defined by Cheng (2023),0,0,0,"14.620356,121.050850 | 14.624043,121.049075 | 14.628555,121.047031 | 14.632767,121.045127 | 14.637265,121.042173 | 14.641266,121.039583",,NO ROUTE,,973552665 973552682 5731638971 2397945844 720696446 720702081 679547473 2370264844 33471553 523962960 523961397 973541489 957845503 512091457 24079238 5472104745 1497962778 24081972 243461145 12132580801 224865426 3666796561 5472105348 681146586 249226767 4879643711 7899078632 7965461283 9883466514 9883466508 5383119711 286082780,
M01,multi_destination,1,2026-05-04T17:35:00,Mon 17:35,EDSA-Quezon Ave,EDSA-Regalia (P. Tuazon),"14.644204,121.037738","14.616467,121.052300",False,,mixed,2,0,0,"14.641586,121.039089 | 14.637117,121.041984 | 14.635030,121.043337 | 14.628785,121.046652 | 14.624177,121.048791 | 14.621206,121.050123",,"14.641586,121.039089 | 14.637117,121.041984 | 14.635030,121.043337 | 14.628785,121.046652 | 14.624177,121.048791 | 14.621206,121.050123",,286082780 286082839 9883466496 2467398191 298098895 5383119712 288458254 5282138764 286083465 1418830464 286083466 4879643696 246782846 6622286349 305099887 962951230 962951247 1075205320 12080025022 40826229 333526141 316156993 523963095 29523876 523958868 2370264845 12606354248 7418236940 8657082065 246783235 5731638965 973552665,286082780 286082839 6054242042 9883466502 6054242043 2467398191 298098895 5383119712 288458254 5282138764 286083465 1418830464 286083466 4879643696 246782846 6622286349 305099887 962951230 962951247 1075205320 12080025022 40826229 333526141 316156993 523963095 29523876 523958868 2370264845 12606354248 7418236940 8657082065 246783235 5731638965 973552665
M01,multi_destination,2,2026-05-04T17:35:00,Mon 17:35,EDSA-Regalia (P. Tuazon),8337-Ayala NB 1-PTZ,"14.616467,121.052300","14.550071,121.029408",True,,mixed,2,0,0,"14.606256,121.057054 | 14.596305,121.059377 | 14.555289,121.035289",,"14.606256,121.057054 | 14.596305,121.059377 | 14.555289,121.035289",,973552665 973552605 333524088 88787349 2467729098 5286171962 61679564 68901115 88771457 5285161657 5285161656 5288982109 12029158386 313926476 313926605 3775184570 3775184569 3775184564 570700035,973552665 973552605 333524088 88787349 2467729098 5286171962 61679564 68901115 88771457 5285161657 5285161656 5288982109 12029158386 313926476 313926605 3775184570 3775184569 3775184564 570700035
M02,multi_destination,1,2026-05-06T07:55:00,Wed 07:55,EDSA-Aurora,8337-Ayala NB 1-PTZ,"14.622476,121.053329","14.550071,121.029408",True,,shortest_distance,0,0,0,"14.614048,121.053468 | 14.601666,121.059111 | 14.596305,121.059377 | 14.555289,121.035289",,"14.614048,121.053468 | 14.601666,121.059111 | 14.596305,121.059377 | 14.555289,121.035289",,32519348 3299171847 720703224 32519350 720695545 32519416 8594864824 8594864823 60093157 5286026336 11956219762 973552682 973552665 973552605 333524088 88787349 2467729098 5286171962 61679564 68901115 88771457 5285161657 5285161656 5288982109 12029158386 313926476 313926605 3775184570 3775184569 3775184564 570700035,32519348 3299171847 720703224 32519350 720695545 32519416 8594864824 8594864823 60093157 5286026336 11956219762 973552682 973552665 973552605 333524088 88787349 2467729098 5286171962 61679564 68901115 88771457 5285161657 5285161656 5288982109 12029158386 313926476 313926605 3775184570 3775184569 3775184564 570700035
M02,multi_destination,2,2026-05-06T07:55:00,Wed 07:55,8337-Ayala NB 1-PTZ,EDSA-Shaw,"14.550071,121.029408","14.580878,121.053531",True,,shortest_distance,0,0,0,"14.556960,121.037489 | 14.557497,121.038096 | 14.588780,121.057128 | 14.592277,121.058351 | 14.584518,121.055476",,"14.556960,121.037489 | 14.557497,121.038096 | 14.588780,121.057128 | 14.592277,121.058351 | 14.584518,121.055476",,570700035 2697093716 313870591 316969133 24077626 24078211 321326397 6651749029 313872522 313474007 313474131 12042058198 313474145 4242563000 252179221 11961376362 1735964860 321554297 5286257643 5286257642 11668730945 5286257621 321553342 12067613 8459730704 186466037 7244807594 331134097 92300703 8462613403 334102352 1595999435 88904189 8383619604 334102245 6387606871 994339253 8462613410,570700035 2697093716 313870591 316969133 24077626 24078211 321326397 6651749029 313872522 313474007 313474131 12042058198 313474145 4242563000 252179221 11961376362 1735964860 321554297 5286257643 5286257642 11668730945 5286257621 321553342 12067613 8459730704 186466037 7244807594 331134097 92300703 8462613403 334102352 1595999435 88904189 8383619604 334102245 6387606871 994339253 8462613410
M03,multi_destination,1,2026-05-08T08:25:00,Fri 08:25,EDSA-Kamuning,8337-Ayala NB 1-PTZ,"14.630706,121.045708","14.550071,121.029408",False,,shortest_distance,2,1,1,"14.617976,121.051603 | 14.606256,121.057054 | 14.596305,121.059377 | 14.555289,121.035289",,"14.614891,121.053080 | 14.606256,121.057054 | 14.596305,121.059377 | 14.555289,121.035289",,24078839 1377334723 305099887 962951230 962951247 1075205320 12080025022 40826229 333526141 316156993 523963095 29523876 523958868 2370264845 12606354248 7418236940 8657082065 246783235 5731638965 973552665 973552605 333524088 88787349 2467729098 5286171962 61679564 68901115 88771457 5285161657 5285161656 5288982109 12029158386 313926476 313926605 3775184570 3775184569 3775184564 570700035,24078839 1377334723 305099887 962951230 962951247 1075205320 12080025022 40826229 333526141 333524088 88787349 2467729098 5286171962 61679564 68901115 88771457 5285161657 5285161656 5288982109 12029158386 313926476 313926605 3775184570 3775184569 3775184564 570700035
M03,multi_destination,2,2026-05-08T08:25:00,Fri 08:25,8337-Ayala NB 1-PTZ,EDSA-Shaw,"14.550071,121.029408","14.580878,121.053531",True,,shortest_distance,2,1,1,"14.556960,121.037489 | 14.557497,121.038096 | 14.588780,121.057128 | 14.592277,121.058351 | 14.584518,121.055476",,"14.556960,121.037489 | 14.557497,121.038096 | 14.588780,121.057128 | 14.592277,121.058351 | 14.584518,121.055476",,570700035 2697093716 313870591 316969133 24077626 24078211 321326397 6651749029 313872522 313474007 313474131 12042058198 313474145 4242563000 252179221 11961376362 1735964860 321554297 5286257643 5286257642 11668730945 5286257621 321553342 12067613 8459730704 186466037 7244807594 331134097 92300703 8462613403 334102352 1595999435 88904189 8383619604 334102245 6387606871 994339253 8462613410,570700035 2697093716 313870591 316969133 24077626 24078211 321326397 6651749029 313872522 313474007 313474131 12042058198 313474145 4242563000 252179221 11961376362 1735964860 321554297 5286257643 5286257642 11668730945 5286257621 321553342 12067613 8459730704 186466037 7244807594 331134097 92300703 8462613403 334102352 1595999435 88904189 8383619604 334102245 6387606871 994339253 8462613410
M04,multi_destination,1,2026-05-08T18:30:00,Fri 18:30,EDSA-Quezon Ave,EDSA-Ortigas,"14.644204,121.037738","14.593441,121.058284",False,,mixed,0,0,0,"14.637117,121.041984 | 14.628785,121.046652 | 14.623458,121.049075 | 14.616126,121.052454 | 14.609081,121.055744 | 14.601666,121.059111",,"14.637117,121.041984 | 14.628785,121.046652 | 14.624177,121.048791 | 14.614891,121.053080 | 14.609081,121.055744 | 14.601666,121.059111",,286082780 286082839 9883466496 2467398191 298098895 5383119712 288458254 5282138764 286083465 1418830464 286083466 4879643696 246782846 6622286349 305099887 962951230 962951247 1075205320 12080025022 40826229 333526141 316156993 523963095 29523876 523958868 2370264845 12606354248 7418236940 8657082065 246783235 5731638965 973552665 973552605 333524088 88787349 2467729098 5286171962 61679564 68901115 88771457 5285161657 4242563043 12029724347 21834288,286082780 286082839 9883466496 2467398191 298098895 5383119712 288458254 5282138764 286083465 1418830464 286083466 4879643696 246782846 6622286349 305099887 962951230 962951247 1075205320 12080025022 40826229 333526141 333524088 88787349 2467729098 5286171962 61679564 68901115 88771457 5285161657 4242563043 12029724347 21834288
M04,multi_destination,2,2026-05-08T18:30:00,Fri 18:30,EDSA-Ortigas,8337-Ayala NB 1-PTZ,"14.593441,121.058284","14.550071,121.029408",True,,mixed,0,0,0,"14.601465,121.058574 | 14.596305,121.059377 | 14.555289,121.035289",,"14.601465,121.058574 | 14.596305,121.059377 | 14.555289,121.035289",,21834288 96349148 305118198 96349145 96349143 96352275 68902574 68902573 88771457 5285161657 5285161656 5288982109 12029158386 313926476 313926605 3775184570 3775184569 3775184564 570700035,21834288 96349148 305118198 96349145 96349143 96352275 68902574 68902573 88771457 5285161657 5285161656 5288982109 12029158386 313926476 313926605 3775184570 3775184569 3775184564 570700035
M05,multi_destination,1,2026-05-11T07:15:00,Mon 07:15,EDSA-Regalia (P. Tuazon),EDSA-Kamuning,"14.616467,121.052300","14.630706,121.045708",True,,iaco,0,0,0,"14.618177,121.051835 | 14.620445,121.050807 | 14.621861,121.050158 | 14.624043,121.049075 | 14.627459,121.047540 | 14.628555,121.047031",,"14.618177,121.051835 | 14.620445,121.050807 | 14.621861,121.050158 | 14.624043,121.049075 | 14.627459,121.047540 | 14.628555,121.047031",,973552665 973552682 5731638971 2397945844 720696446 720702081 679547473 2370264844 33471553 523962960 523961397 973541489 957845503 512091457 24079238 5472104745 24078839,973552665 973552682 5731638971 2397945844 720696446 720702081 679547473 2370264844 33471553 523962960 523961397 973541489 957845503 512091457 24079238 5472104745 24078839
M05,multi_destination,2,2026-05-11T07:15:00,Mon 07:15,EDSA-Kamuning,EDSA-Aurora,"14.630706,121.045708","14.622476,121.053329",False,,iaco,0,0,0,"14.628785,121.046652 | 14.627324,121.047330 | 14.625623,121.048108 | 14.623458,121.049075 | 14.621574,121.049958 | 14.622172,121.051643",,"14.628785,121.046652 | 14.627324,121.047330 | 14.625623,121.048108 | 14.623458,121.049075 | 14.621574,121.049958 | 14.622197,121.051699",,24078839 1377334723 305099887 962951230 962951247 1075205320 12080025022 40826229 333526141 316156993 523963095 29523876 523958868 33471553 523959260 5575063133 3908188110 32519354 32519348,24078839 1377334723 305099887 962951230 962951247 1075205320 12080025022 40826229 333526141 316156993 523963095 29523876 523958868 33471553 523959260 5575063133 5575063134 8708136038 8708136037 32519348
M06,multi_destination,1,2026-05-11T07:45:00,Mon 07:45,EDSA-Quezon Ave,EDSA-Regalia (P. Tuazon),"14.644204,121.037738","14.616467,121.052300",False,,iaco,0,0,0,"14.641586,121.039089 | 14.637117,121.041984 | 14.633128,121.044514 | 14.628785,121.046652 | 14.624177,121.048791 | 14.621206,121.050123",,"14.641586,121.039089 | 14.637117,121.041984 | 14.633128,121.044514 | 14.628785,121.046652 | 14.624177,121.048791 | 14.621206,121.050123",,286082780 286082839 9883466496 2467398191 298098895 5383119712 288458254 5282138764 286083465 1418830464 286083466 4879643696 246782846 6622286349 5292825911 5472105349 5427170390 817088410 24081884 462068195 24078839 1377334723 305099887 962951230 962951247 1075205320 12080025022 40826229 333526141 316156993 523963095 29523876 523958868 2370264845 12606354248 7418236940 8657082065 246783235 5731638965 973552665,286082780 286082839 6054242042 9883466502 6054242043 2467398191 298098895 5383119712 288458254 5282138764 286083465 1418830464 286083466 4879643696 246782846 6622286349 5292825911 5472105349 5427170390 817088410 24081884 462068195 24078839 1377334723 305099887 962951230 962951247 1075205320 12080025022 40826229 333526141 316156993 523963095 29523876 523958868 2370264845 12606354248 7418236940 8657082065 246783235 5731638965 973552665
M06,multi_destination,2,2026-05-11T07:45:00,Mon 07:45,EDSA-Regalia (P. Tuazon),EDSA-Aurora,"14.616467,121.052300","14.622476,121.053329",False,,iaco,0,0,0,"14.616777,121.052488 | 14.619012,121.053211 | 14.619129,121.053243 | 14.621015,121.052274 | 14.621789,121.051891",,"14.618177,121.051835 | 14.620401,121.050936 | 14.620445,121.050807 | 14.621872,121.050939 | 14.622197,121.051699",,973552665 973552682 5731638971 2397945844 720693849 720697062 316157080 720702285 32519344 32519354 32519348,973552665 973552682 5731638971 2397945844 720696446 720702081 10678257554 720702280 32519357 10678257553 679547473 2370264844 33471553 523959260 5575063133 5575063134 8708136038 8708136037 32519348
M07,multi_destination,1,2026-05-11T08:20:00,Mon 08:20,EDSA-Regalia (P. Tuazon),EDSA-Quezon Ave,"14.616467,121.052300","14.644204,121.037738",False,,mixed,0,0,0,"14.620356,121.050850 | 14.624043,121.049075 | 14.628555,121.047031 | 14.635158,121.043557 | 14.637265,121.042173 | 14.641266,121.039583",,"14.620356,121.050850 | 14.624043,121.049075 | 14.628555,121.047031 | 14.632767,121.045127 | 14.637265,121.042173 | 14.641266,121.039583",,973552665 973552682 5731638971 2397945844 720696446 720702081 679547473 2370264844 33471553 523962960 523961397 973541489 957845503 512091457 24079238 681146586 249226767 4879643711 7899078632 7965461283 9883466514 312264218 5383119711 286082780,973552665 973552682 5731638971 2397945844 720696446 720702081 679547473 2370264844 33471553 523962960 523961397 973541489 957845503 512091457 24079238 5472104745 1497962778 24081972 243461145 12132580801 224865426 3666796561 5472105348 681146586 249226767 4879643711 7899078632 7965461283 9883466514 312264218 5383119711 286082780
M07,multi_destination,2,2026-05-11T08:20:00,Mon 08:20,EDSA-Quezon Ave,8337-Ayala NB 1-PTZ,"14.644204,121.037738","14.550071,121.029408",False,,mixed,0,0,0,"14.630706,121.045708 | 14.616687,121.052195 | 14.601666,121.059111 | 14.596305,121.059377 | 14.555289,121.035289",,"14.628785,121.046652 | 14.614891,121.053080 | 14.601666,121.059111 | 14.596305,121.059377 | 14.555289,121.035289",,286082780 286082839 9883466496 2467398191 298098895 5383119712 288458254 5282138764 286083465 1418830464 286083466 4879643696 246782846 6622286349 5292825911 5472105349 5427170390 817088410 24081884 462068195 24078839 1377334723 305099887 962951230 962951247 1075205320 12080025022 40826229 333526141 316156993 523963095 29523876 523958868 2370264845 12606354248 7418236940 8657082065 246783235 5731638965 973552665 973552605 333524088 88787349 2467729098 5286171962 61679564 68901115 88771457 5285161657 5285161656 5288982109 12029158386 313926476 313926605 3775184570 3775184569 3775184564 570700035,286082780 286082839 9883466496 2467398191 298098895 5383119712 288458254 5282138764 286083465 1418830464 286083466 4879643696 246782846 6622286349 305099887 962951230 962951247 1075205320 12080025022 40826229 333526141 333524088 88787349 2467729098 5286171962 61679564 68901115 88771457 5285161657 5285161656 5288982109 12029158386 313926476 313926605 3775184570 3775184569 3775184564 570700035
M08,multi_destination,1,2026-05-11T17:20:00,Mon 17:20,EDSA-Aurora,EDSA-Kamuning,"14.622476,121.053329","14.630706,121.045708",False,,mixed,0,0,0,"14.622197,121.051699 | 14.623220,121.051210 | 14.626314,121.049702 | 14.626038,121.049080 | 14.627459,121.047540 | 14.628555,121.047031",,"14.623049,121.053217 | 14.622298,121.051622 | 14.621861,121.050158 | 14.625726,121.048331 | 14.627459,121.047540 | 14.628555,121.047031",,32519348 32519354 5575063134 12029565569 32285111 32090498 32088849 32088848 32088717 512091457 24079238 5472104745 24078839,32519348 12026915269 589927748 589927807 203262534 8437170694 203262564 203262589 32285111 523962960 523961397 973541489 957845503 512091457 24079238 5472104745 24078839
M08,multi_destination,2,2026-05-11T17:20:00,Mon 17:20,EDSA-Kamuning,EDSA-Shaw,"14.630706,121.045708","14.580878,121.053531",False,,mixed,0,0,0,"14.623458,121.049075 | 14.614481,121.053270 | 14.606256,121.057054 | 14.597583,121.059574 | 14.589082,121.056997 | 14.581600,121.053654",,"14.624177,121.048791 | 14.614481,121.053270 | 14.606256,121.057054 | 14.597583,121.059574 | 14.589082,121.056997 | 14.581600,121.053654",,24078839 1377334723 305099887 962951230 962951247 1075205320 12080025022 40826229 333526141 316156993 523963095 29523876 523958868 2370264845 12606354248 7418236940 8657082065 246783235 5731638965 973552665 973552605 333524088 88787349 2467729098 5286171962 61679564 68901115 88771457 5285161657 4242563043 12029724348 11969230005 11969230004 11969230003 11969230002 5286257643 5286257642 11668730945 5286257621 321553342 12067613 8459730704 186466037 7244807594 331134097 92300703 8462613403 334102352 1595999435 88904189 8383619604 334102245 6387606871 994339253 8462613410,24078839 1377334723 305099887 962951230 962951247 1075205320 12080025022 40826229 333526141 333524088 88787349 2467729098 5286171962 61679564 68901115 88771457 5285161657 4242563043 12029724347 21834288 88772467 321554358 11668730945 5286257621 321553342 12067613 8459730704 186466037 7244807594 331134097 92300703 8462613403 334102352 1595999435 88904189 8383619604 334102245 6387606871 994339253 8462613410
M09,multi_destination,1,2026-05-11T17:45:00,Mon 17:45,EDSA-Kamuning,EDSA-Shaw,"14.630706,121.045708","14.580878,121.053531",False,,mixed,0,0,0,"14.623458,121.049075 | 14.614481,121.053270 | 14.606256,121.057054 | 14.597583,121.059574 | 14.589082,121.056997 | 14.581600,121.053654",,"14.624177,121.048791 | 14.614481,121.053270 | 14.606256,121.057054 | 14.597583,121.059574 | 14.589082,121.056997 | 14.581600,121.053654",,24078839 1377334723 305099887 962951230 962951247 1075205320 12080025022 40826229 333526141 316156993 523963095 29523876 523958868 2370264845 12606354248 7418236940 8657082065 246783235 5731638965 973552665 973552605 333524088 88787349 2467729098 5286171962 61679564 68901115 88771457 5285161657 4242563043 12029724348 11969230005 11969230004 11969230003 11969230002 5286257643 5286257642 11668730945 5286257621 321553342 12067613 8459730704 186466037 7244807594 331134097 92300703 8462613403 334102352 1595999435 88904189 8383619604 334102245 6387606871 994339253 8462613410,24078839 1377334723 305099887 962951230 962951247 1075205320 12080025022 40826229 333526141 333524088 88787349 2467729098 5286171962 61679564 68901115 88771457 5285161657 4242563043 12029724347 21834288 88772467 321554358 11668730945 5286257621 321553342 12067613 8459730704 186466037 7244807594 331134097 92300703 8462613403 334102352 1595999435 88904189 8383619604 334102245 6387606871 994339253 8462613410
M09,multi_destination,2,2026-05-11T17:45:00,Mon 17:45,EDSA-Shaw,EDSA-Ortigas,"14.580878,121.053531","14.593441,121.058284",True,,mixed,0,0,0,"14.581255,121.053803 | 14.584244,121.055635 | 14.587029,121.056564 | 14.588780,121.057128 | 14.589361,121.057395 | 14.592277,121.058351",,"14.581255,121.053803 | 14.584244,121.055635 | 14.587029,121.056564 | 14.588780,121.057128 | 14.589361,121.057395 | 14.592277,121.058351",,8462613410 92300703 7244807582 186466010 1909558882 88798869 1740120869 2013381877 4242563000 252179221 11961376362 1735964860 321554297 321551795 88772903 29098405 11969230003 11969230001 21834288,8462613410 92300703 7244807582 186466010 1909558882 88798869 1740120869 2013381877 4242563000 252179221 11961376362 1735964860 321554297 321551795 88772903 29098405 11969230003 11969230001 21834288
M10,multi_destination,1,2026-05-13T07:10:00,Wed 07:10,8337-Ayala NB 1-PTZ,EDSA-Ortigas,"14.550071,121.029408","14.593441,121.058284",False,,iaco,1,0,0,"14.554903,121.035090 | 14.557497,121.038096 | 14.588780,121.057128",,"14.554903,121.035090 | 14.557497,121.038096 | 14.588780,121.057128",,570700035 2697093716 313870591 316969133 24077626 24078211 321326397 6651749029 313872522 313474007 313474131 12042058198 313474145 4242563000 252179221 11961376362 1735964860 321554297 321551795 88772903 29098405 11969230003 11969230001 21834288,570700035 2697093716 313870591 316969133 24077626 24078211 321326397 6651749029 313872522 313474007 313474131 12042058198 313474145 4242563000 11961376363 11961376362 1735964860 321554297 321551795 88772903 29098405 11969230003 11969230001 21834288
M10,multi_destination,2,2026-05-13T07:10:00,Wed 07:10,EDSA-Ortigas,EDSA-Shaw,"14.593441,121.058284","14.580878,121.053531",False,,iaco,1,0,0,"14.591307,121.057621 | 14.587549,121.056455 | 14.584518,121.055476 | 14.581600,121.053654 | 14.579646,121.055337 | 14.578879,121.053066",,"14.587549,121.056455 | 14.581600,121.053654 | 14.584244,121.055635 | 14.581293,121.057891 | 14.576469,121.055809 | 14.576542,121.052715",,21834288 88772467 321554358 11668730945 5286257621 321553342 12067613 8459730704 186466037 7244807594 331134097 92300703 8462613403 334102352 1595999435 88904189 8383619604 334102245 6387606871 994339253 8462613410,21834288 88772467 321554358 11668730945 5286257621 321553342 12067613 8459730704 186466037 7244807594 331134097 92300703 7244807582 186466010 1909558882 321305921 95516147 332517749 5878383767 95513739 10861375319 88901093 92301121 11956578214 32476370 11958493326 8383619604 9859168247 5313629850 5313629849 962953432 88901373 994339253 8462613410
M11,multi_destination,1,2026-05-13T17:30:00,Wed 17:30,8337-Ayala NB 1-PTZ,EDSA-Shaw,"14.550071,121.029408","14.580878,121.053531",True,,mixed,1,2,2,"14.556960,121.037489 | 14.557497,121.038096 | 14.588780,121.057128 | 14.592277,121.058351 | 14.584518,121.055476",,"14.556960,121.037489 | 14.557497,121.038096 | 14.588780,121.057128 | 14.592277,121.058351 | 14.584518,121.055476",,570700035 2697093716 313870591 316969133 24077626 24078211 321326397 6651749029 313872522 313474007 313474131 12042058198 313474145 4242563000 252179221 11961376362 1735964860 321554297 5286257643 5286257642 11668730945 5286257621 321553342 12067613 8459730704 186466037 7244807594 331134097 92300703 8462613403 334102352 1595999435 88904189 8383619604 334102245 6387606871 994339253 8462613410,570700035 2697093716 313870591 316969133 24077626 24078211 321326397 6651749029 313872522 313474007 313474131 12042058198 313474145 4242563000 252179221 11961376362 1735964860 321554297 5286257643 5286257642 11668730945 5286257621 321553342 12067613 8459730704 186466037 7244807594 331134097 92300703 8462613403 334102352 1595999435 88904189 8383619604 334102245 6387606871 994339253 8462613410
M11,multi_destination,2,2026-05-13T17:30:00,Wed 17:30,EDSA-Shaw,EDSA-Ortigas,"14.580878,121.053531","14.593441,121.058284",True,,mixed,1,2,2,"14.581255,121.053803 | 14.584244,121.055635 | 14.587029,121.056564 | 14.588780,121.057128 | 14.589361,121.057395 | 14.592277,121.058351",,"14.581255,121.053803 | 14.584244,121.055635 | 14.587029,121.056564 | 14.588780,121.057128 | 14.589361,121.057395 | 14.592277,121.058351",,8462613410 92300703 7244807582 186466010 1909558882 88798869 1740120869 2013381877 4242563000 252179221 11961376362 1735964860 321554297 321551795 88772903 29098405 11969230003 11969230001 21834288,8462613410 92300703 7244807582 186466010 1909558882 88798869 1740120869 2013381877 4242563000 252179221 11961376362 1735964860 321554297 321551795 88772903 29098405 11969230003 11969230001 21834288
M12,multi_destination,1,2026-05-13T18:05:00,Wed 18:05,EDSA-Quezon Ave,EDSA-Aurora,"14.644204,121.037738","14.622476,121.053329",False,,iaco,0,0,0,"14.641586,121.039089 | 14.637117,121.041984 | 14.635030,121.043337 | 14.628785,121.046652 | 14.625623,121.048108 | 14.621748,121.049865",,"14.641586,121.039089 | 14.637117,121.041984 | 14.633067,121.043511 | 14.630984,121.046646 | 14.629736,121.049140 | 14.627049,121.051364",,286082780 286082839 9883466496 2467398191 298098895 5383119712 288458254 5282138764 286083465 1418830464 286083466 4879643696 246782846 6622286349 305099887 962951230 962951247 1075205320 12080025022 40826229 333526141 316156993 523963095 29523876 523958868 33471553 523959260 5575063133 5575063134 8708136038 8708136037 32519348,286082780 286082839 6054242042 9883466502 9883466496 2467398191 298098895 5383119712 288458254 5282138764 286083465 1418830464 286083466 4879643696 246782846 246783371 224865556 13242766408 764036747 764036763 1054417187 24081884 462068195 24078839 5472104745 243458617 32569986 32088514 32088515 32088516 32088517 32088518 48752724 5320266644 26082690 32088853 32088852 32089044 8437170694 203262694 8708136037 32519348
M12,multi_destination,2,2026-05-13T18:05:00,Wed 18:05,EDSA-Aurora,EDSA-Regalia (P. Tuazon),"14.622476,121.053329","14.616467,121.052300",True,,iaco,0,0,0,"14.621684,121.053724 | 14.619834,121.054639 | 14.619746,121.054667 | 14.618143,121.055322 | 14.617121,121.054599 | 14.616464,121.053576",,"14.621684,121.053724 | 14.619834,121.054639 | 14.619746,121.054667 | 14.618143,121.055322 | 14.617121,121.054599 | 14.616464,121.053576",,32519348 3299171847 720703224 32519350 720695545 32519416 8594864824 8594864823 60093157 5286026336 11956219762 973552682 973552665,32519348 3299171847 720703224 32519350 720695545 32519416 8594864824 8594864823 60093157 5286026336 11956219762 973552682 973552665
M13,multi_destination,1,2026-05-15T08:20:00,Fri 08:20,EDSA-Kamuning,8337-Ayala NB 1-PTZ,"14.630706,121.045708","14.550071,121.029408",False,,shortest_distance,0,0,0,"14.617976,121.051603 | 14.606256,121.057054 | 14.596305,121.059377 | 14.555289,121.035289",,"14.614891,121.053080 | 14.606256,121.057054 | 14.596305,121.059377 | 14.555289,121.035289",,24078839 1377334723 305099887 962951230 962951247 1075205320 12080025022 40826229 333526141 316156993 523963095 29523876 523958868 2370264845 12606354248 7418236940 8657082065 246783235 5731638965 973552665 973552605 333524088 88787349 2467729098 5286171962 61679564 68901115 88771457 5285161657 5285161656 5288982109 12029158386 313926476 313926605 3775184570 3775184569 3775184564 570700035,24078839 1377334723 305099887 962951230 962951247 1075205320 12080025022 40826229 333526141 333524088 88787349 2467729098 5286171962 61679564 68901115 88771457 5285161657 5285161656 5288982109 12029158386 313926476 313926605 3775184570 3775184569 3775184564 570700035
M13,multi_destination,2,2026-05-15T08:20:00,Fri 08:20,8337-Ayala NB 1-PTZ,EDSA-Shaw,"14.550071,121.029408","14.580878,121.053531",True,,shortest_distance,0,0,0,"14.556960,121.037489 | 14.557497,121.038096 | 14.588780,121.057128 | 14.592277,121.058351 | 14.584518,121.055476",,"14.556960,121.037489 | 14.557497,121.038096 | 14.588780,121.057128 | 14.592277,121.058351 | 14.584518,121.055476",,570700035 2697093716 313870591 316969133 24077626 24078211 321326397 6651749029 313872522 313474007 313474131 12042058198 313474145 4242563000 252179221 11961376362 1735964860 321554297 5286257643 5286257642 11668730945 5286257621 321553342 12067613 8459730704 186466037 7244807594 331134097 92300703 8462613403 334102352 1595999435 88904189 8383619604 334102245 6387606871 994339253 8462613410,570700035 2697093716 313870591 316969133 24077626 24078211 321326397 6651749029 313872522 313474007 313474131 12042058198 313474145 4242563000 252179221 11961376362 1735964860 321554297 5286257643 5286257642 11668730945 5286257621 321553342 12067613 8459730704 186466037 7244807594 331134097 92300703 8462613403 334102352 1595999435 88904189 8383619604 334102245 6387606871 994339253 8462613410
M14,multi_destination,1,2026-05-15T08:30:00,Fri 08:30,EDSA-Aurora,EDSA-Regalia (P. Tuazon),"14.622476,121.053329","14.616467,121.052300",False,,iaco,0,0,0,"14.621684,121.053724 | 14.619834,121.054639 | 14.619746,121.054667 | 14.618143,121.055322 | 14.617121,121.054599 | 14.616464,121.053576",,"14.622334,121.054642 | 14.621684,121.053724 | 14.619834,121.054639 | 14.618143,121.055322 | 14.617440,121.055066 | 14.616464,121.053576",,32519348 3299171847 720703224 32519350 720695545 32519416 8594864824 8594864823 60093157 5286026336 11956219762 973552682 973552665,32519348 12026915269 589927748 7400320998 8595192520 589927746 3299171847 720703224 32519350 720695545 32519416 8594864824 8594864823 60093157 5286026336 11956219762 973552682 973552665
M14,multi_destination,2,2026-05-15T08:30:00,Fri 08:30,EDSA-Regalia (P. Tuazon),EDSA-Ortigas,"14.616467,121.052300","14.593441,121.058284",True,,iaco,0,0,0,"14.614048,121.053468 | 14.609081,121.055744 | 14.606256,121.057054 | 14.601666,121.059111 | 14.597111,121.059515",,"14.614048,121.053468 | 14.609081,121.055744 | 14.606256,121.057054 | 14.601666,121.059111 | 14.597111,121.059515",,973552665 973552605 333524088 88787349 2467729098 5286171962 61679564 68901115 88771457 5285161657 4242563043 12029724347 21834288,973552665 973552605 333524088 88787349 2467729098 5286171962 61679564 68901115 88771457 5285161657 4242563043 12029724347 21834288
M15,multi_destination,1,2026-05-15T18:10:00,Fri 18:10,EDSA-Kamuning,EDSA-Quezon Ave,"14.630706,121.045708","14.644204,121.037738",True,,iaco,4,0,0,"14.632767,121.045127 | 14.633903,121.044396 | 14.637265,121.042173 | 14.638400,121.041434 | 14.641266,121.039583",,"14.632767,121.045127 | 14.633903,121.044396 | 14.637265,121.042173 | 14.638400,121.041434 | 14.641266,121.039583",,24078839 5472104745 1497962778 24081972 243461145 12132580801 224865426 3666796561 5472105348 681146586 249226767 4879643711 7899078632 7965461283 9883466514 312264218 5383119711 286082780,24078839 5472104745 1497962778 24081972 243461145 12132580801 224865426 3666796561 5472105348 681146586 249226767 4879643711 7899078632 7965461283 9883466514 312264218 5383119711 286082780
M15,multi_destination,2,2026-05-15T18:10:00,Fri 18:10,EDSA-Quezon Ave,EDSA-Regalia (P. Tuazon),"14.644204,121.037738","14.616467,121.052300",False,,iaco,4,0,0,"14.641586,121.039089 | 14.637117,121.041984 | 14.635030,121.043337 | 14.628785,121.046652 | 14.624177,121.048791 | 14.621206,121.050123",,"14.641586,121.039089 | 14.637117,121.041984 | 14.635030,121.043337 | 14.628785,121.046652 | 14.624177,121.048791 | 14.621206,121.050123",,286082780 286082839 9883466496 2467398191 298098895 5383119712 288458254 5282138764 286083465 1418830464 286083466 4879643696 246782846 6622286349 305099887 962951230 962951247 1075205320 12080025022 40826229 333526141 316156993 523963095 29523876 523958868 2370264845 12606354248 7418236940 8657082065 246783235 5731638965 973552665,286082780 286082839 6054242042 9883466502 6054242043 2467398191 298098895 5383119712 288458254 5282138764 286083465 1418830464 286083466 4879643696 246782846 6622286349 305099887 962951230 962951247 1075205320 12080025022 40826229 333526141 316156993 523963095 29523876 523958868 2370264845 12606354248 7418236940 8657082065 246783235 5731638965 973552665
M16,multi_destination,1,2026-05-15T18:20:00,Fri 18:20,8337-Ayala NB 1-PTZ,EDSA-Shaw,"14.550071,121.029408","14.580878,121.053531",True,,mixed,4,0,0,"14.556960,121.037489 | 14.557497,121.038096 | 14.588780,121.057128 | 14.592277,121.058351 | 14.584518,121.055476",,"14.556960,121.037489 | 14.557497,121.038096 | 14.588780,121.057128 | 14.592277,121.058351 | 14.584518,121.055476",,570700035 2697093716 313870591 316969133 24077626 24078211 321326397 6651749029 313872522 313474007 313474131 12042058198 313474145 4242563000 252179221 11961376362 1735964860 321554297 5286257643 5286257642 11668730945 5286257621 321553342 12067613 8459730704 186466037 7244807594 331134097 92300703 8462613403 334102352 1595999435 88904189 8383619604 334102245 6387606871 994339253 8462613410,570700035 2697093716 313870591 316969133 24077626 24078211 321326397 6651749029 313872522 313474007 313474131 12042058198 313474145 4242563000 252179221 11961376362 1735964860 321554297 5286257643 5286257642 11668730945 5286257621 321553342 12067613 8459730704 186466037 7244807594 331134097 92300703 8462613403 334102352 1595999435 88904189 8383619604 334102245 6387606871 994339253 8462613410
M16,multi_destination,2,2026-05-15T18:20:00,Fri 18:20,EDSA-Shaw,EDSA-Ortigas,"14.580878,121.053531","14.593441,121.058284",True,,mixed,4,0,0,"14.581255,121.053803 | 14.584244,121.055635 | 14.587029,121.056564 | 14.588780,121.057128 | 14.589361,121.057395 | 14.592277,121.058351",,"14.581255,121.053803 | 14.584244,121.055635 | 14.587029,121.056564 | 14.588780,121.057128 | 14.589361,121.057395 | 14.592277,121.058351",,8462613410 92300703 7244807582 186466010 1909558882 88798869 1740120869 2013381877 4242563000 252179221 11961376362 1735964860 321554297 321551795 88772903 29098405 11969230003 11969230001 21834288,8462613410 92300703 7244807582 186466010 1909558882 88798869 1740120869 2013381877 4242563000 252179221 11961376362 1735964860 321554297 321551795 88772903 29098405 11969230003 11969230001 21834288
M17,multi_destination,1,2026-05-18T07:15:00,Mon 07:15,EDSA-Quezon Ave,EDSA-Ortigas,"14.644204,121.037738","14.593441,121.058284",False,,mixed,2,0,0,"14.637117,121.041984 | 14.628785,121.046652 | 14.623458,121.049075 | 14.616126,121.052454 | 14.609081,121.055744 | 14.601666,121.059111",,"14.637117,121.041984 | 14.628785,121.046652 | 14.624177,121.048791 | 14.614891,121.053080 | 14.609081,121.055744 | 14.601666,121.059111",,286082780 286082839 9883466496 2467398191 298098895 5383119712 288458254 5282138764 286083465 1418830464 286083466 4879643696 246782846 6622286349 305099887 962951230 962951247 1075205320 12080025022 40826229 333526141 316156993 523963095 29523876 523958868 2370264845 12606354248 7418236940 8657082065 246783235 5731638965 973552665 973552605 333524088 88787349 2467729098 5286171962 61679564 68901115 88771457 5285161657 4242563043 12029724347 21834288,286082780 286082839 9883466496 2467398191 298098895 5383119712 288458254 5282138764 286083465 1418830464 286083466 4879643696 246782846 6622286349 305099887 962951230 962951247 1075205320 12080025022 40826229 333526141 333524088 88787349 2467729098 5286171962 61679564 68901115 88771457 5285161657 4242563043 12029724347 21834288
M17,multi_destination,2,2026-05-18T07:15:00,Mon 07:15,EDSA-Ortigas,8337-Ayala NB 1-PTZ,"14.593441,121.058284","14.550071,121.029408",True,,mixed,2,0,0,"14.601465,121.058574 | 14.596305,121.059377 | 14.555289,121.035289",,"14.601465,121.058574 | 14.596305,121.059377 | 14.555289,121.035289",,21834288 96349148 305118198 96349145 96349143 96352275 68902574 68902573 88771457 5285161657 5285161656 5288982109 12029158386 313926476 313926605 3775184570 3775184569 3775184564 570700035,21834288 96349148 305118198 96349145 96349143 96352275 68902574 68902573 88771457 5285161657 5285161656 5288982109 12029158386 313926476 313926605 3775184570 3775184569 3775184564 570700035
M18,multi_destination,1,2026-05-18T17:20:00,Mon 17:20,EDSA-Regalia (P. Tuazon),EDSA-Aurora,"14.616467,121.052300","14.622476,121.053329",False,,mixed,1,0,0,"14.616777,121.052488 | 14.619012,121.053211 | 14.619129,121.053243 | 14.621015,121.052274 | 14.621789,121.051891",,"14.616777,121.052488 | 14.618177,121.051835 | 14.620356,121.050850 | 14.620759,121.051505 | 14.621872,121.050939 | 14.622197,121.051699",,973552665 973552682 5731638971 2397945844 720693849 720697062 316157080 720702285 32519344 32519354 32519348,973552665 973552682 5731638971 2397945844 720696446 720702081 10678257554 720702280 32519357 523959260 5575063133 5575063134 8708136038 8708136037 32519348
M18,multi_destination,2,2026-05-18T17:20:00,Mon 17:20,EDSA-Aurora,8337-Ayala NB 1-PTZ,"14.622476,121.053329","14.550071,121.029408",True,,mixed,1,0,0,"14.614048,121.053468 | 14.601666,121.059111 | 14.596305,121.059377 | 14.555289,121.035289",,"14.614048,121.053468 | 14.601666,121.059111 | 14.596305,121.059377 | 14.555289,121.035289",,32519348 3299171847 720703224 32519350 720695545 32519416 8594864824 8594864823 60093157 5286026336 11956219762 973552682 973552665 973552605 333524088 88787349 2467729098 5286171962 61679564 68901115 88771457 5285161657 5285161656 5288982109 12029158386 313926476 313926605 3775184570 3775184569 3775184564 570700035,32519348 3299171847 720703224 32519350 720695545 32519416 8594864824 8594864823 60093157 5286026336 11956219762 973552682 973552665 973552605 333524088 88787349 2467729098 5286171962 61679564 68901115 88771457 5285161657 5285161656 5288982109 12029158386 313926476 313926605 3775184570 3775184569 3775184564 570700035
M19,multi_destination,1,2026-05-18T18:05:00,Mon 18:05,EDSA-Kamuning,8337-Ayala NB 1-PTZ,"14.630706,121.045708","14.550071,121.029408",False,,mixed,0,0,0,"14.617976,121.051603 | 14.606256,121.057054 | 14.596305,121.059377 | 14.555289,121.035289",,"14.614891,121.053080 | 14.606256,121.057054 | 14.596305,121.059377 | 14.555289,121.035289",,24078839 1377334723 305099887 962951230 962951247 1075205320 12080025022 40826229 333526141 316156993 523963095 29523876 523958868 2370264845 12606354248 7418236940 8657082065 246783235 5731638965 973552665 973552605 333524088 88787349 2467729098 5286171962 61679564 68901115 88771457 5285161657 5285161656 5288982109 12029158386 313926476 313926605 3775184570 3775184569 3775184564 570700035,24078839 1377334723 305099887 962951230 962951247 1075205320 12080025022 40826229 333526141 333524088 88787349 2467729098 5286171962 61679564 68901115 88771457 5285161657 5285161656 5288982109 12029158386 313926476 313926605 3775184570 3775184569 3775184564 570700035
M19,multi_destination,2,2026-05-18T18:05:00,Mon 18:05,8337-Ayala NB 1-PTZ,EDSA-Ortigas,"14.550071,121.029408","14.593441,121.058284",False,,mixed,0,0,0,"14.554903,121.035090 | 14.557497,121.038096 | 14.588780,121.057128",,"14.555219,121.035354 | 14.557497,121.038096 | 14.588780,121.057128",,570700035 2697093716 313870591 316969133 24077626 24078211 321326397 6651749029 313872522 313474007 313474131 12042058198 313474145 4242563000 252179221 11961376362 1735964860 321554297 321551795 88772903 29098405 11969230003 11969230001 21834288,570700035 2697093716 313870591 316969133 24077626 24078211 12029158381 313872522 313474007 313474131 12042058198 313474145 4242563000 11961376363 11961376362 1735964860 321554297 321551795 88772903 29098405 11969230003 11969230001 21834288
M20,multi_destination,1,2026-05-18T18:30:00,Mon 18:30,EDSA-Regalia (P. Tuazon),EDSA-Ortigas,"14.616467,121.052300","14.593441,121.058284",True,,iaco,2,0,0,"14.614048,121.053468 | 14.609081,121.055744 | 14.606256,121.057054 | 14.601666,121.059111 | 14.597111,121.059515",,"14.614048,121.053468 | 14.609081,121.055744 | 14.606256,121.057054 | 14.601666,121.059111 | 14.597111,121.059515",,973552665 973552605 333524088 88787349 2467729098 5286171962 61679564 68901115 88771457 5285161657 4242563043 12029724347 21834288,973552665 973552605 333524088 88787349 2467729098 5286171962 61679564 68901115 88771457 5285161657 4242563043 12029724347 21834288
M20,multi_destination,2,2026-05-18T18:30:00,Mon 18:30,EDSA-Ortigas,EDSA-Shaw,"14.593441,121.058284","14.580878,121.053531",False,,iaco,2,0,0,"14.591307,121.057621 | 14.587549,121.056455 | 14.584518,121.055476 | 14.581600,121.053654 | 14.579646,121.055337 | 14.578879,121.053066",,"14.589082,121.056997 | 14.584518,121.055476 | 14.581375,121.053499 | 14.578867,121.056332 | 14.578045,121.053995 | 14.577642,121.051180",,21834288 88772467 321554358 11668730945 5286257621 321553342 12067613 8459730704 186466037 7244807594 331134097 92300703 8462613403 334102352 1595999435 88904189 8383619604 334102245 6387606871 994339253 8462613410,21834288 88772467 321554358 11668730945 5286257621 321553342 12067613 8459730704 186466037 7244807594 331134097 92300703 8462613403 334102352 1595999435 88904189 5831362407 334108288 92301121 11956578214 32476370 11958493326 8383619604 9859168247 5313629850 5313629849 962953432 88901373 994339253 8462613410
M21,multi_destination,1,2026-05-20T07:25:00,Wed 07:25,EDSA-Aurora,EDSA-Regalia (P. Tuazon),"14.622476,121.053329","14.616467,121.052300",False,,iaco,1,0,0,"14.621684,121.053724 | 14.619834,121.054639 | 14.619746,121.054667 | 14.618143,121.055322 | 14.617121,121.054599 | 14.616464,121.053576",,"14.622334,121.054642 | 14.621684,121.053724 | 14.619834,121.054639 | 14.618143,121.055322 | 14.617440,121.055066 | 14.616464,121.053576",,32519348 3299171847 720703224 32519350 720695545 32519416 8594864824 8594864823 60093157 5286026336 11956219762 973552682 973552665,32519348 12026915269 589927748 7400320998 8595192520 589927746 3299171847 720703224 32519350 720695545 32519416 8594864824 8594864823 60093157 5286026336 11956219762 973552682 973552665
M21,multi_destination,2,2026-05-20T07:25:00,Wed 07:25,EDSA-Regalia (P. Tuazon),EDSA-Shaw,"14.616467,121.052300","14.580878,121.053531",False,,iaco,1,0,0,"14.609081,121.055744 | 14.606256,121.057054 | 14.597583,121.059574 | 14.591307,121.057621 | 14.584518,121.055476 | 14.580332,121.054526",,"14.609081,121.055744 | 14.602060,121.057718 | 14.594173,121.057285 | 14.587549,121.056455 | 14.580952,121.053847 | 14.578045,121.053995",,973552665 973552605 333524088 88787349 2467729098 5286171962 61679564 68901115 88771457 5285161657 4242563043 12029724348 11969230005 11969230004 11969230003 11969230002 5286257643 5286257642 11668730945 5286257621 321553342 12067613 8459730704 186466037 7244807594 331134097 92300703 8462613403 334102352 1595999435 88904189 8383619604 334102245 6387606871 994339253 8462613410,973552665 973552605 333524088 88787349 2467729098 5286171962 61679564 96348868 12029288044 12029288041 2089476099 96350199 12029557279 12029557281 68902574 96352275 96349143 96349145 305118198 96349148 4242563042 4242563038 88772445 321554358 11668730945 5286257621 321553342 12067613 8459730704 186466037 7244807594 331134097 92300703 8462613403 334102352 1595999435 88904189 5831362407 334108288 92301121 11956578214 32476370 11958493326 8383619604 9859168247 5313629850 5313629849 962953432 88901373 994339253 8462613410
M22,multi_destination,1,2026-05-20T07:50:00,Wed 07:50,EDSA-Regalia (P. Tuazon),EDSA-Shaw,"14.616467,121.052300","14.580878,121.053531",False,,mixed,0,0,0,"14.609081,121.055744 | 14.606256,121.057054 | 14.597583,121.059574 | 14.591307,121.057621 | 14.584518,121.055476 | 14.580332,121.054526",,"14.609081,121.055744 | 14.602060,121.057718 | 14.594173,121.057285 | 14.587549,121.056455 | 14.580952,121.053847 | 14.578045,121.053995",,973552665 973552605 333524088 88787349 2467729098 5286171962 61679564 68901115 88771457 5285161657 4242563043 12029724348 11969230005 11969230004 11969230003 11969230002 5286257643 5286257642 11668730945 5286257621 321553342 12067613 8459730704 186466037 7244807594 331134097 92300703 8462613403 334102352 1595999435 88904189 8383619604 334102245 6387606871 994339253 8462613410,973552665 973552605 333524088 88787349 2467729098 5286171962 61679564 96348868 12029288044 12029288041 2089476099 96350199 12029557279 12029557281 68902574 96352275 96349143 96349145 305118198 96349148 4242563042 4242563038 88772445 321554358 11668730945 5286257621 321553342 12067613 8459730704 186466037 7244807594 331134097 92300703 8462613403 334102352 1595999435 88904189 5831362407 334108288 92301121 11956578214 32476370 11958493326 8383619604 9859168247 5313629850 5313629849 962953432 88901373 994339253 8462613410
M22,multi_destination,2,2026-05-20T07:50:00,Wed 07:50,EDSA-Shaw,8337-Ayala NB 1-PTZ,"14.580878,121.053531","14.550071,121.029408",True,,mixed,0,0,0,"14.592277,121.058351 | 14.601465,121.058574 | 14.596305,121.059377 | 14.555289,121.035289",,"14.592277,121.058351 | 14.601465,121.058574 | 14.596305,121.059377 | 14.555289,121.035289",,8462613410 92300703 7244807582 186466010 1909558882 88798869 1740120869 2013381877 4242563000 252179221 11961376362 1735964860 321554297 321551795 88772903 29098405 11969230003 11969230001 21834288 96349148 305118198 96349145 96349143 96352275 68902574 68902573 88771457 5285161657 5285161656 5288982109 12029158386 313926476 313926605 3775184570 3775184569 3775184564 570700035,8462613410 92300703 7244807582 186466010 1909558882 88798869 1740120869 2013381877 4242563000 252179221 11961376362 1735964860 321554297 321551795 88772903 29098405 11969230003 11969230001 21834288 96349148 305118198 96349145 96349143 96352275 68902574 68902573 88771457 5285161657 5285161656 5288982109 12029158386 313926476 313926605 3775184570 3775184569 3775184564 570700035
M23,multi_destination,1,2026-05-20T07:55:00,Wed 07:55,EDSA-Aurora,EDSA-Kamuning,"14.622476,121.053329","14.630706,121.045708",False,,mixed,0,0,0,"14.622197,121.051699 | 14.623220,121.051210 | 14.626314,121.049702 | 14.626038,121.049080 | 14.627459,121.047540 | 14.628555,121.047031",,"14.622197,121.051699 | 14.621861,121.050158 | 14.624043,121.049075 | 14.625726,121.048331 | 14.627459,121.047540 | 14.628555,121.047031",,32519348 32519354 5575063134 12029565569 32285111 32090498 32088849 32088848 32088717 512091457 24079238 5472104745 24078839,32519348 32519354 5575063134 12029565569 32285111 523962960 523961397 973541489 957845503 512091457 24079238 5472104745 24078839
M23,multi_destination,2,2026-05-20T07:55:00,Wed 07:55,EDSA-Kamuning,8337-Ayala NB 1-PTZ,"14.630706,121.045708","14.550071,121.029408",True,,mixed,0,0,0,"14.614891,121.053080 | 14.606256,121.057054 | 14.596305,121.059377 | 14.555289,121.035289",,"14.614891,121.053080 | 14.606256,121.057054 | 14.596305,121.059377 | 14.555289,121.035289",,24078839 1377334723 305099887 962951230 962951247 1075205320 12080025022 40826229 333526141 333524088 88787349 2467729098 5286171962 61679564 68901115 88771457 5285161657 5285161656 5288982109 12029158386 313926476 313926605 3775184570 3775184569 3775184564 570700035,24078839 1377334723 305099887 962951230 962951247 1075205320 12080025022 40826229 333526141 333524088 88787349 2467729098 5286171962 61679564 68901115 88771457 5285161657 5285161656 5288982109 12029158386 313926476 313926605 3775184570 3775184569 3775184564 570700035
M24,multi_destination,1,2026-05-20T07:55:00,Wed 07:55,EDSA-Regalia (P. Tuazon),EDSA-Quezon Ave,"14.616467,121.052300","14.644204,121.037738",True,,iaco,0,0,0,"14.620356,121.050850 | 14.624043,121.049075 | 14.628555,121.047031 | 14.632767,121.045127 | 14.637265,121.042173 | 14.641266,121.039583",,"14.620356,121.050850 | 14.624043,121.049075 | 14.628555,121.047031 | 14.632767,121.045127 | 14.637265,121.042173 | 14.641266,121.039583",,973552665 973552682 5731638971 2397945844 720696446 720702081 679547473 2370264844 33471553 523962960 523961397 973541489 957845503 512091457 24079238 5472104745 1497962778 24081972 243461145 12132580801 224865426 3666796561 5472105348 681146586 249226767 4879643711 7899078632 7965461283 9883466514 312264218 5383119711 286082780,973552665 973552682 5731638971 2397945844 720696446 720702081 679547473 2370264844 33471553 523962960 523961397 973541489 957845503 512091457 24079238 5472104745 1497962778 24081972 243461145 12132580801 224865426 3666796561 5472105348 681146586 249226767 4879643711 7899078632 7965461283 9883466514 312264218 5383119711 286082780
M24,multi_destination,2,2026-05-20T07:55:00,Wed 07:55,EDSA-Quezon Ave,EDSA-Kamuning,"14.644204,121.037738","14.630706,121.045708",True,,iaco,0,0,0,"14.643049,121.038071 | 14.641586,121.039089 | 14.639614,121.040364 | 14.637117,121.041984 | 14.634627,121.043515 | 14.633008,121.044594",,"14.643049,121.038071 | 14.641586,121.039089 | 14.639614,121.040364 | 14.637117,121.041984 | 14.634627,121.043515 | 14.633008,121.044594",,286082780 286082839 9883466496 2467398191 298098895 5383119712 288458254 5282138764 286083465 1418830464 286083466 4879643696 246782846 6622286349 5292825911 5472105349 5427170390 817088410 24081884 462068195 24078839,286082780 286082839 9883466496 2467398191 298098895 5383119712 288458254 5282138764 286083465 1418830464 286083466 4879643696 246782846 6622286349 5292825911 5472105349 5427170390 817088410 24081884 462068195 24078839
M25,multi_destination,1,2026-05-20T17:35:00,Wed 17:35,EDSA-Aurora,8337-Ayala NB 1-PTZ,"14.622476,121.053329","14.550071,121.029408",True,,shortest_distance,0,0,0,"14.614048,121.053468 | 14.601666,121.059111 | 14.596305,121.059377 | 14.555289,121.035289",,"14.614048,121.053468 | 14.601666,121.059111 | 14.596305,121.059377 | 14.555289,121.035289",,32519348 3299171847 720703224 32519350 720695545 32519416 8594864824 8594864823 60093157 5286026336 11956219762 973552682 973552665 973552605 333524088 88787349 2467729098 5286171962 61679564 68901115 88771457 5285161657 5285161656 5288982109 12029158386 313926476 313926605 3775184570 3775184569 3775184564 570700035,32519348 3299171847 720703224 32519350 720695545 32519416 8594864824 8594864823 60093157 5286026336 11956219762 973552682 973552665 973552605 333524088 88787349 2467729098 5286171962 61679564 68901115 88771457 5285161657 5285161656 5288982109 12029158386 313926476 313926605 3775184570 3775184569 3775184564 570700035
M25,multi_destination,2,2026-05-20T17:35:00,Wed 17:35,8337-Ayala NB 1-PTZ,EDSA-Shaw,"14.550071,121.029408","14.580878,121.053531",True,,shortest_distance,0,0,0,"14.556960,121.037489 | 14.557497,121.038096 | 14.588780,121.057128 | 14.592277,121.058351 | 14.584518,121.055476",,"14.556960,121.037489 | 14.557497,121.038096 | 14.588780,121.057128 | 14.592277,121.058351 | 14.584518,121.055476",,570700035 2697093716 313870591 316969133 24077626 24078211 321326397 6651749029 313872522 313474007 313474131 12042058198 313474145 4242563000 252179221 11961376362 1735964860 321554297 5286257643 5286257642 11668730945 5286257621 321553342 12067613 8459730704 186466037 7244807594 331134097 92300703 8462613403 334102352 1595999435 88904189 8383619604 334102245 6387606871 994339253 8462613410,570700035 2697093716 313870591 316969133 24077626 24078211 321326397 6651749029 313872522 313474007 313474131 12042058198 313474145 4242563000 252179221 11961376362 1735964860 321554297 5286257643 5286257642 11668730945 5286257621 321553342 12067613 8459730704 186466037 7244807594 331134097 92300703 8462613403 334102352 1595999435 88904189 8383619604 334102245 6387606871 994339253 8462613410
M26,multi_destination,1,2026-05-22T08:25:00,Fri 08:25,EDSA-Aurora,EDSA-Kamuning,"14.622476,121.053329","14.630706,121.045708",False,,iaco,0,0,0,"14.622197,121.051699 | 14.623220,121.051210 | 14.626314,121.049702 | 14.626038,121.049080 | 14.627459,121.047540 | 14.628555,121.047031",,"14.622197,121.051699 | 14.621861,121.050158 | 14.624043,121.049075 | 14.625726,121.048331 | 14.627459,121.047540 | 14.628555,121.047031",,32519348 32519354 5575063134 12029565569 32285111 32090498 32088849 32088848 32088717 512091457 24079238 5472104745 24078839,32519348 32519354 5575063134 12029565569 32285111 523962960 523961397 973541489 957845503 512091457 24079238 5472104745 24078839
M26,multi_destination,2,2026-05-22T08:25:00,Fri 08:25,EDSA-Kamuning,EDSA-Quezon Ave,"14.630706,121.045708","14.644204,121.037738",True,,iaco,0,0,0,"14.632767,121.045127 | 14.633903,121.044396 | 14.637265,121.042173 | 14.638400,121.041434 | 14.641266,121.039583",,"14.632767,121.045127 | 14.633903,121.044396 | 14.637265,121.042173 | 14.638400,121.041434 | 14.641266,121.039583",,24078839 5472104745 1497962778 24081972 243461145 12132580801 224865426 3666796561 5472105348 681146586 249226767 4879643711 7899078632 7965461283 9883466514 312264218 5383119711 286082780,24078839 5472104745 1497962778 24081972 243461145 12132580801 224865426 3666796561 5472105348 681146586 249226767 4879643711 7899078632 7965461283 9883466514 312264218 5383119711 286082780
M27,multi_destination,1,2026-05-22T17:00:00,Fri 17:00,EDSA-Aurora,EDSA-Ortigas,"14.622476,121.053329","14.593441,121.058284",False,,mixed,0,0,0,"14.618143,121.055322 | 14.616126,121.052454 | 14.609081,121.055744 | 14.606256,121.057054 | 14.601666,121.059111 | 14.597583,121.059574",,"14.618143,121.055322 | 14.614269,121.055213 | 14.614891,121.053080 | 14.609081,121.055744 | 14.606256,121.057054 | 14.597583,121.059574",,32519348 3299171847 720703224 32519350 720695545 32519416 8594864824 8594864823 60093157 5286026336 11956219762 973552682 973552665 973552605 333524088 88787349 2467729098 5286171962 61679564 68901115 88771457 5285161657 4242563043 12029724347 21834288,32519348 12026915269 589927748 7400320998 8595192520 589927746 3299171847 720703224 32519350 720695545 32519416 8594864824 31241781 60093151 60093185 60093196 60093211 504009072 333524170 2886434136 12026915271 11956219762 973552682 973552665 973552605 333524088 88787349 2467729098 5286171962 61679564 68901115 88771457 5285161657 4242563043 12029724347 21834288
M27,multi_destination,2,2026-05-22T17:00:00,Fri 17:00,EDSA-Ortigas,8337-Ayala NB 1-PTZ,"14.593441,121.058284","14.550071,121.029408",True,,mixed,0,0,0,"14.601465,121.058574 | 14.596305,121.059377 | 14.555289,121.035289",,"14.601465,121.058574 | 14.596305,121.059377 | 14.555289,121.035289",,21834288 96349148 305118198 96349145 96349143 96352275 68902574 68902573 88771457 5285161657 5285161656 5288982109 12029158386 313926476 313926605 3775184570 3775184569 3775184564 570700035,21834288 96349148 305118198 96349145 96349143 96352275 68902574 68902573 88771457 5285161657 5285161656 5288982109 12029158386 313926476 313926605 3775184570 3775184569 3775184564 570700035
M28,multi_destination,1,2026-05-22T17:55:00,Fri 17:55,EDSA-Kamuning,EDSA-Aurora,"14.630706,121.045708","14.622476,121.053329",True,,mixed,0,0,0,"14.628785,121.046652 | 14.627324,121.047330 | 14.625623,121.048108 | 14.623458,121.049075 | 14.621574,121.049958 | 14.622197,121.051699",,"14.628785,121.046652 | 14.627324,121.047330 | 14.625623,121.048108 | 14.623458,121.049075 | 14.621574,121.049958 | 14.622197,121.051699",,24078839 1377334723 305099887 962951230 962951247 1075205320 12080025022 40826229 333526141 316156993 523963095 29523876 523958868 33471553 523959260 5575063133 5575063134 8708136038 8708136037 32519348,24078839 1377334723 305099887 962951230 962951247 1075205320 12080025022 40826229 333526141 316156993 523963095 29523876 523958868 33471553 523959260 5575063133 5575063134 8708136038 8708136037 32519348
M28,multi_destination,2,2026-05-22T17:55:00,Fri 17:55,EDSA-Aurora,8337-Ayala NB 1-PTZ,"14.622476,121.053329","14.550071,121.029408",True,,mixed,0,0,0,"14.614048,121.053468 | 14.601666,121.059111 | 14.596305,121.059377 | 14.555289,121.035289",,"14.614048,121.053468 | 14.601666,121.059111 | 14.596305,121.059377 | 14.555289,121.035289",,32519348 3299171847 720703224 32519350 720695545 32519416 8594864824 8594864823 60093157 5286026336 11956219762 973552682 973552665 973552605 333524088 88787349 2467729098 5286171962 61679564 68901115 88771457 5285161657 5285161656 5288982109 12029158386 313926476 313926605 3775184570 3775184569 3775184564 570700035,32519348 3299171847 720703224 32519350 720695545 32519416 8594864824 8594864823 60093157 5286026336 11956219762 973552682 973552665 973552605 333524088 88787349 2467729098 5286171962 61679564 68901115 88771457 5285161657 5285161656 5288982109 12029158386 313926476 313926605 3775184570 3775184569 3775184564 570700035
M29,multi_destination,1,2026-05-22T18:20:00,Fri 18:20,EDSA-Aurora,EDSA-Regalia (P. Tuazon),"14.622476,121.053329","14.616467,121.052300",False,,iaco,2,2,2,"14.621684,121.053724 | 14.619834,121.054639 | 14.619746,121.054667 | 14.618143,121.055322 | 14.617121,121.054599 | 14.616464,121.053576",,"14.622334,121.054642 | 14.621684,121.053724 | 14.619834,121.054639 | 14.618143,121.055322 | 14.617440,121.055066 | 14.616464,121.053576",,32519348 3299171847 720703224 32519350 720695545 32519416 8594864824 8594864823 60093157 5286026336 11956219762 973552682 973552665,32519348 12026915269 589927748 7400320998 8595192520 589927746 3299171847 720703224 32519350 720695545 32519416 8594864824 8594864823 60093157 5286026336 11956219762 973552682 973552665
M29,multi_destination,2,2026-05-22T18:20:00,Fri 18:20,EDSA-Regalia (P. Tuazon),EDSA-Kamuning,"14.616467,121.052300","14.630706,121.045708",True,,iaco,2,2,2,"14.618177,121.051835 | 14.620445,121.050807 | 14.621861,121.050158 | 14.624043,121.049075 | 14.627459,121.047540 | 14.628555,121.047031",,"14.618177,121.051835 | 14.620445,121.050807 | 14.621861,121.050158 | 14.624043,121.049075 | 14.627459,121.047540 | 14.628555,121.047031",,973552665 973552682 5731638971 2397945844 720696446 720702081 679547473 2370264844 33471553 523962960 523961397 973541489 957845503 512091457 24079238 5472104745 24078839,973552665 973552682 5731638971 2397945844 720696446 720702081 679547473 2370264844 33471553 523962960 523961397 973541489 957845503 512091457 24079238 5472104745 24078839
M30,multi_destination,1,2026-05-25T08:05:00,Mon 08:05,EDSA-Regalia (P. Tuazon),EDSA-Ortigas,"14.616467,121.052300","14.593441,121.058284",True,,mixed,0,0,0,"14.614048,121.053468 | 14.609081,121.055744 | 14.606256,121.057054 | 14.601666,121.059111 | 14.597111,121.059515",,"14.614048,121.053468 | 14.609081,121.055744 | 14.606256,121.057054 | 14.601666,121.059111 | 14.597111,121.059515",,973552665 973552605 333524088 88787349 2467729098 5286171962 61679564 68901115 88771457 5285161657 4242563043 12029724347 21834288,973552665 973552605 333524088 88787349 2467729098 5286171962 61679564 68901115 88771457 5285161657 4242563043 12029724347 21834288
M30,multi_destination,2,2026-05-25T08:05:00,Mon 08:05,EDSA-Ortigas,8337-Ayala NB 1-PTZ,"14.593441,121.058284","14.550071,121.029408",True,,mixed,0,0,0,"14.601465,121.058574 | 14.596305,121.059377 | 14.555289,121.035289",,"14.601465,121.058574 | 14.596305,121.059377 | 14.555289,121.035289",,21834288 96349148 305118198 96349145 96349143 96352275 68902574 68902573 88771457 5285161657 5285161656 5288982109 12029158386 313926476 313926605 3775184570 3775184569 3775184564 570700035,21834288 96349148 305118198 96349145 96349143 96352275 68902574 68902573 88771457 5285161657 5285161656 5288982109 12029158386 313926476 313926605 3775184570 3775184569 3775184564 570700035
E01,incident_exposed,1,2026-05-04T07:20:00,Mon 07:20,EDSA-Kamuning,EDSA-Ortigas,"14.630706,121.045708","14.593441,121.058284",False,,iaco,2,1,1,"14.625623,121.048108 | 14.619718,121.050808 | 14.614891,121.053080 | 14.609081,121.055744 | 14.606256,121.057054 | 14.597583,121.059574",,"14.625623,121.048108 | 14.624177,121.048791 | 14.614891,121.053080 | 14.609081,121.055744 | 14.606256,121.057054 | 14.597583,121.059574",,24078839 1377334723 305099887 962951230 962951247 1075205320 12080025022 40826229 333526141 316156993 523963095 29523876 523958868 2370264845 12606354248 7418236940 8657082065 246783235 5731638965 973552665 973552605 333524088 88787349 2467729098 5286171962 61679564 68901115 88771457 5285161657 4242563043 12029724348 11969230005 11969230004 11969230001 21834288,24078839 1377334723 305099887 962951230 962951247 1075205320 12080025022 40826229 333526141 333524088 88787349 2467729098 5286171962 61679564 68901115 88771457 5285161657 4242563043 12029724347 21834288
E02,incident_exposed,1,2026-05-04T07:20:00,Mon 07:20,EDSA-Aurora,EDSA-Ortigas,"14.622476,121.053329","14.593441,121.058284",False,,iaco,2,1,1,"14.618143,121.055322 | 14.616126,121.052454 | 14.609081,121.055744 | 14.606256,121.057054 | 14.601666,121.059111 | 14.597583,121.059574",,"14.618143,121.055322 | 14.614269,121.055213 | 14.614891,121.053080 | 14.609081,121.055744 | 14.606256,121.057054 | 14.597583,121.059574",,32519348 3299171847 720703224 32519350 720695545 32519416 8594864824 8594864823 60093157 5286026336 11956219762 973552682 973552665 973552605 333524088 88787349 2467729098 5286171962 61679564 68901115 88771457 5285161657 4242563043 12029724348 11969230005 11969230004 11969230001 21834288,32519348 12026915269 589927748 7400320998 8595192520 589927746 3299171847 720703224 32519350 720695545 32519416 8594864824 31241781 60093151 60093185 60093196 60093211 504009072 333524170 2886434136 12026915271 11956219762 973552682 973552665 973552605 333524088 88787349 2467729098 5286171962 61679564 68901115 88771457 5285161657 4242563043 12029724347 21834288
E03,incident_exposed,1,2026-05-04T07:30:00,Mon 07:30,EDSA-Shaw,EDSA-Ortigas,"14.580878,121.053531","14.593441,121.058284",True,,iaco,2,1,1,"14.581255,121.053803 | 14.584244,121.055635 | 14.587029,121.056564 | 14.588780,121.057128 | 14.589361,121.057395 | 14.592277,121.058351",,"14.581255,121.053803 | 14.584244,121.055635 | 14.587029,121.056564 | 14.588780,121.057128 | 14.589361,121.057395 | 14.592277,121.058351",,8462613410 92300703 7244807582 186466010 1909558882 88798869 1740120869 2013381877 4242563000 252179221 11961376362 1735964860 321554297 321551795 88772903 29098405 11969230003 11969230001 21834288,8462613410 92300703 7244807582 186466010 1909558882 88798869 1740120869 2013381877 4242563000 252179221 11961376362 1735964860 321554297 321551795 88772903 29098405 11969230003 11969230001 21834288
E04,incident_exposed,1,2026-05-04T07:35:00,Mon 07:35,EDSA-Shaw,8337-Ayala NB 1-PTZ,"14.580878,121.053531","14.550071,121.029408",True,,shortest_distance,2,2,2,"14.592277,121.058351 | 14.601465,121.058574 | 14.596305,121.059377 | 14.555289,121.035289",,"14.592277,121.058351 | 14.601465,121.058574 | 14.596305,121.059377 | 14.555289,121.035289",,8462613410 92300703 7244807582 186466010 1909558882 88798869 1740120869 2013381877 4242563000 252179221 11961376362 1735964860 321554297 321551795 88772903 29098405 11969230003 11969230001 21834288 96349148 305118198 96349145 96349143 96352275 68902574 68902573 88771457 5285161657 5285161656 5288982109 12029158386 313926476 313926605 3775184570 3775184569 3775184564 570700035,8462613410 92300703 7244807582 186466010 1909558882 88798869 1740120869 2013381877 4242563000 252179221 11961376362 1735964860 321554297 321551795 88772903 29098405 11969230003 11969230001 21834288 96349148 305118198 96349145 96349143 96352275 68902574 68902573 88771457 5285161657 5285161656 5288982109 12029158386 313926476 313926605 3775184570 3775184569 3775184564 570700035
E05,incident_exposed,1,2026-05-08T08:10:00,Fri 08:10,EDSA-Quezon Ave,EDSA-Shaw,"14.644204,121.037738","14.580878,121.053531",False,,shortest_distance,2,1,1,"14.635030,121.043337 | 14.625623,121.048108 | 14.614891,121.053080 | 14.606256,121.057054 | 14.595206,121.058913 | 14.584518,121.055476",,"14.635030,121.043337 | 14.625623,121.048108 | 14.614891,121.053080 | 14.606256,121.057054 | 14.595206,121.058913 | 14.584518,121.055476",,286082780 286082839 9883466496 2467398191 298098895 5383119712 288458254 5282138764 286083465 1418830464 286083466 4879643696 246782846 6622286349 5292825911 5472105349 5427170390 817088410 24081884 462068195 24078839 1377334723 305099887 962951230 962951247 1075205320 12080025022 40826229 333526141 316156993 523963095 29523876 523958868 2370264845 12606354248 7418236940 8657082065 246783235 5731638965 973552665 973552605 333524088 88787349 2467729098 5286171962 61679564 68901115 88771457 5285161657 4242563043 12029724347 21834288 88772467 321554358 11668730945 5286257621 321553342 12067613 8459730704 186466037 7244807594 331134097 92300703 8462613403 334102352 1595999435 88904189 8383619604 334102245 6387606871 994339253 8462613410,286082780 286082839 9883466496 2467398191 298098895 5383119712 288458254 5282138764 286083465 1418830464 286083466 4879643696 246782846 6622286349 305099887 962951230 962951247 1075205320 12080025022 40826229 333526141 333524088 88787349 2467729098 5286171962 61679564 68901115 88771457 5285161657 4242563043 12029724347 21834288 88772467 321554358 11668730945 5286257621 321553342 12067613 8459730704 186466037 7244807594 331134097 92300703 8462613403 334102352 1595999435 88904189 8383619604 334102245 6387606871 994339253 8462613410
E06,incident_exposed,1,2026-05-08T08:10:00,Fri 08:10,EDSA-Shaw,EDSA-Ortigas,"14.580878,121.053531","14.593441,121.058284",True,,iaco,2,1,1,"14.581255,121.053803 | 14.584244,121.055635 | 14.587029,121.056564 | 14.588780,121.057128 | 14.589361,121.057395 | 14.592277,121.058351",,"14.581255,121.053803 | 14.584244,121.055635 | 14.587029,121.056564 | 14.588780,121.057128 | 14.589361,121.057395 | 14.592277,121.058351",,8462613410 92300703 7244807582 186466010 1909558882 88798869 1740120869 2013381877 4242563000 252179221 11961376362 1735964860 321554297 321551795 88772903 29098405 11969230003 11969230001 21834288,8462613410 92300703 7244807582 186466010 1909558882 88798869 1740120869 2013381877 4242563000 252179221 11961376362 1735964860 321554297 321551795 88772903 29098405 11969230003 11969230001 21834288
E07,incident_exposed,1,2026-05-13T17:30:00,Wed 17:30,EDSA-Aurora,EDSA-Shaw,"14.622476,121.053329","14.580878,121.053531",False,,shortest_distance,1,1,1,"14.616439,121.052802 | 14.609081,121.055744 | 14.601666,121.059111 | 14.595191,121.058964 | 14.587549,121.056455 | 14.580952,121.053847",,"14.616439,121.052802 | 14.609081,121.055744 | 14.601666,121.059111 | 14.595206,121.058913 | 14.587549,121.056455 | 14.580952,121.053847",,32519348 3299171847 720703224 32519350 720695545 32519416 8594864824 8594864823 60093157 5286026336 11956219762 973552682 973552665 973552605 333524088 88787349 2467729098 5286171962 61679564 68901115 88771457 5285161657 4242563043 12029724348 11969230005 11969230004 11969230003 11969230002 5286257643 5286257642 11668730945 5286257621 321553342 12067613 8459730704 186466037 7244807594 331134097 92300703 8462613403 334102352 1595999435 88904189 8383619604 334102245 6387606871 994339253 8462613410,32519348 3299171847 720703224 32519350 720695545 32519416 8594864824 8594864823 60093157 5286026336 11956219762 973552682 973552665 973552605 333524088 88787349 2467729098 5286171962 61679564 68901115 88771457 5285161657 4242563043 12029724347 21834288 88772467 321554358 11668730945 5286257621 321553342 12067613 8459730704 186466037 7244807594 331134097 92300703 8462613403 334102352 1595999435 88904189 8383619604 334102245 6387606871 994339253 8462613410
E08,incident_exposed,1,2026-05-15T18:15:00,Fri 18:15,EDSA-Aurora,EDSA-Kamuning,"14.622476,121.053329","14.630706,121.045708",False,,iaco,4,1,1,"14.622197,121.051699 | 14.623220,121.051210 | 14.626314,121.049702 | 14.626038,121.049080 | 14.627459,121.047540 | 14.628555,121.047031",,"14.622197,121.051699 | 14.621861,121.050158 | 14.624043,121.049075 | 14.625726,121.048331 | 14.627459,121.047540 | 14.628555,121.047031",,32519348 32519354 5575063134 12029565569 32285111 32090498 32088849 32088848 32088717 512091457 24079238 5472104745 24078839,32519348 32519354 5575063134 12029565569 32285111 523962960 523961397 973541489 957845503 512091457 24079238 5472104745 24078839
E09,incident_exposed,1,2026-05-15T18:30:00,Fri 18:30,EDSA-Aurora,EDSA-Quezon Ave,"14.622476,121.053329","14.644204,121.037738",False,,iaco,4,1,1,"14.623220,121.051210 | 14.627767,121.048279 | 14.630809,121.046041 | 14.633569,121.044618 | 14.637265,121.042173 | 14.641266,121.039583",,"14.625784,121.053869 | 14.626314,121.049702 | 14.629158,121.051043 | 14.631186,121.047345 | 14.635158,121.043557 | 14.638400,121.041434",,32519348 32519354 5575063134 12029565569 32285111 32090498 32088849 32088848 32088717 512091457 24079238 5472104745 1497962778 24081972 243461145 12132580801 224865426 3666796561 5472105348 681146586 249226767 4879643711 7899078632 7965461283 9883466514 312264218 5383119711 286082780,32519348 12026915269 589927748 589927807 11990624828 32519396 193586368 203262523 32089047 32089046 32089045 32088853 32088852 32088851 32088850 32088849 32088848 32088717 32088716 32088715 33084594 1352605519 32088713 26082690 5320266644 32088037 32087821 32087876 26082606 32569986 243458617 5472104745 1497962778 24081972 243461145 12132580801 224865426 3666796561 5472105348 681146586 249226767 4879643711 7899078632 7965461283 9883466514 312264218 5383119711 286082780
E10,incident_exposed,1,2026-05-18T07:05:00,Mon 07:05,EDSA-Shaw,8337-Ayala NB 1-PTZ,"14.580878,121.053531","14.550071,121.029408",True,,shortest_distance,2,1,1,"14.592277,121.058351 | 14.601465,121.058574 | 14.596305,121.059377 | 14.555289,121.035289",,"14.592277,121.058351 | 14.601465,121.058574 | 14.596305,121.059377 | 14.555289,121.035289",,8462613410 92300703 7244807582 186466010 1909558882 88798869 1740120869 2013381877 4242563000 252179221 11961376362 1735964860 321554297 321551795 88772903 29098405 11969230003 11969230001 21834288 96349148 305118198 96349145 96349143 96352275 68902574 68902573 88771457 5285161657 5285161656 5288982109 12029158386 313926476 313926605 3775184570 3775184569 3775184564 570700035,8462613410 92300703 7244807582 186466010 1909558882 88798869 1740120869 2013381877 4242563000 252179221 11961376362 1735964860 321554297 321551795 88772903 29098405 11969230003 11969230001 21834288 96349148 305118198 96349145 96349143 96352275 68902574 68902573 88771457 5285161657 5285161656 5288982109 12029158386 313926476 313926605 3775184570 3775184569 3775184564 570700035
E11,incident_exposed,1,2026-05-18T07:25:00,Mon 07:25,EDSA-Aurora,EDSA-Shaw,"14.622476,121.053329","14.580878,121.053531",True,,shortest_distance,2,1,1,"14.616439,121.052802 | 14.609081,121.055744 | 14.601666,121.059111 | 14.595206,121.058913 | 14.587549,121.056455 | 14.580952,121.053847",,"14.616439,121.052802 | 14.609081,121.055744 | 14.601666,121.059111 | 14.595206,121.058913 | 14.587549,121.056455 | 14.580952,121.053847",,32519348 3299171847 720703224 32519350 720695545 32519416 8594864824 8594864823 60093157 5286026336 11956219762 973552682 973552665 973552605 333524088 88787349 2467729098 5286171962 61679564 68901115 88771457 5285161657 4242563043 12029724347 21834288 88772467 321554358 11668730945 5286257621 321553342 12067613 8459730704 186466037 7244807594 331134097 92300703 8462613403 334102352 1595999435 88904189 8383619604 334102245 6387606871 994339253 8462613410,32519348 3299171847 720703224 32519350 720695545 32519416 8594864824 8594864823 60093157 5286026336 11956219762 973552682 973552665 973552605 333524088 88787349 2467729098 5286171962 61679564 68901115 88771457 5285161657 4242563043 12029724347 21834288 88772467 321554358 11668730945 5286257621 321553342 12067613 8459730704 186466037 7244807594 331134097 92300703 8462613403 334102352 1595999435 88904189 8383619604 334102245 6387606871 994339253 8462613410
E12,incident_exposed,1,2026-05-18T07:45:00,Mon 07:45,EDSA-Ortigas,EDSA-Shaw,"14.593441,121.058284","14.580878,121.053531",False,,iaco,2,1,1,"14.591307,121.057621 | 14.587549,121.056455 | 14.584518,121.055476 | 14.581600,121.053654 | 14.579646,121.055337 | 14.578879,121.053066",,"14.587549,121.056455 | 14.581600,121.053654 | 14.584244,121.055635 | 14.581293,121.057891 | 14.576469,121.055809 | 14.576542,121.052715",,21834288 88772467 321554358 11668730945 5286257621 321553342 12067613 8459730704 186466037 7244807594 331134097 92300703 8462613403 334102352 1595999435 88904189 8383619604 334102245 6387606871 994339253 8462613410,21834288 88772467 321554358 11668730945 5286257621 321553342 12067613 8459730704 186466037 7244807594 331134097 92300703 7244807582 186466010 1909558882 321305921 95516147 332517749 5878383767 95513739 10861375319 88901093 92301121 11956578214 32476370 11958493326 8383619604 9859168247 5313629850 5313629849 962953432 88901373 994339253 8462613410
E13,incident_exposed,1,2026-05-18T08:00:00,Mon 08:00,8337-Ayala NB 1-PTZ,EDSA-Shaw,"14.550071,121.029408","14.580878,121.053531",True,,shortest_distance,2,1,1,"14.556960,121.037489 | 14.557497,121.038096 | 14.588780,121.057128 | 14.592277,121.058351 | 14.584518,121.055476",,"14.556960,121.037489 | 14.557497,121.038096 | 14.588780,121.057128 | 14.592277,121.058351 | 14.584518,121.055476",,570700035 2697093716 313870591 316969133 24077626 24078211 321326397 6651749029 313872522 313474007 313474131 12042058198 313474145 4242563000 252179221 11961376362 1735964860 321554297 5286257643 5286257642 11668730945 5286257621 321553342 12067613 8459730704 186466037 7244807594 331134097 92300703 8462613403 334102352 1595999435 88904189 8383619604 334102245 6387606871 994339253 8462613410,570700035 2697093716 313870591 316969133 24077626 24078211 321326397 6651749029 313872522 313474007 313474131 12042058198 313474145 4242563000 252179221 11961376362 1735964860 321554297 5286257643 5286257642 11668730945 5286257621 321553342 12067613 8459730704 186466037 7244807594 331134097 92300703 8462613403 334102352 1595999435 88904189 8383619604 334102245 6387606871 994339253 8462613410
E14,incident_exposed,1,2026-05-18T17:20:00,Mon 17:20,EDSA-Aurora,EDSA-Quezon Ave,"14.622476,121.053329","14.644204,121.037738",False,,iaco,1,1,1,"14.623220,121.051210 | 14.627767,121.048279 | 14.630809,121.046041 | 14.633569,121.044618 | 14.637265,121.042173 | 14.641266,121.039583",,"14.625348,121.052901 | 14.630077,121.050361 | 14.630670,121.047515 | 14.633154,121.044891 | 14.637265,121.042173 | 14.641266,121.039583",,32519348 32519354 5575063134 12029565569 32285111 32090498 32088849 32088848 32088717 512091457 24079238 5472104745 1497962778 24081972 243461145 12132580801 224865426 3666796561 5472105348 681146586 249226767 4879643711 7899078632 7965461283 9883466514 312264218 5383119711 286082780,32519348 12026915269 589927748 589927807 203262534 32089045 32088853 26082690 5320266644 32088037 32087821 32088515 32088514 32569986 243458617 5472104745 1497962778 24081972 243461145 12132580801 224865426 3666796561 5472105348 681146586 249226767 4879643711 7899078632 7965461283 9883466514 312264218 5383119711 286082780
E15,incident_exposed,1,2026-05-18T18:10:00,Mon 18:10,EDSA-Aurora,8337-Ayala NB 1-PTZ,"14.622476,121.053329","14.550071,121.029408",True,,shortest_distance,2,1,1,"14.614048,121.053468 | 14.601666,121.059111 | 14.596305,121.059377 | 14.555289,121.035289",,"14.614048,121.053468 | 14.601666,121.059111 | 14.596305,121.059377 | 14.555289,121.035289",,32519348 3299171847 720703224 32519350 720695545 32519416 8594864824 8594864823 60093157 5286026336 11956219762 973552682 973552665 973552605 333524088 88787349 2467729098 5286171962 61679564 68901115 88771457 5285161657 5285161656 5288982109 12029158386 313926476 313926605 3775184570 3775184569 3775184564 570700035,32519348 3299171847 720703224 32519350 720695545 32519416 8594864824 8594864823 60093157 5286026336 11956219762 973552682 973552665 973552605 333524088 88787349 2467729098 5286171962 61679564 68901115 88771457 5285161657 5285161656 5288982109 12029158386 313926476 313926605 3775184570 3775184569 3775184564 570700035
E16,incident_exposed,1,2026-05-18T18:30:00,Mon 18:30,EDSA-Aurora,8337-Ayala NB 1-PTZ,"14.622476,121.053329","14.550071,121.029408",True,,shortest_distance,2,1,1,"14.614048,121.053468 | 14.601666,121.059111 | 14.596305,121.059377 | 14.555289,121.035289",,"14.614048,121.053468 | 14.601666,121.059111 | 14.596305,121.059377 | 14.555289,121.035289",,32519348 3299171847 720703224 32519350 720695545 32519416 8594864824 8594864823 60093157 5286026336 11956219762 973552682 973552665 973552605 333524088 88787349 2467729098 5286171962 61679564 68901115 88771457 5285161657 5285161656 5288982109 12029158386 313926476 313926605 3775184570 3775184569 3775184564 570700035,32519348 3299171847 720703224 32519350 720695545 32519416 8594864824 8594864823 60093157 5286026336 11956219762 973552682 973552665 973552605 333524088 88787349 2467729098 5286171962 61679564 68901115 88771457 5285161657 5285161656 5288982109 12029158386 313926476 313926605 3775184570 3775184569 3775184564 570700035
E17,incident_exposed,1,2026-05-22T07:05:00,Fri 07:05,EDSA-Quezon Ave,8337-Ayala NB 1-PTZ,"14.644204,121.037738","14.550071,121.029408",False,,shortest_distance,2,0,0,"14.630706,121.045708 | 14.614891,121.053080 | 14.601666,121.059111 | 14.596305,121.059377 | 14.555289,121.035289",,"14.628785,121.046652 | 14.614891,121.053080 | 14.601666,121.059111 | 14.596305,121.059377 | 14.555289,121.035289",,286082780 286082839 9883466496 2467398191 298098895 5383119712 288458254 5282138764 286083465 1418830464 286083466 4879643696 246782846 6622286349 5292825911 5472105349 5427170390 817088410 24081884 462068195 24078839 1377334723 305099887 962951230 962951247 1075205320 12080025022 40826229 333526141 333524088 88787349 2467729098 5286171962 61679564 68901115 88771457 5285161657 5285161656 5288982109 12029158386 313926476 313926605 3775184570 3775184569 3775184564 570700035,286082780 286082839 9883466496 2467398191 298098895 5383119712 288458254 5282138764 286083465 1418830464 286083466 4879643696 246782846 6622286349 305099887 962951230 962951247 1075205320 12080025022 40826229 333526141 333524088 88787349 2467729098 5286171962 61679564 68901115 88771457 5285161657 5285161656 5288982109 12029158386 313926476 313926605 3775184570 3775184569 3775184564 570700035
E18,incident_exposed,1,2026-05-22T07:05:00,Fri 07:05,EDSA-Regalia (P. Tuazon),EDSA-Aurora,"14.616467,121.052300","14.622476,121.053329",False,,iaco,2,1,1,"14.616777,121.052488 | 14.619012,121.053211 | 14.619129,121.053243 | 14.621015,121.052274 | 14.621789,121.051891",,"14.618177,121.051835 | 14.620401,121.050936 | 14.620445,121.050807 | 14.621872,121.050939 | 14.622197,121.051699",,973552665 973552682 5731638971 2397945844 720693849 720697062 316157080 720702285 32519344 32519354 32519348,973552665 973552682 5731638971 2397945844 720696446 720702081 10678257554 720702280 32519357 10678257553 679547473 2370264844 33471553 523959260 5575063133 5575063134 8708136038 8708136037 32519348
E19,incident_exposed,1,2026-05-22T07:15:00,Fri 07:15,EDSA-Aurora,EDSA-Ortigas,"14.622476,121.053329","14.593441,121.058284",False,,iaco,2,2,2,"14.618143,121.055322 | 14.616126,121.052454 | 14.609081,121.055744 | 14.606256,121.057054 | 14.601666,121.059111 | 14.597583,121.059574",,"14.618143,121.055322 | 14.614269,121.055213 | 14.614891,121.053080 | 14.609081,121.055744 | 14.606256,121.057054 | 14.597583,121.059574",,32519348 3299171847 720703224 32519350 720695545 32519416 8594864824 8594864823 60093157 5286026336 11956219762 973552682 973552665 973552605 333524088 88787349 2467729098 5286171962 61679564 68901115 88771457 5285161657 4242563043 12029724347 21834288,32519348 12026915269 589927748 7400320998 8595192520 589927746 3299171847 720703224 32519350 720695545 32519416 8594864824 31241781 60093151 60093185 60093196 60093211 504009072 333524170 2886434136 12026915271 11956219762 973552682 973552665 973552605 333524088 88787349 2467729098 5286171962 61679564 68901115 88771457 5285161657 4242563043 12029724347 21834288
E20,incident_exposed,1,2026-05-22T07:35:00,Fri 07:35,EDSA-Kamuning,EDSA-Shaw,"14.630706,121.045708","14.580878,121.053531",True,,shortest_distance,2,0,0,"14.624177,121.048791 | 14.614481,121.053270 | 14.606256,121.057054 | 14.597583,121.059574 | 14.589082,121.056997 | 14.581600,121.053654",,"14.624177,121.048791 | 14.614481,121.053270 | 14.606256,121.057054 | 14.597583,121.059574 | 14.589082,121.056997 | 14.581600,121.053654",,24078839 1377334723 305099887 962951230 962951247 1075205320 12080025022 40826229 333526141 333524088 88787349 2467729098 5286171962 61679564 68901115 88771457 5285161657 4242563043 12029724347 21834288 88772467 321554358 11668730945 5286257621 321553342 12067613 8459730704 186466037 7244807594 331134097 92300703 8462613403 334102352 1595999435 88904189 8383619604 334102245 6387606871 994339253 8462613410,24078839 1377334723 305099887 962951230 962951247 1075205320 12080025022 40826229 333526141 333524088 88787349 2467729098 5286171962 61679564 68901115 88771457 5285161657 4242563043 12029724347 21834288 88772467 321554358 11668730945 5286257621 321553342 12067613 8459730704 186466037 7244807594 331134097 92300703 8462613403 334102352 1595999435 88904189 8383619604 334102245 6387606871 994339253 8462613410
E21,incident_exposed,1,2026-05-22T07:35:00,Fri 07:35,EDSA-Quezon Ave,EDSA-Ortigas,"14.644204,121.037738","14.593441,121.058284",False,,iaco,2,0,0,"14.637117,121.041984 | 14.630706,121.045708 | 14.624177,121.048791 | 14.614891,121.053080 | 14.609081,121.055744 | 14.601666,121.059111",,"14.637117,121.041984 | 14.628785,121.046652 | 14.624177,121.048791 | 14.614891,121.053080 | 14.609081,121.055744 | 14.601666,121.059111",,286082780 286082839 9883466496 2467398191 298098895 5383119712 288458254 5282138764 286083465 1418830464 286083466 4879643696 246782846 6622286349 5292825911 5472105349 5427170390 817088410 24081884 462068195 24078839 1377334723 305099887 962951230 962951247 1075205320 12080025022 40826229 333526141 333524088 88787349 2467729098 5286171962 61679564 68901115 88771457 5285161657 4242563043 12029724347 21834288,286082780 286082839 9883466496 2467398191 298098895 5383119712 288458254 5282138764 286083465 1418830464 286083466 4879643696 246782846 6622286349 305099887 962951230 962951247 1075205320 12080025022 40826229 333526141 333524088 88787349 2467729098 5286171962 61679564 68901115 88771457 5285161657 4242563043 12029724348 12029724347 21834288
E22,incident_exposed,1,2026-05-22T07:40:00,Fri 07:40,EDSA-Kamuning,8337-Ayala NB 1-PTZ,"14.630706,121.045708","14.550071,121.029408",True,,shortest_distance,2,0,0,"14.614891,121.053080 | 14.606256,121.057054 | 14.596305,121.059377 | 14.555289,121.035289",,"14.614891,121.053080 | 14.606256,121.057054 | 14.596305,121.059377 | 14.555289,121.035289",,24078839 1377334723 305099887 962951230 962951247 1075205320 12080025022 40826229 333526141 333524088 88787349 2467729098 5286171962 61679564 68901115 88771457 5285161657 5285161656 5288982109 12029158386 313926476 313926605 3775184570 3775184569 3775184564 570700035,24078839 1377334723 305099887 962951230 962951247 1075205320 12080025022 40826229 333526141 333524088 88787349 2467729098 5286171962 61679564 68901115 88771457 5285161657 5285161656 5288982109 12029158386 313926476 313926605 3775184570 3775184569 3775184564 570700035
E23,incident_exposed,1,2026-05-22T18:00:00,Fri 18:00,EDSA-Regalia (P. Tuazon),EDSA-Shaw,"14.616467,121.052300","14.580878,121.053531",False,,iaco,2,1,1,"14.609081,121.055744 | 14.606256,121.057054 | 14.597583,121.059574 | 14.591307,121.057621 | 14.584518,121.055476 | 14.580332,121.054526",,"14.609081,121.055744 | 14.602060,121.057718 | 14.594173,121.057285 | 14.587549,121.056455 | 14.580952,121.053847 | 14.578045,121.053995",,973552665 973552605 333524088 88787349 2467729098 5286171962 61679564 68901115 88771457 5285161657 4242563043 12029724348 11969230005 11969230004 11969230003 11969230002 5286257643 5286257642 11668730945 5286257621 321553342 12067613 8459730704 186466037 7244807594 331134097 92300703 8462613403 334102352 1595999435 88904189 8383619604 334102245 6387606871 994339253 8462613410,973552665 973552605 333524088 88787349 2467729098 5286171962 61679564 96348868 12029288044 12029288041 2089476099 96350199 12029557279 12029557281 68902574 96352275 96349143 96349145 305118198 96349148 4242563042 4242563038 88772445 321554358 11668730945 5286257621 321553342 12067613 8459730704 186466037 7244807594 331134097 92300703 8462613403 334102352 1595999435 88904189 5831362407 334108288 92301121 11956578214 32476370 11958493326 8383619604 9859168247 5313629850 5313629849 962953432 88901373 994339253 8462613410
E24,incident_exposed,1,2026-05-22T18:05:00,Fri 18:05,EDSA-Aurora,EDSA-Regalia (P. Tuazon),"14.622476,121.053329","14.616467,121.052300",True,,iaco,2,1,1,"14.621684,121.053724 | 14.619834,121.054639 | 14.619746,121.054667 | 14.618143,121.055322 | 14.617121,121.054599 | 14.616464,121.053576",,"14.621684,121.053724 | 14.619834,121.054639 | 14.619746,121.054667 | 14.618143,121.055322 | 14.617121,121.054599 | 14.616464,121.053576",,32519348 3299171847 720703224 32519350 720695545 32519416 8594864824 8594864823 60093157 5286026336 11956219762 973552682 973552665,32519348 3299171847 720703224 32519350 720695545 32519416 8594864824 8594864823 60093157 5286026336 11956219762 973552682 973552665
E25,incident_exposed,1,2026-05-22T18:05:00,Fri 18:05,EDSA-Regalia (P. Tuazon),EDSA-Kamuning,"14.616467,121.052300","14.630706,121.045708",True,,iaco,2,1,1,"14.618177,121.051835 | 14.620445,121.050807 | 14.621861,121.050158 | 14.624043,121.049075 | 14.627459,121.047540 | 14.628555,121.047031",,"14.618177,121.051835 | 14.620445,121.050807 | 14.621861,121.050158 | 14.624043,121.049075 | 14.627459,121.047540 | 14.628555,121.047031",,973552665 973552682 5731638971 2397945844 720696446 720702081 679547473 2370264844 33471553 523962960 523961397 973541489 957845503 512091457 24079238 5472104745 24078839,973552665 973552682 5731638971 2397945844 720696446 720702081 679547473 2370264844 33471553 523962960 523961397 973541489 957845503 512091457 24079238 5472104745 24078839
E26,incident_exposed,1,2026-05-22T18:20:00,Fri 18:20,EDSA-Aurora,EDSA-Regalia (P. Tuazon),"14.622476,121.053329","14.616467,121.052300",False,,iaco,2,1,1,"14.621684,121.053724 | 14.619834,121.054639 | 14.619746,121.054667 | 14.618143,121.055322 | 14.617121,121.054599 | 14.616464,121.053576",,"14.622334,121.054642 | 14.621684,121.053724 | 14.619834,121.054639 | 14.618143,121.055322 | 14.617440,121.055066 | 14.616464,121.053576",,32519348 3299171847 720703224 32519350 720695545 32519416 8594864824 8594864823 60093157 5286026336 11956219762 973552682 973552665,32519348 12026915269 589927748 7400320998 8595192520 589927746 3299171847 720703224 32519350 720695545 32519416 8594864824 8594864823 60093157 5286026336 11956219762 973552682 973552665
E27,incident_exposed,1,2026-05-22T18:20:00,Fri 18:20,EDSA-Aurora,EDSA-Shaw,"14.622476,121.053329","14.580878,121.053531",False,,shortest_distance,2,2,2,"14.616439,121.052802 | 14.609081,121.055744 | 14.601666,121.059111 | 14.595191,121.058964 | 14.587549,121.056455 | 14.580952,121.053847",,"14.616439,121.052802 | 14.609081,121.055744 | 14.601666,121.059111 | 14.595206,121.058913 | 14.587549,121.056455 | 14.580952,121.053847",,32519348 3299171847 720703224 32519350 720695545 32519416 8594864824 8594864823 60093157 5286026336 11956219762 973552682 973552665 973552605 333524088 88787349 2467729098 5286171962 61679564 68901115 88771457 5285161657 4242563043 12029724348 11969230005 11969230004 11969230003 11969230002 5286257643 5286257642 11668730945 5286257621 321553342 12067613 8459730704 186466037 7244807594 331134097 92300703 8462613403 334102352 1595999435 88904189 8383619604 334102245 6387606871 994339253 8462613410,32519348 3299171847 720703224 32519350 720695545 32519416 8594864824 8594864823 60093157 5286026336 11956219762 973552682 973552665 973552605 333524088 88787349 2467729098 5286171962 61679564 68901115 88771457 5285161657 4242563043 12029724347 21834288 88772467 321554358 11668730945 5286257621 321553342 12067613 8459730704 186466037 7244807594 331134097 92300703 8462613403 334102352 1595999435 88904189 8383619604 334102245 6387606871 994339253 8462613410
E28,incident_exposed,1,2026-05-22T18:20:00,Fri 18:20,EDSA-Regalia (P. Tuazon),8337-Ayala NB 1-PTZ,"14.616467,121.052300","14.550071,121.029408",True,,shortest_distance,2,1,1,"14.606256,121.057054 | 14.596305,121.059377 | 14.555289,121.035289",,"14.606256,121.057054 | 14.596305,121.059377 | 14.555289,121.035289",,973552665 973552605 333524088 88787349 2467729098 5286171962 61679564 68901115 88771457 5285161657 5285161656 5288982109 12029158386 313926476 313926605 3775184570 3775184569 3775184564 570700035,973552665 973552605 333524088 88787349 2467729098 5286171962 61679564 68901115 88771457 5285161657 5285161656 5288982109 12029158386 313926476 313926605 3775184570 3775184569 3775184564 570700035
E29,incident_exposed,1,2026-05-22T18:30:00,Fri 18:30,EDSA-Regalia (P. Tuazon),EDSA-Aurora,"14.616467,121.052300","14.622476,121.053329",False,,iaco,2,1,1,"14.616777,121.052488 | 14.619012,121.053211 | 14.619746,121.054667 | 14.619872,121.054710 | 14.621727,121.053807",,"14.618177,121.051835 | 14.620401,121.050936 | 14.620445,121.050807 | 14.621872,121.050939 | 14.621789,121.051891",,973552665 973552682 5731638971 2397945844 720693849 720697062 720695545 720698673 589927685 5575045457 589927746 12026915269 32519348,973552665 973552682 5731638971 2397945844 720696446 720702081 10678257554 720702280 32519357 10678257553 679547473 2370264844 33471553 523959260 5575063133 3908188110 32519354 32519348
E30,incident_exposed,1,2026-05-25T18:25:00,Mon 18:25,EDSA-Ortigas,8337-Ayala NB 1-PTZ,"14.593441,121.058284","14.550071,121.029408",True,,shortest_distance,8,1,1,"14.601465,121.058574 | 14.596305,121.059377 | 14.555289,121.035289",,"14.601465,121.058574 | 14.596305,121.059377 | 14.555289,121.035289",,21834288 96349148 305118198 96349145 96349143 96352275 68902574 68902573 88771457 5285161657 5285161656 5288982109 12029158386 313926476 313926605 3775184570 3775184569 3775184564 570700035,21834288 96349148 305118198 96349145 96349143 96352275 68902574 68902573 88771457 5285161657 5285161656 5288982109 12029158386 313926476 313926605 3775184570 3775184569 3775184564 570700035
