date,ws_temp_c,ws_precip_mm,ws_humidity_pct,grid_cell
2025-06-01,33,2.2,70,287_2420
2025-06-02,32,4.0,74,287_2420
2025-06-03,33,1.1,71,287_2420
2025-06-04,33,2.1,72,287_2420
2025-06-05,32,4.6,74,287_2420
2025-06-06,32,5.4,75,287_2420
2025-06-07,32,15.6,75,287_2420
2025-06-08,31,18.1,79,287_2420
2025-06-09,31,35.5,85,287_2420
2025-06-10,27,12.9,88,287_2420
2025-06-11,25,41.1,92,287_2420
2025-06-12,29,28.2,88,287_2420
2025-06-13,30,1.2,79,287_2420
2025-06-14,32,0.6,76,287_2420
2025-06-15,33,3.6,76,287_2420
2025-06-16,34,6.7,74,287_2420
2025-06-17,31,16.8,78,287_2420
2025-06-18,31,9.9,78,287_2420
2025-06-19,32,1.3,75,287_2420
2025-06-20,33,5.9,73,287_2420
2025-06-21,33,2.1,74,287_2420
2025-06-22,27,11.7,84,287_2420
2025-06-23,29,10.8,80,287_2420
2025-06-24,30,15.5,82,287_2420
2025-06-25,31,16.4,79,287_2420
2025-06-26,31,17.6,80,287_2420
2025-06-27,29,8.9,85,287_2420
2025-06-28,31,2.4,77,287_2420
2025-06-29,31,21.1,81,287_2420
2025-06-30,29,17.9,84,287_2420
2025-07-01,30,11.4,81,287_2420
2025-07-02,30,39.7,85,287_2420
2025-07-03,26,55.5,91,287_2420
2025-07-04,30,20.4,85,287_2420
2025-07-05,30,14.2,81,287_2420
2025-07-06,31,3.1,76,287_2420
2025-07-07,31,0.1,75,287_2420
2025-07-08,30,2.3,80,287_2420
2025-07-09,31,3.4,77,287_2420
2025-07-10,31,3.6,78,287_2420
2025-07-11,31,2.4,78,287_2420
2025-07-12,30,2.9,79,287_2420
2025-07-13,30,6.2,80,287_2420
2025-07-14,31,0.6,77,287_2420
2025-07-15,31,0.6,78,287_2420
2025-07-16,30,2.4,80,287_2420
2025-07-17,29,18.4,83,287_2420
2025-07-18,26,42.3,90,287_2420
2025-07-19,27,24.3,89,287_2420
2025-07-20,30,16.8,83,287_2420
2025-07-21,28,24.9,86,287_2420
2025-07-22,27,33.8,90,287_2420
2025-07-23,26,55.4,93,287_2420
2025-07-24,27,38.7,90,287_2420
2025-07-25,28,22.2,89,287_2420
2025-07-26,30,4.1,82,287_2420
2025-07-27,30,7.9,82,287_2420
2025-07-28,30,5.9,79,287_2420
2025-07-29,30,7.9,78,287_2420
2025-07-30,31,0.1,70,287_2420
2025-07-31,31,0.2,71,287_2420
2025-08-01,31,0.9,74,287_2420
2025-08-02,32,0.0,77,287_2420
2025-08-03,31,0.0,77,287_2420
2025-08-04,31,0.0,74,287_2420
2025-08-05,32,5.5,74,287_2420
2025-08-06,32,6.6,74,287_2420
2025-08-07,29,11.8,82,287_2420
2025-08-08,29,11.7,84,287_2420
2025-08-09,30,0.5,77,287_2420
2025-08-10,30,0.5,76,287_2420
2025-08-11,30,2.1,78,287_2420
2025-08-12,31,12.4,79,287_2420
2025-08-13,30,11.2,79,287_2420
2025-08-14,30,9.4,79,287_2420
2025-08-15,29,21.6,82,287_2420
2025-08-16,29,30.9,85,287_2420
2025-08-17,30,10.9,81,287_2420
2025-08-18,32,1.2,77,287_2420
2025-08-19,32,6.8,77,287_2420
2025-08-20,30,0.0,78,287_2420
2025-08-21,29,6.5,84,287_2420
2025-08-22,28,18.1,86,287_2420
2025-08-23,28,3.6,84,287_2420
2025-08-24,30,6.1,77,287_2420
2025-08-25,29,17.3,81,287_2420
2025-08-26,26,35.0,92,287_2420
2025-08-27,28,7.3,85,287_2420
2025-08-28,29,12.7,86,287_2420
2025-08-29,28,22.5,88,287_2420
2025-08-30,29,22.8,85,287_2420
2025-08-31,29,9.7,84,287_2420
2025-09-01,29,21.9,87,287_2420
2025-09-02,28,13.5,89,287_2420
2025-09-03,30,16.8,82,287_2420
2025-09-04,29,13.5,84,287_2420
2025-09-05,28,15.2,88,287_2420
2025-09-06,27,8.3,86,287_2420
2025-09-07,30,8.8,82,287_2420
2025-09-08,30,0.8,80,287_2420
2025-09-09,31,1.3,75,287_2420
2025-09-10,31,2.7,77,287_2420
2025-09-11,29,1.7,79,287_2420
2025-09-12,31,17.5,80,287_2420
2025-09-13,31,4.8,82,287_2420
2025-09-14,28,4.6,82,287_2420
2025-09-15,30,3.6,81,287_2420
2025-09-16,29,7.4,80,287_2420
2025-09-17,29,19.3,83,287_2420
2025-09-18,30,6.2,82,287_2420
2025-09-19,30,12.6,80,287_2420
2025-09-20,28,10.3,86,287_2420
2025-09-21,27,26.5,89,287_2420
2025-09-22,27,45.3,91,287_2420
2025-09-23,30,15.1,83,287_2420
2025-09-24,30,9.7,80,287_2420
2025-09-25,29,11.4,81,287_2420
2025-09-26,27,11.1,89,287_2420
2025-09-27,30,0.9,81,287_2420
2025-09-28,31,2.9,80,287_2420
2025-09-29,31,6.5,81,287_2420
2025-09-30,31,0.7,78,287_2420
2025-10-01,28,5.4,85,287_2420
2025-10-02,30,2.7,80,287_2420
2025-10-03,30,17.7,84,287_2420
2025-10-04,29,3.3,82,287_2420
2025-10-05,29,8.5,81,287_2420
2025-10-06,31,0.2,77,287_2420
2025-10-07,30,0.0,78,287_2420
2025-10-08,31,2.6,78,287_2420
2025-10-09,30,7.2,78,287_2420
2025-10-10,29,9.1,83,287_2420
2025-10-11,29,21.3,85,287_2420
2025-10-12,29,7.4,83,287_2420
2025-10-13,31,0.7,81,287_2420
2025-10-14,30,0.4,81,287_2420
2025-10-15,29,0.0,81,287_2420
2025-10-16,30,0.0,80,287_2420
2025-10-17,31,0.0,78,287_2420
2025-10-18,31,1.3,76,287_2420
2025-10-19,29,6.1,81,287_2420
2025-10-20,31,1.1,82,287_2420
2025-10-21,31,0.6,81,287_2420
2025-10-22,31,0.9,79,287_2420
2025-10-23,31,0.0,77,287_2420
2025-10-24,30,1.0,79,287_2420
2025-10-25,31,1.6,79,287_2420
2025-10-26,31,3.9,80,287_2420
2025-10-27,31,0.3,77,287_2420
2025-10-28,31,1.2,76,287_2420
2025-10-29,31,10.4,80,287_2420
2025-10-30,30,0.3,80,287_2420
2025-10-31,32,1.3,79,287_2420
2025-11-01,31,0.3,78,287_2420
2025-11-02,31,1.8,78,287_2420
2025-11-03,29,35.8,86,287_2420
2025-11-04,29,34.1,85,287_2420
2025-11-05,31,2.6,79,287_2420
2025-11-06,31,3.1,79,287_2420
2025-11-07,30,7.9,80,287_2420
2025-11-08,30,2.7,81,287_2420
2025-11-09,27,17.0,87,287_2420
2025-11-10,27,18.4,86,287_2420
2025-11-11,29,10.0,82,287_2420
2025-11-12,30,0.1,80,287_2420
2025-11-13,29,1.4,82,287_2420
2025-11-14,29,0.2,82,287_2420
2025-11-15,30,0.2,79,287_2420
2025-11-16,30,0.1,77,287_2420
2025-11-17,31,0.0,78,287_2420
2025-11-18,31,0.0,77,287_2420
2025-11-19,30,1.4,76,287_2420
2025-11-20,30,0.1,77,287_2420
2025-11-21,27,0.3,82,287_2420
2025-11-22,30,0.0,77,287_2420
2025-11-23,30,0.1,77,287_2420
2025-11-24,30,0.4,74,287_2420
2025-11-25,27,55.3,83,287_2420
2025-11-26,29,11.5,85,287_2420
2025-11-27,30,3.3,82,287_2420
2025-11-28,30,5.2,82,287_2420
2025-11-29,26,21.4,91,287_2420
2025-11-30,30,7.6,80,287_2420
2025-12-01,30,9.5,82,287_2420
2025-12-02,30,3.1,81,287_2420
2025-12-03,30,3.6,79,287_2420
2025-12-04,28,3.9,76,287_2420
2025-12-05,28,0.1,71,287_2420
2025-12-06,27,0.1,72,287_2420
2025-12-07,25,53.4,84,287_2420
2025-12-08,27,10.9,90,287_2420
2025-12-09,30,0.0,79,287_2420
2025-12-10,30,0.2,80,287_2420
2025-12-11,30,0.4,80,287_2420
2025-12-12,29,0.1,77,287_2420
2025-12-13,26,0.3,83,287_2420
2025-12-14,29,0.0,75,287_2420
2025-12-15,28,0.5,77,287_2420
2025-12-16,29,3.0,81,287_2420
2025-12-17,27,5.7,83,287_2420
2025-12-18,28,1.1,79,287_2420
2025-12-19,27,0.7,80,287_2420
2025-12-20,27,2.1,83,287_2420
2025-12-21,28,0.0,78,287_2420
2025-12-22,28,0.6,79,287_2420
2025-12-23,29,0.0,76,287_2420
2025-12-24,29,0.5,81,287_2420
2025-12-25,30,0.3,78,287_2420
2025-12-26,29,0.0,76,287_2420
2025-12-27,29,0.0,76,287_2420
2025-12-28,30,0.1,78,287_2420
2025-12-29,30,0.0,78,287_2420
2025-12-30,30,0.2,77,287_2420
2025-12-31,29,1.3,78,287_2420
2026-01-01,26,0.9,82,287_2420
2026-01-02,25,9.5,88,287_2420
2026-01-03,25,1.6,80,287_2420
2026-01-04,26,0.1,75,287_2420
2026-01-05,26,0.8,83,287_2420
2026-01-06,26,1.9,81,287_2420
2026-01-07,27,1.9,79,287_2420
2026-01-08,25,15.4,87,287_2420
2026-01-09,25,4.8,86,287_2420
2026-01-10,29,1.3,78,287_2420
2026-01-11,28,1.1,77,287_2420
2026-01-12,28,0.0,74,287_2420
2026-01-13,28,5.2,81,287_2420
2026-01-14,29,3.3,79,287_2420
2026-01-15,27,3.8,82,287_2420
2026-01-16,28,0.0,77,287_2420
2026-01-17,28,0.0,79,287_2420
2026-01-18,26,0.3,80,287_2420
2026-01-19,29,0.0,75,287_2420
2026-01-20,29,0.0,73,287_2420
2026-01-21,29,0.1,71,287_2420
2026-01-22,27,0.0,68,287_2420
2026-01-23,26,0.1,70,287_2420
2026-01-24,26,1.7,73,287_2420
2026-01-25,28,0.2,72,287_2420
2026-01-26,27,0.0,73,287_2420
2026-01-27,28,0.4,78,287_2420
2026-01-28,28,0.0,72,287_2420
2026-01-29,28,0.0,69,287_2420
2026-01-30,28,0.4,74,287_2420
2026-01-31,28,0.0,69,287_2420
2026-02-01,28,0.0,66,287_2420
2026-02-02,29,0.0,66,287_2420
2026-02-03,29,0.0,66,287_2420
2026-02-04,28,0.9,72,287_2420
2026-02-05,29,0.0,65,287_2420
2026-02-06,28,0.0,74,287_2420
2026-02-07,28,1.6,80,287_2420
2026-02-08,27,3.9,80,287_2420
2026-02-09,26,0.0,71,287_2420
2026-02-10,28,0.0,74,287_2420
2026-02-11,26,1.4,82,287_2420
2026-02-12,28,0.1,75,287_2420
2026-02-13,27,1.0,78,287_2420
2026-02-14,30,0.1,79,287_2420
2026-02-15,30,0.0,76,287_2420
2026-02-16,30,0.0,75,287_2420
2026-02-17,30,0.0,75,287_2420
2026-02-18,28,0.0,72,287_2420
2026-02-19,29,0.0,69,287_2420
2026-02-20,29,0.5,70,287_2420
2026-02-21,29,0.0,71,287_2420
2026-02-22,30,0.0,70,287_2420
2026-02-23,30,0.0,69,287_2420
2026-02-24,30,0.2,74,287_2420
2026-02-25,31,0.0,71,287_2420
2026-02-26,31,0.0,69,287_2420
2026-02-27,31,0.0,69,287_2420
2026-02-28,31,0.0,68,287_2420
2026-03-01,31,0.0,70,287_2420
2026-03-02,32,0.0,74,287_2420
2026-03-03,32,0.0,73,287_2420
2026-03-04,32,0.0,69,287_2420
2026-03-05,32,0.0,71,287_2420
2026-03-06,31,0.0,71,287_2420
2026-03-07,32,0.0,69,287_2420
2026-03-08,30,0.2,70,287_2420
2026-03-09,30,0.2,67,287_2420
2026-03-10,29,0.0,62,287_2420
2026-03-11,30,0.0,65,287_2420
2026-03-12,29,0.0,69,287_2420
2026-03-13,27,0.4,65,287_2420
2026-03-14,27,0.0,58,287_2420
2026-03-15,28,0.0,59,287_2420
2026-03-16,29,0.3,63,287_2420
2026-03-17,29,0.1,71,287_2420
2026-03-18,30,0.0,68,287_2420
2026-03-19,30,0.0,68,287_2420
2026-03-20,31,0.0,66,287_2420
2026-03-21,31,0.0,66,287_2420
2026-03-22,31,0.3,67,287_2420
2026-03-23,31,0.0,62,287_2420
2026-03-24,32,0.0,62,287_2420
2026-03-25,32,0.0,69,287_2420
2026-03-26,32,0.0,72,287_2420
2026-03-27,32,0.0,70,287_2420
2026-03-28,33,0.0,68,287_2420
2026-03-29,32,0.0,67,287_2420
2026-03-30,33,0.0,68,287_2420
2026-03-31,32,0.0,67,287_2420
2026-04-01,33,0.0,66,287_2420
2026-04-02,33,0.0,65,287_2420
2026-04-03,32,0.0,61,287_2420
2026-04-04,34,0.0,59,287_2420
2026-04-05,35,0.0,60,287_2420
2026-04-06,34,0.0,65,287_2420
2026-04-07,36,0.0,63,287_2420
2026-04-08,34,0.3,59,287_2420
2026-04-09,34,0.0,67,287_2420
2026-04-10,35,0.5,64,287_2420
2026-04-11,35,1.3,62,287_2420
2026-04-12,34,0.0,59,287_2420
2026-04-13,34,0.0,63,287_2420
2026-04-14,34,0.0,62,287_2420
2026-04-15,34,0.0,58,287_2420
2026-04-16,34,0.0,60,287_2420
2026-04-17,34,0.0,60,287_2420
2026-04-18,34,0.0,63,287_2420
2026-04-19,34,0.7,61,287_2420
2026-04-20,35,0.2,61,287_2420
2026-04-21,34,0.0,62,287_2420
2026-04-22,34,0.0,61,287_2420
2026-04-23,35,0.0,61,287_2420
2026-04-24,35,0.0,61,287_2420
2026-04-25,35,0.0,64,287_2420
2026-04-26,35,0.0,66,287_2420
2026-04-27,34,0.0,67,287_2420
2026-04-28,34,8.5,66,287_2420
2026-04-29,35,0.1,62,287_2420
2026-04-30,35,0.0,65,287_2420
2026-05-01,35,0.1,63,287_2420
2026-05-02,34,0.0,66,287_2420
2026-05-03,34,0.0,68,287_2420
2026-05-04,35,0.0,65,287_2420
2026-05-05,34,0.0,64,287_2420
2026-05-06,35,0.1,63,287_2420
2026-05-07,35,0.0,65,287_2420
2026-05-08,35,0.1,64,287_2420
2026-05-09,35,0.0,65,287_2420
2026-05-10,35,0.0,64,287_2420
2026-05-11,36,0.0,64,287_2420
2026-05-12,36,0.6,64,287_2420
2026-05-13,35,1.0,66,287_2420
2026-05-14,35,4.0,67,287_2420
2026-05-15,34,2.4,71,287_2420
2026-05-16,34,12.7,67,287_2420
2026-05-17,33,5.9,71,287_2420
2026-05-18,34,5.1,69,287_2420
2026-05-19,32,17.5,72,287_2420
2026-05-20,34,4.1,68,287_2420
2026-05-21,34,6.8,69,287_2420
2026-05-22,35,0.7,66,287_2420
2026-05-23,36,1.4,65,287_2420
2026-05-24,35,3.1,66,287_2420
2026-05-25,37,2.1,65,287_2420
2026-05-26,35,0.7,66,287_2420
2026-05-27,34,1.7,67,287_2420
2026-05-28,35,0.6,68,287_2420
2026-05-29,34,3.8,72,287_2420
2026-05-30,33,8.2,73,287_2420
2026-05-31,32,12.6,74,287_2420
2025-06-01,33,2.2,70,287_2421
2025-06-02,32,4.0,74,287_2421
2025-06-03,33,1.1,71,287_2421
2025-06-04,33,2.1,72,287_2421
2025-06-05,32,4.6,74,287_2421
2025-06-06,32,5.4,75,287_2421
2025-06-07,32,15.6,75,287_2421
2025-06-08,31,18.1,79,287_2421
2025-06-09,31,35.5,85,287_2421
2025-06-10,27,12.9,88,287_2421
2025-06-11,25,41.1,92,287_2421
2025-06-12,29,28.2,88,287_2421
2025-06-13,30,1.2,79,287_2421
2025-06-14,32,0.6,76,287_2421
2025-06-15,33,3.6,76,287_2421
2025-06-16,34,6.7,74,287_2421
2025-06-17,31,16.8,78,287_2421
2025-06-18,31,9.9,78,287_2421
2025-06-19,32,1.3,75,287_2421
2025-06-20,33,5.9,73,287_2421
2025-06-21,33,2.1,74,287_2421
2025-06-22,27,11.7,84,287_2421
2025-06-23,29,10.8,80,287_2421
2025-06-24,30,15.5,82,287_2421
2025-06-25,31,16.4,79,287_2421
2025-06-26,31,17.6,80,287_2421
2025-06-27,29,8.9,85,287_2421
2025-06-28,31,2.4,77,287_2421
2025-06-29,31,21.1,81,287_2421
2025-06-30,29,17.9,84,287_2421
2025-07-01,30,11.4,81,287_2421
2025-07-02,30,39.7,85,287_2421
2025-07-03,26,55.5,91,287_2421
2025-07-04,30,20.4,85,287_2421
2025-07-05,30,14.2,81,287_2421
2025-07-06,31,3.1,76,287_2421
2025-07-07,31,0.1,75,287_2421
2025-07-08,30,2.3,80,287_2421
2025-07-09,31,3.4,77,287_2421
2025-07-10,31,3.6,78,287_2421
2025-07-11,31,2.4,78,287_2421
2025-07-12,30,2.9,79,287_2421
2025-07-13,30,6.2,80,287_2421
2025-07-14,31,0.6,77,287_2421
2025-07-15,31,0.6,78,287_2421
2025-07-16,30,2.4,80,287_2421
2025-07-17,29,18.4,83,287_2421
2025-07-18,26,42.3,90,287_2421
2025-07-19,27,24.3,89,287_2421
2025-07-20,30,16.8,83,287_2421
2025-07-21,28,24.9,86,287_2421
2025-07-22,27,33.8,90,287_2421
2025-07-23,26,55.4,93,287_2421
2025-07-24,27,38.7,90,287_2421
2025-07-25,28,22.2,89,287_2421
2025-07-26,30,4.1,82,287_2421
2025-07-27,30,7.9,82,287_2421
2025-07-28,30,5.9,79,287_2421
2025-07-29,30,7.9,78,287_2421
2025-07-30,31,0.1,70,287_2421
2025-07-31,31,0.2,71,287_2421
2025-08-01,31,0.9,74,287_2421
2025-08-02,32,0.0,77,287_2421
2025-08-03,31,0.0,77,287_2421
2025-08-04,31,0.0,74,287_2421
2025-08-05,32,5.5,74,287_2421
2025-08-06,32,6.6,74,287_2421
2025-08-07,29,11.8,82,287_2421
2025-08-08,29,11.7,84,287_2421
2025-08-09,30,0.5,77,287_2421
2025-08-10,30,0.5,76,287_2421
2025-08-11,30,2.1,78,287_2421
2025-08-12,31,12.4,79,287_2421
2025-08-13,30,11.2,79,287_2421
2025-08-14,30,9.4,79,287_2421
2025-08-15,29,21.6,82,287_2421
2025-08-16,29,30.9,85,287_2421
2025-08-17,30,10.9,81,287_2421
2025-08-18,32,1.2,77,287_2421
2025-08-19,32,6.8,77,287_2421
2025-08-20,30,0.0,78,287_2421
2025-08-21,29,6.5,84,287_2421
2025-08-22,28,18.1,86,287_2421
2025-08-23,28,3.6,84,287_2421
2025-08-24,30,6.1,77,287_2421
2025-08-25,29,17.3,81,287_2421
2025-08-26,26,35.0,92,287_2421
2025-08-27,28,7.3,85,287_2421
2025-08-28,29,12.7,86,287_2421
2025-08-29,28,22.5,88,287_2421
2025-08-30,29,22.8,85,287_2421
2025-08-31,29,9.7,84,287_2421
2025-09-01,29,21.9,87,287_2421
2025-09-02,28,13.5,89,287_2421
2025-09-03,30,16.8,82,287_2421
2025-09-04,29,13.5,84,287_2421
2025-09-05,28,15.2,88,287_2421
2025-09-06,27,8.3,86,287_2421
2025-09-07,30,8.8,82,287_2421
2025-09-08,30,0.8,80,287_2421
2025-09-09,31,1.3,75,287_2421
2025-09-10,31,2.7,77,287_2421
2025-09-11,29,1.7,79,287_2421
2025-09-12,31,17.5,80,287_2421
2025-09-13,31,4.8,82,287_2421
2025-09-14,28,4.6,82,287_2421
2025-09-15,30,3.6,81,287_2421
2025-09-16,29,7.4,80,287_2421
2025-09-17,29,19.3,83,287_2421
2025-09-18,30,6.2,82,287_2421
2025-09-19,30,12.6,80,287_2421
2025-09-20,28,10.3,86,287_2421
2025-09-21,27,26.5,89,287_2421
2025-09-22,27,45.3,91,287_2421
2025-09-23,30,15.1,83,287_2421
2025-09-24,30,9.7,80,287_2421
2025-09-25,29,11.4,81,287_2421
2025-09-26,27,11.1,89,287_2421
2025-09-27,30,0.9,81,287_2421
2025-09-28,31,2.9,80,287_2421
2025-09-29,31,6.5,81,287_2421
2025-09-30,31,0.7,78,287_2421
2025-10-01,28,5.4,85,287_2421
2025-10-02,30,2.7,80,287_2421
2025-10-03,30,17.7,84,287_2421
2025-10-04,29,3.3,82,287_2421
2025-10-05,29,8.5,81,287_2421
2025-10-06,31,0.2,77,287_2421
2025-10-07,30,0.0,78,287_2421
2025-10-08,31,2.6,78,287_2421
2025-10-09,30,7.2,78,287_2421
2025-10-10,29,9.1,83,287_2421
2025-10-11,29,21.3,85,287_2421
2025-10-12,29,7.4,83,287_2421
2025-10-13,31,0.7,81,287_2421
2025-10-14,30,0.4,81,287_2421
2025-10-15,29,0.0,81,287_2421
2025-10-16,30,0.0,80,287_2421
2025-10-17,31,0.0,78,287_2421
2025-10-18,31,1.3,76,287_2421
2025-10-19,29,6.1,81,287_2421
2025-10-20,31,1.1,82,287_2421
2025-10-21,31,0.6,81,287_2421
2025-10-22,31,0.9,79,287_2421
2025-10-23,31,0.0,77,287_2421
2025-10-24,30,1.0,79,287_2421
2025-10-25,31,1.6,79,287_2421
2025-10-26,31,3.9,80,287_2421
2025-10-27,31,0.3,77,287_2421
2025-10-28,31,1.2,76,287_2421
2025-10-29,31,10.4,80,287_2421
2025-10-30,30,0.3,80,287_2421
2025-10-31,32,1.3,79,287_2421
2025-11-01,31,0.3,78,287_2421
2025-11-02,31,1.8,78,287_2421
2025-11-03,29,35.8,86,287_2421
2025-11-04,29,34.1,85,287_2421
2025-11-05,31,2.6,79,287_2421
2025-11-06,31,3.1,79,287_2421
2025-11-07,30,7.9,80,287_2421
2025-11-08,30,2.7,81,287_2421
2025-11-09,27,17.0,87,287_2421
2025-11-10,27,18.4,86,287_2421
2025-11-11,29,10.0,82,287_2421
2025-11-12,30,0.1,80,287_2421
2025-11-13,29,1.4,82,287_2421
2025-11-14,29,0.2,82,287_2421
2025-11-15,30,0.2,79,287_2421
2025-11-16,30,0.1,77,287_2421
2025-11-17,31,0.0,78,287_2421
2025-11-18,31,0.0,77,287_2421
2025-11-19,30,1.4,76,287_2421
2025-11-20,30,0.1,77,287_2421
2025-11-21,27,0.3,82,287_2421
2025-11-22,30,0.0,77,287_2421
2025-11-23,30,0.1,77,287_2421
2025-11-24,30,0.4,74,287_2421
2025-11-25,27,55.3,83,287_2421
2025-11-26,29,11.5,85,287_2421
2025-11-27,30,3.3,82,287_2421
2025-11-28,30,5.2,82,287_2421
2025-11-29,26,21.4,91,287_2421
2025-11-30,30,7.6,80,287_2421
2025-12-01,30,9.5,82,287_2421
2025-12-02,30,3.1,81,287_2421
2025-12-03,30,3.6,79,287_2421
2025-12-04,28,3.9,76,287_2421
2025-12-05,28,0.1,71,287_2421
2025-12-06,27,0.1,72,287_2421
2025-12-07,25,53.4,84,287_2421
2025-12-08,27,10.9,90,287_2421
2025-12-09,30,0.0,79,287_2421
2025-12-10,30,0.2,80,287_2421
2025-12-11,30,0.4,80,287_2421
2025-12-12,29,0.1,77,287_2421
2025-12-13,26,0.3,83,287_2421
2025-12-14,29,0.0,75,287_2421
2025-12-15,28,0.5,77,287_2421
2025-12-16,29,3.0,81,287_2421
2025-12-17,27,5.7,83,287_2421
2025-12-18,28,1.1,79,287_2421
2025-12-19,27,0.7,80,287_2421
2025-12-20,27,2.1,83,287_2421
2025-12-21,28,0.0,78,287_2421
2025-12-22,28,0.6,79,287_2421
2025-12-23,29,0.0,76,287_2421
2025-12-24,29,0.5,81,287_2421
2025-12-25,30,0.3,78,287_2421
2025-12-26,29,0.0,76,287_2421
2025-12-27,29,0.0,76,287_2421
2025-12-28,30,0.1,78,287_2421
2025-12-29,30,0.0,78,287_2421
2025-12-30,30,0.2,77,287_2421
2025-12-31,29,1.3,78,287_2421
2026-01-01,26,0.9,82,287_2421
2026-01-02,25,9.5,88,287_2421
2026-01-03,25,1.6,80,287_2421
2026-01-04,26,0.1,75,287_2421
2026-01-05,26,0.8,83,287_2421
2026-01-06,26,1.9,81,287_2421
2026-01-07,27,1.9,79,287_2421
2026-01-08,25,15.4,87,287_2421
2026-01-09,25,4.8,86,287_2421
2026-01-10,29,1.3,78,287_2421
2026-01-11,28,1.1,77,287_2421
2026-01-12,28,0.0,74,287_2421
2026-01-13,28,5.2,81,287_2421
2026-01-14,29,3.3,79,287_2421
2026-01-15,27,3.8,82,287_2421
2026-01-16,28,0.0,77,287_2421
2026-01-17,28,0.0,79,287_2421
2026-01-18,26,0.3,80,287_2421
2026-01-19,29,0.0,75,287_2421
2026-01-20,29,0.0,73,287_2421
2026-01-21,29,0.1,71,287_2421
2026-01-22,27,0.0,68,287_2421
2026-01-23,26,0.1,70,287_2421
2026-01-24,26,1.7,73,287_2421
2026-01-25,28,0.2,72,287_2421
2026-01-26,27,0.0,73,287_2421
2026-01-27,28,0.4,78,287_2421
2026-01-28,28,0.0,72,287_2421
2026-01-29,28,0.0,69,287_2421
2026-01-30,28,0.4,74,287_2421
2026-01-31,28,0.0,69,287_2421
2026-02-01,28,0.0,66,287_2421
2026-02-02,29,0.0,66,287_2421
2026-02-03,29,0.0,66,287_2421
2026-02-04,28,0.9,72,287_2421
2026-02-05,29,0.0,65,287_2421
2026-02-06,28,0.0,74,287_2421
2026-02-07,28,1.6,80,287_2421
2026-02-08,27,3.9,80,287_2421
2026-02-09,26,0.0,71,287_2421
2026-02-10,28,0.0,74,287_2421
2026-02-11,26,1.4,82,287_2421
2026-02-12,28,0.1,75,287_2421
2026-02-13,27,1.0,78,287_2421
2026-02-14,30,0.1,79,287_2421
2026-02-15,30,0.0,76,287_2421
2026-02-16,30,0.0,75,287_2421
2026-02-17,30,0.0,75,287_2421
2026-02-18,28,0.0,72,287_2421
2026-02-19,29,0.0,69,287_2421
2026-02-20,29,0.5,70,287_2421
2026-02-21,29,0.0,71,287_2421
2026-02-22,30,0.0,70,287_2421
2026-02-23,30,0.0,69,287_2421
2026-02-24,30,0.2,74,287_2421
2026-02-25,31,0.0,71,287_2421
2026-02-26,31,0.0,69,287_2421
2026-02-27,31,0.0,69,287_2421
2026-02-28,31,0.0,68,287_2421
2026-03-01,31,0.0,70,287_2421
2026-03-02,32,0.0,74,287_2421
2026-03-03,32,0.0,73,287_2421
2026-03-04,32,0.0,69,287_2421
2026-03-05,32,0.0,71,287_2421
2026-03-06,31,0.0,71,287_2421
2026-03-07,32,0.0,69,287_2421
2026-03-08,30,0.2,70,287_2421
2026-03-09,30,0.2,67,287_2421
2026-03-10,29,0.0,62,287_2421
2026-03-11,30,0.0,65,287_2421
2026-03-12,29,0.0,69,287_2421
2026-03-13,27,0.4,65,287_2421
2026-03-14,27,0.0,58,287_2421
2026-03-15,28,0.0,59,287_2421
2026-03-16,29,0.3,63,287_2421
2026-03-17,29,0.1,71,287_2421
2026-03-18,30,0.0,68,287_2421
2026-03-19,30,0.0,68,287_2421
2026-03-20,31,0.0,66,287_2421
2026-03-21,31,0.0,66,287_2421
2026-03-22,31,0.3,67,287_2421
2026-03-23,31,0.0,62,287_2421
2026-03-24,32,0.0,62,287_2421
2026-03-25,32,0.0,69,287_2421
2026-03-26,32,0.0,72,287_2421
2026-03-27,32,0.0,70,287_2421
2026-03-28,33,0.0,68,287_2421
2026-03-29,32,0.0,67,287_2421
2026-03-30,33,0.0,68,287_2421
2026-03-31,32,0.0,67,287_2421
2026-04-01,33,0.0,66,287_2421
2026-04-02,33,0.0,65,287_2421
2026-04-03,32,0.0,61,287_2421
2026-04-04,34,0.0,59,287_2421
2026-04-05,35,0.0,60,287_2421
2026-04-06,34,0.0,65,287_2421
2026-04-07,36,0.0,63,287_2421
2026-04-08,34,0.3,59,287_2421
2026-04-09,34,0.0,67,287_2421
2026-04-10,35,0.5,64,287_2421
2026-04-11,35,1.3,62,287_2421
2026-04-12,34,0.0,59,287_2421
2026-04-13,34,0.0,63,287_2421
2026-04-14,34,0.0,62,287_2421
2026-04-15,34,0.0,58,287_2421
2026-04-16,34,0.0,60,287_2421
2026-04-17,34,0.0,60,287_2421
2026-04-18,34,0.0,63,287_2421
2026-04-19,34,0.7,61,287_2421
2026-04-20,35,0.2,61,287_2421
2026-04-21,34,0.0,62,287_2421
2026-04-22,34,0.0,61,287_2421
2026-04-23,35,0.0,61,287_2421
2026-04-24,35,0.0,61,287_2421
2026-04-25,35,0.0,64,287_2421
2026-04-26,35,0.0,66,287_2421
2026-04-27,34,0.0,67,287_2421
2026-04-28,34,8.5,66,287_2421
2026-04-29,35,0.1,62,287_2421
2026-04-30,35,0.0,65,287_2421
2026-05-01,35,0.1,63,287_2421
2026-05-02,34,0.0,66,287_2421
2026-05-03,34,0.0,68,287_2421
2026-05-04,35,0.0,65,287_2421
2026-05-05,34,0.0,64,287_2421
2026-05-06,35,0.1,63,287_2421
2026-05-07,35,0.0,65,287_2421
2026-05-08,35,0.1,64,287_2421
2026-05-09,35,0.0,65,287_2421
2026-05-10,35,0.0,64,287_2421
2026-05-11,36,0.0,64,287_2421
2026-05-12,36,0.6,64,287_2421
2026-05-13,35,1.0,66,287_2421
2026-05-14,35,4.0,67,287_2421
2026-05-15,34,2.4,71,287_2421
2026-05-16,34,12.7,67,287_2421
2026-05-17,33,5.9,71,287_2421
2026-05-18,34,5.1,69,287_2421
2026-05-19,32,17.5,72,287_2421
2026-05-20,34,4.1,68,287_2421
2026-05-21,34,6.8,69,287_2421
2026-05-22,35,0.7,66,287_2421
2026-05-23,36,1.4,65,287_2421
2026-05-24,35,3.1,66,287_2421
2026-05-25,37,2.1,65,287_2421
2026-05-26,35,0.7,66,287_2421
2026-05-27,34,1.7,67,287_2421
2026-05-28,35,0.6,68,287_2421
2026-05-29,34,3.8,72,287_2421
2026-05-30,33,8.2,73,287_2421
2026-05-31,32,12.6,74,287_2421
2025-06-01,33,2.2,70,288_2420
2025-06-02,32,4.0,74,288_2420
2025-06-03,33,1.1,71,288_2420
2025-06-04,33,2.1,72,288_2420
2025-06-05,32,4.6,74,288_2420
2025-06-06,32,5.4,75,288_2420
2025-06-07,32,15.6,75,288_2420
2025-06-08,31,18.1,79,288_2420
2025-06-09,31,35.5,85,288_2420
2025-06-10,27,12.9,88,288_2420
2025-06-11,25,41.1,92,288_2420
2025-06-12,29,28.2,88,288_2420
2025-06-13,30,1.2,79,288_2420
2025-06-14,32,0.6,76,288_2420
2025-06-15,33,3.6,76,288_2420
2025-06-16,34,6.7,74,288_2420
2025-06-17,31,16.8,78,288_2420
2025-06-18,31,9.9,78,288_2420
2025-06-19,32,1.3,75,288_2420
2025-06-20,33,5.9,73,288_2420
2025-06-21,33,2.1,74,288_2420
2025-06-22,27,11.7,84,288_2420
2025-06-23,29,10.8,80,288_2420
2025-06-24,30,15.5,82,288_2420
2025-06-25,31,16.4,79,288_2420
2025-06-26,31,17.6,80,288_2420
2025-06-27,29,8.9,85,288_2420
2025-06-28,31,2.4,77,288_2420
2025-06-29,31,21.1,81,288_2420
2025-06-30,29,17.9,84,288_2420
2025-07-01,30,11.4,81,288_2420
2025-07-02,30,39.7,85,288_2420
2025-07-03,26,55.5,91,288_2420
2025-07-04,30,20.4,85,288_2420
2025-07-05,30,14.2,81,288_2420
2025-07-06,31,3.1,76,288_2420
2025-07-07,31,0.1,75,288_2420
2025-07-08,30,2.3,80,288_2420
2025-07-09,31,3.4,77,288_2420
2025-07-10,31,3.6,78,288_2420
2025-07-11,31,2.4,78,288_2420
2025-07-12,30,2.9,79,288_2420
2025-07-13,30,6.2,80,288_2420
2025-07-14,31,0.6,77,288_2420
2025-07-15,31,0.6,78,288_2420
2025-07-16,30,2.4,80,288_2420
2025-07-17,29,18.4,83,288_2420
2025-07-18,26,42.3,90,288_2420
2025-07-19,27,24.3,89,288_2420
2025-07-20,30,16.8,83,288_2420
2025-07-21,28,24.9,86,288_2420
2025-07-22,27,33.8,90,288_2420
2025-07-23,26,55.4,93,288_2420
2025-07-24,27,38.7,90,288_2420
2025-07-25,28,22.2,89,288_2420
2025-07-26,30,4.1,82,288_2420
2025-07-27,30,7.9,82,288_2420
2025-07-28,30,5.9,79,288_2420
2025-07-29,30,7.9,78,288_2420
2025-07-30,31,0.1,70,288_2420
2025-07-31,31,0.2,71,288_2420
2025-08-01,31,0.9,74,288_2420
2025-08-02,32,0.0,77,288_2420
2025-08-03,31,0.0,77,288_2420
2025-08-04,31,0.0,74,288_2420
2025-08-05,32,5.5,74,288_2420
2025-08-06,32,6.6,74,288_2420
2025-08-07,29,11.8,82,288_2420
2025-08-08,29,11.7,84,288_2420
2025-08-09,30,0.5,77,288_2420
2025-08-10,30,0.5,76,288_2420
2025-08-11,30,2.1,78,288_2420
2025-08-12,31,12.4,79,288_2420
2025-08-13,30,11.2,79,288_2420
2025-08-14,30,9.4,79,288_2420
2025-08-15,29,21.6,82,288_2420
2025-08-16,29,30.9,85,288_2420
2025-08-17,30,10.9,81,288_2420
2025-08-18,32,1.2,77,288_2420
2025-08-19,32,6.8,77,288_2420
2025-08-20,30,0.0,78,288_2420
2025-08-21,29,6.5,84,288_2420
2025-08-22,28,18.1,86,288_2420
2025-08-23,28,3.6,84,288_2420
2025-08-24,30,6.1,77,288_2420
2025-08-25,29,17.3,81,288_2420
2025-08-26,26,35.0,92,288_2420
2025-08-27,28,7.3,85,288_2420
2025-08-28,29,12.7,86,288_2420
2025-08-29,28,22.5,88,288_2420
2025-08-30,29,22.8,85,288_2420
2025-08-31,29,9.7,84,288_2420
2025-09-01,29,21.9,87,288_2420
2025-09-02,28,13.5,89,288_2420
2025-09-03,30,16.8,82,288_2420
2025-09-04,29,13.5,84,288_2420
2025-09-05,28,15.2,88,288_2420
2025-09-06,27,8.3,86,288_2420
2025-09-07,30,8.8,82,288_2420
2025-09-08,30,0.8,80,288_2420
2025-09-09,31,1.3,75,288_2420
2025-09-10,31,2.7,77,288_2420
2025-09-11,29,1.7,79,288_2420
2025-09-12,31,17.5,80,288_2420
2025-09-13,31,4.8,82,288_2420
2025-09-14,28,4.6,82,288_2420
2025-09-15,30,3.6,81,288_2420
2025-09-16,29,7.4,80,288_2420
2025-09-17,29,19.3,83,288_2420
2025-09-18,30,6.2,82,288_2420
2025-09-19,30,12.6,80,288_2420
2025-09-20,28,10.3,86,288_2420
2025-09-21,27,26.5,89,288_2420
2025-09-22,27,45.3,91,288_2420
2025-09-23,30,15.1,83,288_2420
2025-09-24,30,9.7,80,288_2420
2025-09-25,29,11.4,81,288_2420
2025-09-26,27,11.1,89,288_2420
2025-09-27,30,0.9,81,288_2420
2025-09-28,31,2.9,80,288_2420
2025-09-29,31,6.5,81,288_2420
2025-09-30,31,0.7,78,288_2420
2025-10-01,28,5.4,85,288_2420
2025-10-02,30,2.7,80,288_2420
2025-10-03,30,17.7,84,288_2420
2025-10-04,29,3.3,82,288_2420
2025-10-05,29,8.5,81,288_2420
2025-10-06,31,0.2,77,288_2420
2025-10-07,30,0.0,78,288_2420
2025-10-08,31,2.6,78,288_2420
2025-10-09,30,7.2,78,288_2420
2025-10-10,29,9.1,83,288_2420
2025-10-11,29,21.3,85,288_2420
2025-10-12,29,7.4,83,288_2420
2025-10-13,31,0.7,81,288_2420
2025-10-14,30,0.4,81,288_2420
2025-10-15,29,0.0,81,288_2420
2025-10-16,30,0.0,80,288_2420
2025-10-17,31,0.0,78,288_2420
2025-10-18,31,1.3,76,288_2420
2025-10-19,29,6.1,81,288_2420
2025-10-20,31,1.1,82,288_2420
2025-10-21,31,0.6,81,288_2420
2025-10-22,31,0.9,79,288_2420
2025-10-23,31,0.0,77,288_2420
2025-10-24,30,1.0,79,288_2420
2025-10-25,31,1.6,79,288_2420
2025-10-26,31,3.9,80,288_2420
2025-10-27,31,0.3,77,288_2420
2025-10-28,31,1.2,76,288_2420
2025-10-29,31,10.4,80,288_2420
2025-10-30,30,0.3,80,288_2420
2025-10-31,32,1.3,79,288_2420
2025-11-01,31,0.3,78,288_2420
2025-11-02,31,1.8,78,288_2420
2025-11-03,29,35.8,86,288_2420
2025-11-04,29,34.1,85,288_2420
2025-11-05,31,2.6,79,288_2420
2025-11-06,31,3.1,79,288_2420
2025-11-07,30,7.9,80,288_2420
2025-11-08,30,2.7,81,288_2420
2025-11-09,27,17.0,87,288_2420
2025-11-10,27,18.4,86,288_2420
2025-11-11,29,10.0,82,288_2420
2025-11-12,30,0.1,80,288_2420
2025-11-13,29,1.4,82,288_2420
2025-11-14,29,0.2,82,288_2420
2025-11-15,30,0.2,79,288_2420
2025-11-16,30,0.1,77,288_2420
2025-11-17,31,0.0,78,288_2420
2025-11-18,31,0.0,77,288_2420
2025-11-19,30,1.4,76,288_2420
2025-11-20,30,0.1,77,288_2420
2025-11-21,27,0.3,82,288_2420
2025-11-22,30,0.0,77,288_2420
2025-11-23,30,0.1,77,288_2420
2025-11-24,30,0.4,74,288_2420
2025-11-25,27,55.3,83,288_2420
2025-11-26,29,11.5,85,288_2420
2025-11-27,30,3.3,82,288_2420
2025-11-28,30,5.2,82,288_2420
2025-11-29,26,21.4,91,288_2420
2025-11-30,30,7.6,80,288_2420
2025-12-01,30,9.5,82,288_2420
2025-12-02,30,3.1,81,288_2420
2025-12-03,30,3.6,79,288_2420
2025-12-04,28,3.9,76,288_2420
2025-12-05,28,0.1,71,288_2420
2025-12-06,27,0.1,72,288_2420
2025-12-07,25,53.4,84,288_2420
2025-12-08,27,10.9,90,288_2420
2025-12-09,30,0.0,79,288_2420
2025-12-10,30,0.2,80,288_2420
2025-12-11,30,0.4,80,288_2420
2025-12-12,29,0.1,77,288_2420
2025-12-13,26,0.3,83,288_2420
2025-12-14,29,0.0,75,288_2420
2025-12-15,28,0.5,77,288_2420
2025-12-16,29,3.0,81,288_2420
2025-12-17,27,5.7,83,288_2420
2025-12-18,28,1.1,79,288_2420
2025-12-19,27,0.7,80,288_2420
2025-12-20,27,2.1,83,288_2420
2025-12-21,28,0.0,78,288_2420
2025-12-22,28,0.6,79,288_2420
2025-12-23,29,0.0,76,288_2420
2025-12-24,29,0.5,81,288_2420
2025-12-25,30,0.3,78,288_2420
2025-12-26,29,0.0,76,288_2420
2025-12-27,29,0.0,76,288_2420
2025-12-28,30,0.1,78,288_2420
2025-12-29,30,0.0,78,288_2420
2025-12-30,30,0.2,77,288_2420
2025-12-31,29,1.3,78,288_2420
2026-01-01,26,0.9,82,288_2420
2026-01-02,25,9.5,88,288_2420
2026-01-03,25,1.6,80,288_2420
2026-01-04,26,0.1,75,288_2420
2026-01-05,26,0.8,83,288_2420
2026-01-06,26,1.9,81,288_2420
2026-01-07,27,1.9,79,288_2420
2026-01-08,25,15.4,87,288_2420
2026-01-09,25,4.8,86,288_2420
2026-01-10,29,1.3,78,288_2420
2026-01-11,28,1.1,77,288_2420
2026-01-12,28,0.0,74,288_2420
2026-01-13,28,5.2,81,288_2420
2026-01-14,29,3.3,79,288_2420
2026-01-15,27,3.8,82,288_2420
2026-01-16,28,0.0,77,288_2420
2026-01-17,28,0.0,79,288_2420
2026-01-18,26,0.3,80,288_2420
2026-01-19,29,0.0,75,288_2420
2026-01-20,29,0.0,73,288_2420
2026-01-21,29,0.1,71,288_2420
2026-01-22,27,0.0,68,288_2420
2026-01-23,26,0.1,70,288_2420
2026-01-24,26,1.7,73,288_2420
2026-01-25,28,0.2,72,288_2420
2026-01-26,27,0.0,73,288_2420
2026-01-27,28,0.4,78,288_2420
2026-01-28,28,0.0,72,288_2420
2026-01-29,28,0.0,69,288_2420
2026-01-30,28,0.4,74,288_2420
2026-01-31,28,0.0,69,288_2420
2026-02-01,28,0.0,66,288_2420
2026-02-02,29,0.0,66,288_2420
2026-02-03,29,0.0,66,288_2420
2026-02-04,28,0.9,72,288_2420
2026-02-05,29,0.0,65,288_2420
2026-02-06,28,0.0,74,288_2420
2026-02-07,28,1.6,80,288_2420
2026-02-08,27,3.9,80,288_2420
2026-02-09,26,0.0,71,288_2420
2026-02-10,28,0.0,74,288_2420
2026-02-11,26,1.4,82,288_2420
2026-02-12,28,0.1,75,288_2420
2026-02-13,27,1.0,78,288_2420
2026-02-14,30,0.1,79,288_2420
2026-02-15,30,0.0,76,288_2420
2026-02-16,30,0.0,75,288_2420
2026-02-17,30,0.0,75,288_2420
2026-02-18,28,0.0,72,288_2420
2026-02-19,29,0.0,69,288_2420
2026-02-20,29,0.5,70,288_2420
2026-02-21,29,0.0,71,288_2420
2026-02-22,30,0.0,70,288_2420
2026-02-23,30,0.0,69,288_2420
2026-02-24,30,0.2,74,288_2420
2026-02-25,31,0.0,71,288_2420
2026-02-26,31,0.0,69,288_2420
2026-02-27,31,0.0,69,288_2420
2026-02-28,31,0.0,68,288_2420
2026-03-01,31,0.0,70,288_2420
2026-03-02,32,0.0,74,288_2420
2026-03-03,32,0.0,73,288_2420
2026-03-04,32,0.0,69,288_2420
2026-03-05,32,0.0,71,288_2420
2026-03-06,31,0.0,71,288_2420
2026-03-07,32,0.0,69,288_2420
2026-03-08,30,0.2,70,288_2420
2026-03-09,30,0.2,67,288_2420
2026-03-10,29,0.0,62,288_2420
2026-03-11,30,0.0,65,288_2420
2026-03-12,29,0.0,69,288_2420
2026-03-13,27,0.4,65,288_2420
2026-03-14,27,0.0,58,288_2420
2026-03-15,28,0.0,59,288_2420
2026-03-16,29,0.3,63,288_2420
2026-03-17,29,0.1,71,288_2420
2026-03-18,30,0.0,68,288_2420
2026-03-19,30,0.0,68,288_2420
2026-03-20,31,0.0,66,288_2420
2026-03-21,31,0.0,66,288_2420
2026-03-22,31,0.3,67,288_2420
2026-03-23,31,0.0,62,288_2420
2026-03-24,32,0.0,62,288_2420
2026-03-25,32,0.0,69,288_2420
2026-03-26,32,0.0,72,288_2420
2026-03-27,32,0.0,70,288_2420
2026-03-28,33,0.0,68,288_2420
2026-03-29,32,0.0,67,288_2420
2026-03-30,33,0.0,68,288_2420
2026-03-31,32,0.0,67,288_2420
2026-04-01,33,0.0,66,288_2420
2026-04-02,33,0.0,65,288_2420
2026-04-03,32,0.0,61,288_2420
2026-04-04,34,0.0,59,288_2420
2026-04-05,35,0.0,60,288_2420
2026-04-06,34,0.0,65,288_2420
2026-04-07,36,0.0,63,288_2420
2026-04-08,34,0.3,59,288_2420
2026-04-09,34,0.0,67,288_2420
2026-04-10,35,0.5,64,288_2420
2026-04-11,35,1.3,62,288_2420
2026-04-12,34,0.0,59,288_2420
2026-04-13,34,0.0,63,288_2420
2026-04-14,34,0.0,62,288_2420
2026-04-15,34,0.0,58,288_2420
2026-04-16,34,0.0,60,288_2420
2026-04-17,34,0.0,60,288_2420
2026-04-18,34,0.0,63,288_2420
2026-04-19,34,0.7,61,288_2420
2026-04-20,35,0.2,61,288_2420
2026-04-21,34,0.0,62,288_2420
2026-04-22,34,0.0,61,288_2420
2026-04-23,35,0.0,61,288_2420
2026-04-24,35,0.0,61,288_2420
2026-04-25,35,0.0,64,288_2420
2026-04-26,35,0.0,66,288_2420
2026-04-27,34,0.0,67,288_2420
2026-04-28,34,8.5,66,288_2420
2026-04-29,35,0.1,62,288_2420
2026-04-30,35,0.0,65,288_2420
2026-05-01,35,0.1,63,288_2420
2026-05-02,34,0.0,66,288_2420
2026-05-03,34,0.0,68,288_2420
2026-05-04,35,0.0,65,288_2420
2026-05-05,34,0.0,64,288_2420
2026-05-06,35,0.1,63,288_2420
2026-05-07,35,0.0,65,288_2420
2026-05-08,35,0.1,64,288_2420
2026-05-09,35,0.0,65,288_2420
2026-05-10,35,0.0,64,288_2420
2026-05-11,36,0.0,64,288_2420
2026-05-12,36,0.6,64,288_2420
2026-05-13,35,1.0,66,288_2420
2026-05-14,35,4.0,67,288_2420
2026-05-15,34,2.4,71,288_2420
2026-05-16,34,12.7,67,288_2420
2026-05-17,33,5.9,71,288_2420
2026-05-18,34,5.1,69,288_2420
2026-05-19,32,17.5,72,288_2420
2026-05-20,34,4.1,68,288_2420
2026-05-21,34,6.8,69,288_2420
2026-05-22,35,0.7,66,288_2420
2026-05-23,36,1.4,65,288_2420
2026-05-24,35,3.1,66,288_2420
2026-05-25,37,2.1,65,288_2420
2026-05-26,35,0.7,66,288_2420
2026-05-27,34,1.7,67,288_2420
2026-05-28,35,0.6,68,288_2420
2026-05-29,34,3.8,72,288_2420
2026-05-30,33,8.2,73,288_2420
2026-05-31,32,12.6,74,288_2420
2025-06-01,33,2.2,70,288_2421
2025-06-02,32,4.0,74,288_2421
2025-06-03,33,1.1,71,288_2421
2025-06-04,33,2.1,72,288_2421
2025-06-05,32,4.6,74,288_2421
2025-06-06,32,5.4,75,288_2421
2025-06-07,32,15.6,75,288_2421
2025-06-08,31,18.1,79,288_2421
2025-06-09,31,35.5,85,288_2421
2025-06-10,27,12.9,88,288_2421
2025-06-11,25,41.1,92,288_2421
2025-06-12,29,28.2,88,288_2421
2025-06-13,30,1.2,79,288_2421
2025-06-14,32,0.6,76,288_2421
2025-06-15,33,3.6,76,288_2421
2025-06-16,34,6.7,74,288_2421
2025-06-17,31,16.8,78,288_2421
2025-06-18,31,9.9,78,288_2421
2025-06-19,32,1.3,75,288_2421
2025-06-20,33,5.9,73,288_2421
2025-06-21,33,2.1,74,288_2421
2025-06-22,27,11.7,84,288_2421
2025-06-23,29,10.8,80,288_2421
2025-06-24,30,15.5,82,288_2421
2025-06-25,31,16.4,79,288_2421
2025-06-26,31,17.6,80,288_2421
2025-06-27,29,8.9,85,288_2421
2025-06-28,31,2.4,77,288_2421
2025-06-29,31,21.1,81,288_2421
2025-06-30,29,17.9,84,288_2421
2025-07-01,30,11.4,81,288_2421
2025-07-02,30,39.7,85,288_2421
2025-07-03,26,55.5,91,288_2421
2025-07-04,30,20.4,85,288_2421
2025-07-05,30,14.2,81,288_2421
2025-07-06,31,3.1,76,288_2421
2025-07-07,31,0.1,75,288_2421
2025-07-08,30,2.3,80,288_2421
2025-07-09,31,3.4,77,288_2421
2025-07-10,31,3.6,78,288_2421
2025-07-11,31,2.4,78,288_2421
2025-07-12,30,2.9,79,288_2421
2025-07-13,30,6.2,80,288_2421
2025-07-14,31,0.6,77,288_2421
2025-07-15,31,0.6,78,288_2421
2025-07-16,30,2.4,80,288_2421
2025-07-17,29,18.4,83,288_2421
2025-07-18,26,42.3,90,288_2421
2025-07-19,27,24.3,89,288_2421
2025-07-20,30,16.8,83,288_2421
2025-07-21,28,24.9,86,288_2421
2025-07-22,27,33.8,90,288_2421
2025-07-23,26,55.4,93,288_2421
2025-07-24,27,38.7,90,288_2421
2025-07-25,28,22.2,89,288_2421
2025-07-26,30,4.1,82,288_2421
2025-07-27,30,7.9,82,288_2421
2025-07-28,30,5.9,79,288_2421
2025-07-29,30,7.9,78,288_2421
2025-07-30,31,0.1,70,288_2421
2025-07-31,31,0.2,71,288_2421
2025-08-01,31,0.9,74,288_2421
2025-08-02,32,0.0,77,288_2421
2025-08-03,31,0.0,77,288_2421
2025-08-04,31,0.0,74,288_2421
2025-08-05,32,5.5,74,288_2421
2025-08-06,32,6.6,74,288_2421
2025-08-07,29,11.8,82,288_2421
2025-08-08,29,11.7,84,288_2421
2025-08-09,30,0.5,77,288_2421
2025-08-10,30,0.5,76,288_2421
2025-08-11,30,2.1,78,288_2421
2025-08-12,31,12.4,79,288_2421
2025-08-13,30,11.2,79,288_2421
2025-08-14,30,9.4,79,288_2421
2025-08-15,29,21.6,82,288_2421
2025-08-16,29,30.9,85,288_2421
2025-08-17,30,10.9,81,288_2421
2025-08-18,32,1.2,77,288_2421
2025-08-19,32,6.8,77,288_2421
2025-08-20,30,0.0,78,288_2421
2025-08-21,29,6.5,84,288_2421
2025-08-22,28,18.1,86,288_2421
2025-08-23,28,3.6,84,288_2421
2025-08-24,30,6.1,77,288_2421
2025-08-25,29,17.3,81,288_2421
2025-08-26,26,35.0,92,288_2421
2025-08-27,28,7.3,85,288_2421
2025-08-28,29,12.7,86,288_2421
2025-08-29,28,22.5,88,288_2421
2025-08-30,29,22.8,85,288_2421
2025-08-31,29,9.7,84,288_2421
2025-09-01,29,21.9,87,288_2421
2025-09-02,28,13.5,89,288_2421
2025-09-03,30,16.8,82,288_2421
2025-09-04,29,13.5,84,288_2421
2025-09-05,28,15.2,88,288_2421
2025-09-06,27,8.3,86,288_2421
2025-09-07,30,8.8,82,288_2421
2025-09-08,30,0.8,80,288_2421
2025-09-09,31,1.3,75,288_2421
2025-09-10,31,2.7,77,288_2421
2025-09-11,29,1.7,79,288_2421
2025-09-12,31,17.5,80,288_2421
2025-09-13,31,4.8,82,288_2421
2025-09-14,28,4.6,82,288_2421
2025-09-15,30,3.6,81,288_2421
2025-09-16,29,7.4,80,288_2421
2025-09-17,29,19.3,83,288_2421
2025-09-18,30,6.2,82,288_2421
2025-09-19,30,12.6,80,288_2421
2025-09-20,28,10.3,86,288_2421
2025-09-21,27,26.5,89,288_2421
2025-09-22,27,45.3,91,288_2421
2025-09-23,30,15.1,83,288_2421
2025-09-24,30,9.7,80,288_2421
2025-09-25,29,11.4,81,288_2421
2025-09-26,27,11.1,89,288_2421
2025-09-27,30,0.9,81,288_2421
2025-09-28,31,2.9,80,288_2421
2025-09-29,31,6.5,81,288_2421
2025-09-30,31,0.7,78,288_2421
2025-10-01,28,5.4,85,288_2421
2025-10-02,30,2.7,80,288_2421
2025-10-03,30,17.7,84,288_2421
2025-10-04,29,3.3,82,288_2421
2025-10-05,29,8.5,81,288_2421
2025-10-06,31,0.2,77,288_2421
2025-10-07,30,0.0,78,288_2421
2025-10-08,31,2.6,78,288_2421
2025-10-09,30,7.2,78,288_2421
2025-10-10,29,9.1,83,288_2421
2025-10-11,29,21.3,85,288_2421
2025-10-12,29,7.4,83,288_2421
2025-10-13,31,0.7,81,288_2421
2025-10-14,30,0.4,81,288_2421
2025-10-15,29,0.0,81,288_2421
2025-10-16,30,0.0,80,288_2421
2025-10-17,31,0.0,78,288_2421
2025-10-18,31,1.3,76,288_2421
2025-10-19,29,6.1,81,288_2421
2025-10-20,31,1.1,82,288_2421
2025-10-21,31,0.6,81,288_2421
2025-10-22,31,0.9,79,288_2421
2025-10-23,31,0.0,77,288_2421
2025-10-24,30,1.0,79,288_2421
2025-10-25,31,1.6,79,288_2421
2025-10-26,31,3.9,80,288_2421
2025-10-27,31,0.3,77,288_2421
2025-10-28,31,1.2,76,288_2421
2025-10-29,31,10.4,80,288_2421
2025-10-30,30,0.3,80,288_2421
2025-10-31,32,1.3,79,288_2421
2025-11-01,31,0.3,78,288_2421
2025-11-02,31,1.8,78,288_2421
2025-11-03,29,35.8,86,288_2421
2025-11-04,29,34.1,85,288_2421
2025-11-05,31,2.6,79,288_2421
2025-11-06,31,3.1,79,288_2421
2025-11-07,30,7.9,80,288_2421
2025-11-08,30,2.7,81,288_2421
2025-11-09,27,17.0,87,288_2421
2025-11-10,27,18.4,86,288_2421
2025-11-11,29,10.0,82,288_2421
2025-11-12,30,0.1,80,288_2421
2025-11-13,29,1.4,82,288_2421
2025-11-14,29,0.2,82,288_2421
2025-11-15,30,0.2,79,288_2421
2025-11-16,30,0.1,77,288_2421
2025-11-17,31,0.0,78,288_2421
2025-11-18,31,0.0,77,288_2421
2025-11-19,30,1.4,76,288_2421
2025-11-20,30,0.1,77,288_2421
2025-11-21,27,0.3,82,288_2421
2025-11-22,30,0.0,77,288_2421
2025-11-23,30,0.1,77,288_2421
2025-11-24,30,0.4,74,288_2421
2025-11-25,27,55.3,83,288_2421
2025-11-26,29,11.5,85,288_2421
2025-11-27,30,3.3,82,288_2421
2025-11-28,30,5.2,82,288_2421
2025-11-29,26,21.4,91,288_2421
2025-11-30,30,7.6,80,288_2421
2025-12-01,30,9.5,82,288_2421
2025-12-02,30,3.1,81,288_2421
2025-12-03,30,3.6,79,288_2421
2025-12-04,28,3.9,76,288_2421
2025-12-05,28,0.1,71,288_2421
2025-12-06,27,0.1,72,288_2421
2025-12-07,25,53.4,84,288_2421
2025-12-08,27,10.9,90,288_2421
2025-12-09,30,0.0,79,288_2421
2025-12-10,30,0.2,80,288_2421
2025-12-11,30,0.4,80,288_2421
2025-12-12,29,0.1,77,288_2421
2025-12-13,26,0.3,83,288_2421
2025-12-14,29,0.0,75,288_2421
2025-12-15,28,0.5,77,288_2421
2025-12-16,29,3.0,81,288_2421
2025-12-17,27,5.7,83,288_2421
2025-12-18,28,1.1,79,288_2421
2025-12-19,27,0.7,80,288_2421
2025-12-20,27,2.1,83,288_2421
2025-12-21,28,0.0,78,288_2421
2025-12-22,28,0.6,79,288_2421
2025-12-23,29,0.0,76,288_2421
2025-12-24,29,0.5,81,288_2421
2025-12-25,30,0.3,78,288_2421
2025-12-26,29,0.0,76,288_2421
2025-12-27,29,0.0,76,288_2421
2025-12-28,30,0.1,78,288_2421
2025-12-29,30,0.0,78,288_2421
2025-12-30,30,0.2,77,288_2421
2025-12-31,29,1.3,78,288_2421
2026-01-01,26,0.9,82,288_2421
2026-01-02,25,9.5,88,288_2421
2026-01-03,25,1.6,80,288_2421
2026-01-04,26,0.1,75,288_2421
2026-01-05,26,0.8,83,288_2421
2026-01-06,26,1.9,81,288_2421
2026-01-07,27,1.9,79,288_2421
2026-01-08,25,15.4,87,288_2421
2026-01-09,25,4.8,86,288_2421
2026-01-10,29,1.3,78,288_2421
2026-01-11,28,1.1,77,288_2421
2026-01-12,28,0.0,74,288_2421
2026-01-13,28,5.2,81,288_2421
2026-01-14,29,3.3,79,288_2421
2026-01-15,27,3.8,82,288_2421
2026-01-16,28,0.0,77,288_2421
2026-01-17,28,0.0,79,288_2421
2026-01-18,26,0.3,80,288_2421
2026-01-19,29,0.0,75,288_2421
2026-01-20,29,0.0,73,288_2421
2026-01-21,29,0.1,71,288_2421
2026-01-22,27,0.0,68,288_2421
2026-01-23,26,0.1,70,288_2421
2026-01-24,26,1.7,73,288_2421
2026-01-25,28,0.2,72,288_2421
2026-01-26,27,0.0,73,288_2421
2026-01-27,28,0.4,78,288_2421
2026-01-28,28,0.0,72,288_2421
2026-01-29,28,0.0,69,288_2421
2026-01-30,28,0.4,74,288_2421
2026-01-31,28,0.0,69,288_2421
2026-02-01,28,0.0,66,288_2421
2026-02-02,29,0.0,66,288_2421
2026-02-03,29,0.0,66,288_2421
2026-02-04,28,0.9,72,288_2421
2026-02-05,29,0.0,65,288_2421
2026-02-06,28,0.0,74,288_2421
2026-02-07,28,1.6,80,288_2421
2026-02-08,27,3.9,80,288_2421
2026-02-09,26,0.0,71,288_2421
2026-02-10,28,0.0,74,288_2421
2026-02-11,26,1.4,82,288_2421
2026-02-12,28,0.1,75,288_2421
2026-02-13,27,1.0,78,288_2421
2026-02-14,30,0.1,79,288_2421
2026-02-15,30,0.0,76,288_2421
2026-02-16,30,0.0,75,288_2421
2026-02-17,30,0.0,75,288_2421
2026-02-18,28,0.0,72,288_2421
2026-02-19,29,0.0,69,288_2421
2026-02-20,29,0.5,70,288_2421
2026-02-21,29,0.0,71,288_2421
2026-02-22,30,0.0,70,288_2421
2026-02-23,30,0.0,69,288_2421
2026-02-24,30,0.2,74,288_2421
2026-02-25,31,0.0,71,288_2421
2026-02-26,31,0.0,69,288_2421
2026-02-27,31,0.0,69,288_2421
2026-02-28,31,0.0,68,288_2421
2026-03-01,31,0.0,70,288_2421
2026-03-02,32,0.0,74,288_2421
2026-03-03,32,0.0,73,288_2421
2026-03-04,32,0.0,69,288_2421
2026-03-05,32,0.0,71,288_2421
2026-03-06,31,0.0,71,288_2421
2026-03-07,32,0.0,69,288_2421
2026-03-08,30,0.2,70,288_2421
2026-03-09,30,0.2,67,288_2421
2026-03-10,29,0.0,62,288_2421
2026-03-11,30,0.0,65,288_2421
2026-03-12,29,0.0,69,288_2421
2026-03-13,27,0.4,65,288_2421
2026-03-14,27,0.0,58,288_2421
2026-03-15,28,0.0,59,288_2421
2026-03-16,29,0.3,63,288_2421
2026-03-17,29,0.1,71,288_2421
2026-03-18,30,0.0,68,288_2421
2026-03-19,30,0.0,68,288_2421
2026-03-20,31,0.0,66,288_2421
2026-03-21,31,0.0,66,288_2421
2026-03-22,31,0.3,67,288_2421
2026-03-23,31,0.0,62,288_2421
2026-03-24,32,0.0,62,288_2421
2026-03-25,32,0.0,69,288_2421
2026-03-26,32,0.0,72,288_2421
2026-03-27,32,0.0,70,288_2421
2026-03-28,33,0.0,68,288_2421
2026-03-29,32,0.0,67,288_2421
2026-03-30,33,0.0,68,288_2421
2026-03-31,32,0.0,67,288_2421
2026-04-01,33,0.0,66,288_2421
2026-04-02,33,0.0,65,288_2421
2026-04-03,32,0.0,61,288_2421
2026-04-04,34,0.0,59,288_2421
2026-04-05,35,0.0,60,288_2421
2026-04-06,34,0.0,65,288_2421
2026-04-07,36,0.0,63,288_2421
2026-04-08,34,0.3,59,288_2421
2026-04-09,34,0.0,67,288_2421
2026-04-10,35,0.5,64,288_2421
2026-04-11,35,1.3,62,288_2421
2026-04-12,34,0.0,59,288_2421
2026-04-13,34,0.0,63,288_2421
2026-04-14,34,0.0,62,288_2421
2026-04-15,34,0.0,58,288_2421
2026-04-16,34,0.0,60,288_2421
2026-04-17,34,0.0,60,288_2421
2026-04-18,34,0.0,63,288_2421
2026-04-19,34,0.7,61,288_2421
2026-04-20,35,0.2,61,288_2421
2026-04-21,34,0.0,62,288_2421
2026-04-22,34,0.0,61,288_2421
2026-04-23,35,0.0,61,288_2421
2026-04-24,35,0.0,61,288_2421
2026-04-25,35,0.0,64,288_2421
2026-04-26,35,0.0,66,288_2421
2026-04-27,34,0.0,67,288_2421
2026-04-28,34,8.5,66,288_2421
2026-04-29,35,0.1,62,288_2421
2026-04-30,35,0.0,65,288_2421
2026-05-01,35,0.1,63,288_2421
2026-05-02,34,0.0,66,288_2421
2026-05-03,34,0.0,68,288_2421
2026-05-04,35,0.0,65,288_2421
2026-05-05,34,0.0,64,288_2421
2026-05-06,35,0.1,63,288_2421
2026-05-07,35,0.0,65,288_2421
2026-05-08,35,0.1,64,288_2421
2026-05-09,35,0.0,65,288_2421
2026-05-10,35,0.0,64,288_2421
2026-05-11,36,0.0,64,288_2421
2026-05-12,36,0.6,64,288_2421
2026-05-13,35,1.0,66,288_2421
2026-05-14,35,4.0,67,288_2421
2026-05-15,34,2.4,71,288_2421
2026-05-16,34,12.7,67,288_2421
2026-05-17,33,5.9,71,288_2421
2026-05-18,34,5.1,69,288_2421
2026-05-19,32,17.5,72,288_2421
2026-05-20,34,4.1,68,288_2421
2026-05-21,34,6.8,69,288_2421
2026-05-22,35,0.7,66,288_2421
2026-05-23,36,1.4,65,288_2421
2026-05-24,35,3.1,66,288_2421
2026-05-25,37,2.1,65,288_2421
2026-05-26,35,0.7,66,288_2421
2026-05-27,34,1.7,67,288_2421
2026-05-28,35,0.6,68,288_2421
2026-05-29,34,3.8,72,288_2421
2026-05-30,33,8.2,73,288_2421
2026-05-31,32,12.6,74,288_2421
2025-06-01,32,3.4,70,289_2419
2025-06-02,31,7.0,74,289_2419
2025-06-03,32,2.0,72,289_2419
2025-06-04,32,2.7,72,289_2419
2025-06-05,31,2.6,73,289_2419
2025-06-06,31,6.9,75,289_2419
2025-06-07,32,15.3,73,289_2419
2025-06-08,31,19.7,77,289_2419
2025-06-09,30,30.5,82,289_2419
2025-06-10,28,12.4,86,289_2419
2025-06-11,26,41.3,91,289_2419
2025-06-12,28,40.9,88,289_2419
2025-06-13,30,0.8,77,289_2419
2025-06-14,32,0.3,73,289_2419
2025-06-15,33,3.2,74,289_2419
2025-06-16,34,6.1,72,289_2419
2025-06-17,31,18.2,75,289_2419
2025-06-18,31,10.8,75,289_2419
2025-06-19,32,1.0,71,289_2419
2025-06-20,33,4.7,69,289_2419
2025-06-21,33,4.2,72,289_2419
2025-06-22,28,15.8,83,289_2419
2025-06-23,29,8.6,78,289_2419
2025-06-24,30,11.6,80,289_2419
2025-06-25,31,18.3,78,289_2419
2025-06-26,30,15.0,78,289_2419
2025-06-27,29,9.7,83,289_2419
2025-06-28,30,3.7,75,289_2419
2025-06-29,30,26.9,80,289_2419
2025-06-30,29,15.5,82,289_2419
2025-07-01,30,11.2,79,289_2419
2025-07-02,30,43.2,83,289_2419
2025-07-03,27,75.3,90,289_2419
2025-07-04,29,31.0,85,289_2419
2025-07-05,29,23.3,82,289_2419
2025-07-06,30,4.9,76,289_2419
2025-07-07,31,0.2,74,289_2419
2025-07-08,30,3.8,79,289_2419
2025-07-09,30,6.4,76,289_2419
2025-07-10,30,6.5,77,289_2419
2025-07-11,31,4.0,76,289_2419
2025-07-12,30,1.2,77,289_2419
2025-07-13,30,4.3,77,289_2419
2025-07-14,31,0.4,74,289_2419
2025-07-15,31,0.8,75,289_2419
2025-07-16,30,2.7,78,289_2419
2025-07-17,29,21.0,82,289_2419
2025-07-18,27,47.3,87,289_2419
2025-07-19,27,26.4,87,289_2419
2025-07-20,29,23.8,84,289_2419
2025-07-21,28,29.7,86,289_2419
2025-07-22,27,37.4,89,289_2419
2025-07-23,26,45.2,91,289_2419
2025-07-24,27,52.4,90,289_2419
2025-07-25,28,27.1,89,289_2419
2025-07-26,30,6.6,81,289_2419
2025-07-27,29,12.3,82,289_2419
2025-07-28,30,9.7,81,289_2419
2025-07-29,29,13.3,80,289_2419
2025-07-30,31,0.3,71,289_2419
2025-07-31,31,0.6,71,289_2419
2025-08-01,30,1.6,75,289_2419
2025-08-02,31,0.0,76,289_2419
2025-08-03,31,0.0,75,289_2419
2025-08-04,31,0.0,72,289_2419
2025-08-05,32,4.4,72,289_2419
2025-08-06,32,4.9,72,289_2419
2025-08-07,30,9.8,78,289_2419
2025-08-08,29,9.2,81,289_2419
2025-08-09,30,0.0,74,289_2419
2025-08-10,30,0.0,74,289_2419
2025-08-11,30,0.2,74,289_2419
2025-08-12,31,8.5,76,289_2419
2025-08-13,30,7.8,76,289_2419
2025-08-14,30,10.3,75,289_2419
2025-08-15,29,21.7,79,289_2419
2025-08-16,29,30.8,83,289_2419
2025-08-17,30,11.0,78,289_2419
2025-08-18,32,2.4,74,289_2419
2025-08-19,32,7.3,74,289_2419
2025-08-20,30,0.3,75,289_2419
2025-08-21,29,6.6,81,289_2419
2025-08-22,29,18.7,83,289_2419
2025-08-23,27,6.0,82,289_2419
2025-08-24,30,5.2,75,289_2419
2025-08-25,29,18.0,78,289_2419
2025-08-26,26,29.4,89,289_2419
2025-08-27,29,4.5,82,289_2419
2025-08-28,28,12.0,84,289_2419
2025-08-29,28,19.5,85,289_2419
2025-08-30,30,18.1,83,289_2419
2025-08-31,29,9.8,82,289_2419
2025-09-01,29,21.7,85,289_2419
2025-09-02,28,18.4,87,289_2419
2025-09-03,29,18.2,82,289_2419
2025-09-04,29,18.9,84,289_2419
2025-09-05,27,20.6,87,289_2419
2025-09-06,27,9.7,86,289_2419
2025-09-07,30,9.1,80,289_2419
2025-09-08,30,0.8,78,289_2419
2025-09-09,31,2.7,71,289_2419
2025-09-10,31,5.8,74,289_2419
2025-09-11,30,0.9,76,289_2419
2025-09-12,30,17.2,78,289_2419
2025-09-13,30,5.4,79,289_2419
2025-09-14,29,5.4,78,289_2419
2025-09-15,30,5.5,78,289_2419
2025-09-16,29,8.3,77,289_2419
2025-09-17,29,18.9,81,289_2419
2025-09-18,30,4.5,80,289_2419
2025-09-19,30,14.6,78,289_2419
2025-09-20,28,11.0,84,289_2419
2025-09-21,27,42.3,88,289_2419
2025-09-22,27,71.2,91,289_2419
2025-09-23,30,21.7,83,289_2419
2025-09-24,30,14.6,80,289_2419
2025-09-25,29,10.3,80,289_2419
2025-09-26,28,10.3,86,289_2419
2025-09-27,30,1.1,78,289_2419
2025-09-28,31,4.1,78,289_2419
2025-09-29,30,11.0,79,289_2419
2025-09-30,31,1.5,75,289_2419
2025-10-01,28,5.2,82,289_2419
2025-10-02,30,2.9,77,289_2419
2025-10-03,29,24.3,83,289_2419
2025-10-04,30,2.1,78,289_2419
2025-10-05,29,9.3,78,289_2419
2025-10-06,30,0.0,76,289_2419
2025-10-07,30,0.0,75,289_2419
2025-10-08,30,3.9,76,289_2419
2025-10-09,30,6.5,75,289_2419
2025-10-10,29,8.6,81,289_2419
2025-10-11,29,18.8,83,289_2419
2025-10-12,30,3.8,80,289_2419
2025-10-13,31,0.7,78,289_2419
2025-10-14,30,0.3,77,289_2419
2025-10-15,30,0.0,77,289_2419
2025-10-16,31,0.0,76,289_2419
2025-10-17,32,0.0,74,289_2419
2025-10-18,31,2.1,74,289_2419
2025-10-19,29,6.8,78,289_2419
2025-10-20,31,2.2,80,289_2419
2025-10-21,31,1.2,78,289_2419
2025-10-22,30,1.2,76,289_2419
2025-10-23,31,0.0,74,289_2419
2025-10-24,31,1.4,75,289_2419
2025-10-25,32,1.9,75,289_2419
2025-10-26,31,7.3,78,289_2419
2025-10-27,31,0.5,73,289_2419
2025-10-28,31,1.5,73,289_2419
2025-10-29,31,14.2,79,289_2419
2025-10-30,29,1.0,77,289_2419
2025-10-31,32,1.1,77,289_2419
2025-11-01,31,0.5,75,289_2419
2025-11-02,31,2.8,75,289_2419
2025-11-03,29,48.8,84,289_2419
2025-11-04,30,34.8,82,289_2419
2025-11-05,31,2.7,75,289_2419
2025-11-06,32,2.1,75,289_2419
2025-11-07,30,8.0,78,289_2419
2025-11-08,30,2.4,78,289_2419
2025-11-09,27,16.8,84,289_2419
2025-11-10,28,20.3,86,289_2419
2025-11-11,29,13.9,82,289_2419
2025-11-12,30,0.1,78,289_2419
2025-11-13,30,2.5,80,289_2419
2025-11-14,29,0.0,78,289_2419
2025-11-15,30,0.0,75,289_2419
2025-11-16,31,0.0,73,289_2419
2025-11-17,31,0.0,73,289_2419
2025-11-18,31,0.0,73,289_2419
2025-11-19,30,0.6,70,289_2419
2025-11-20,31,0.0,72,289_2419
2025-11-21,28,0.0,76,289_2419
2025-11-22,31,0.0,72,289_2419
2025-11-23,30,0.0,71,289_2419
2025-11-24,31,0.0,69,289_2419
2025-11-25,27,39.5,79,289_2419
2025-11-26,29,7.5,80,289_2419
2025-11-27,30,3.3,78,289_2419
2025-11-28,30,8.5,79,289_2419
2025-11-29,26,24.1,90,289_2419
2025-11-30,30,7.3,78,289_2419
2025-12-01,29,10.8,81,289_2419
2025-12-02,29,4.7,80,289_2419
2025-12-03,30,4.5,76,289_2419
2025-12-04,28,2.9,71,289_2419
2025-12-05,28,0.0,68,289_2419
2025-12-06,28,0.0,67,289_2419
2025-12-07,25,38.4,81,289_2419
2025-12-08,27,10.6,87,289_2419
2025-12-09,31,0.0,76,289_2419
2025-12-10,31,0.4,76,289_2419
2025-12-11,30,0.2,77,289_2419
2025-12-12,30,0.0,73,289_2419
2025-12-13,27,0.0,78,289_2419
2025-12-14,30,0.0,71,289_2419
2025-12-15,29,0.2,73,289_2419
2025-12-16,29,2.9,76,289_2419
2025-12-17,27,5.5,79,289_2419
2025-12-18,29,0.7,75,289_2419
2025-12-19,28,0.6,75,289_2419
2025-12-20,27,1.3,78,289_2419
2025-12-21,28,0.0,73,289_2419
2025-12-22,29,0.5,75,289_2419
2025-12-23,29,0.0,72,289_2419
2025-12-24,29,0.2,77,289_2419
2025-12-25,30,0.5,75,289_2419
2025-12-26,30,0.0,72,289_2419
2025-12-27,29,0.0,72,289_2419
2025-12-28,30,0.0,74,289_2419
2025-12-29,30,0.0,74,289_2419
2025-12-30,29,0.4,73,289_2419
2025-12-31,28,1.8,75,289_2419
2026-01-01,26,1.2,80,289_2419
2026-01-02,25,11.1,87,289_2419
2026-01-03,26,1.0,77,289_2419
2026-01-04,26,0.0,72,289_2419
2026-01-05,25,0.7,80,289_2419
2026-01-06,27,0.4,76,289_2419
2026-01-07,28,1.0,73,289_2419
2026-01-08,26,12.8,83,289_2419
2026-01-09,26,3.3,81,289_2419
2026-01-10,29,1.5,75,289_2419
2026-01-11,29,1.7,74,289_2419
2026-01-12,28,0.0,69,289_2419
2026-01-13,28,6.5,77,289_2419
2026-01-14,28,5.2,77,289_2419
2026-01-15,27,4.7,79,289_2419
2026-01-16,28,0.0,74,289_2419
2026-01-17,28,0.0,75,289_2419
2026-01-18,26,0.2,76,289_2419
2026-01-19,28,0.1,73,289_2419
2026-01-20,29,0.0,70,289_2419
2026-01-21,29,0.4,68,289_2419
2026-01-22,28,0.0,64,289_2419
2026-01-23,27,0.0,66,289_2419
2026-01-24,27,0.9,69,289_2419
2026-01-25,28,0.1,68,289_2419
2026-01-26,27,0.0,70,289_2419
2026-01-27,28,0.4,75,289_2419
2026-01-28,28,0.0,70,289_2419
2026-01-29,28,0.0,66,289_2419
2026-01-30,28,0.4,70,289_2419
2026-01-31,28,0.0,66,289_2419
2026-02-01,29,0.0,64,289_2419
2026-02-02,29,0.0,63,289_2419
2026-02-03,30,0.0,63,289_2419
2026-02-04,28,0.6,69,289_2419
2026-02-05,30,0.0,62,289_2419
2026-02-06,28,0.0,70,289_2419
2026-02-07,28,0.9,76,289_2419
2026-02-08,28,3.7,77,289_2419
2026-02-09,26,0.0,68,289_2419
2026-02-10,28,0.0,70,289_2419
2026-02-11,26,0.6,78,289_2419
2026-02-12,28,0.0,71,289_2419
2026-02-13,29,0.8,74,289_2419
2026-02-14,30,0.0,76,289_2419
2026-02-15,30,0.0,72,289_2419
2026-02-16,30,0.0,72,289_2419
2026-02-17,31,0.0,72,289_2419
2026-02-18,29,0.0,69,289_2419
2026-02-19,29,0.0,66,289_2419
2026-02-20,29,0.1,67,289_2419
2026-02-21,29,0.0,69,289_2419
2026-02-22,30,0.0,68,289_2419
2026-02-23,30,0.0,66,289_2419
2026-02-24,30,0.0,71,289_2419
2026-02-25,31,0.0,69,289_2419
2026-02-26,30,0.0,67,289_2419
2026-02-27,31,0.0,67,289_2419
2026-02-28,31,0.0,66,289_2419
2026-03-01,31,0.0,67,289_2419
2026-03-02,31,0.0,71,289_2419
2026-03-03,31,0.0,71,289_2419
2026-03-04,31,0.0,67,289_2419
2026-03-05,31,0.0,69,289_2419
2026-03-06,31,0.0,69,289_2419
2026-03-07,32,0.0,66,289_2419
2026-03-08,30,0.3,67,289_2419
2026-03-09,30,0.1,65,289_2419
2026-03-10,30,0.0,60,289_2419
2026-03-11,30,0.0,63,289_2419
2026-03-12,29,0.0,67,289_2419
2026-03-13,27,0.0,64,289_2419
2026-03-14,27,0.0,57,289_2419
2026-03-15,28,0.0,57,289_2419
2026-03-16,29,0.1,60,289_2419
2026-03-17,29,0.0,69,289_2419
2026-03-18,30,0.0,67,289_2419
2026-03-19,30,0.0,65,289_2419
2026-03-20,30,0.0,64,289_2419
2026-03-21,31,0.0,63,289_2419
2026-03-22,31,0.2,64,289_2419
2026-03-23,31,0.0,60,289_2419
2026-03-24,31,0.0,60,289_2419
2026-03-25,31,0.0,65,289_2419
2026-03-26,32,0.0,70,289_2419
2026-03-27,31,0.0,69,289_2419
2026-03-28,32,0.0,67,289_2419
2026-03-29,31,0.0,66,289_2419
2026-03-30,32,0.0,66,289_2419
2026-03-31,32,0.0,65,289_2419
2026-04-01,32,0.0,64,289_2419
2026-04-02,32,0.0,63,289_2419
2026-04-03,33,0.0,59,289_2419
2026-04-04,33,0.0,58,289_2419
2026-04-05,35,0.0,59,289_2419
2026-04-06,35,0.0,63,289_2419
2026-04-07,34,0.0,62,289_2419
2026-04-08,34,0.2,57,289_2419
2026-04-09,33,0.8,64,289_2419
2026-04-10,34,0.0,64,289_2419
2026-04-11,34,0.8,62,289_2419
2026-04-12,33,0.1,59,289_2419
2026-04-13,33,0.0,61,289_2419
2026-04-14,33,0.0,61,289_2419
2026-04-15,33,0.0,57,289_2419
2026-04-16,33,0.0,57,289_2419
2026-04-17,33,0.1,60,289_2419
2026-04-18,34,0.0,62,289_2419
2026-04-19,33,1.3,62,289_2419
2026-04-20,34,0.0,59,289_2419
2026-04-21,34,0.0,60,289_2419
2026-04-22,33,0.0,59,289_2419
2026-04-23,34,0.0,60,289_2419
2026-04-24,35,0.0,59,289_2419
2026-04-25,34,0.1,62,289_2419
2026-04-26,35,0.0,63,289_2419
2026-04-27,34,0.3,64,289_2419
2026-04-28,34,3.9,63,289_2419
2026-04-29,34,0.0,61,289_2419
2026-04-30,34,0.0,63,289_2419
2026-05-01,34,0.7,61,289_2419
2026-05-02,34,0.9,64,289_2419
2026-05-03,34,0.2,65,289_2419
2026-05-04,34,0.0,64,289_2419
2026-05-05,34,0.4,62,289_2419
2026-05-06,34,0.1,61,289_2419
2026-05-07,34,0.0,63,289_2419
2026-05-08,34,0.2,62,289_2419
2026-05-09,34,0.7,63,289_2419
2026-05-10,35,0.0,62,289_2419
2026-05-11,35,0.2,63,289_2419
2026-05-12,35,0.6,66,289_2419
2026-05-13,33,0.2,67,289_2419
2026-05-14,34,0.7,65,289_2419
2026-05-15,35,4.6,68,289_2419
2026-05-16,34,15.8,66,289_2419
2026-05-17,34,10.0,69,289_2419
2026-05-18,33,5.0,67,289_2419
2026-05-19,32,5.8,70,289_2419
2026-05-20,34,2.0,66,289_2419
2026-05-21,34,0.9,66,289_2419
2026-05-22,35,0.9,65,289_2419
2026-05-23,36,2.0,64,289_2419
2026-05-24,36,1.6,64,289_2419
2026-05-25,36,3.1,65,289_2419
2026-05-26,33,0.5,65,289_2419
2026-05-27,34,1.1,66,289_2419
2026-05-28,34,2.7,67,289_2419
2026-05-29,33,3.2,71,289_2419
2026-05-30,32,12.3,72,289_2419
2026-05-31,32,14.5,73,289_2419
2025-06-01,32,3.4,70,289_2420
2025-06-02,31,7.0,74,289_2420
2025-06-03,32,2.0,72,289_2420
2025-06-04,32,2.7,72,289_2420
2025-06-05,31,2.6,73,289_2420
2025-06-06,31,6.9,75,289_2420
2025-06-07,32,15.3,73,289_2420
2025-06-08,31,19.7,77,289_2420
2025-06-09,30,30.5,82,289_2420
2025-06-10,28,12.4,86,289_2420
2025-06-11,26,41.3,91,289_2420
2025-06-12,28,40.9,88,289_2420
2025-06-13,30,0.8,77,289_2420
2025-06-14,32,0.3,73,289_2420
2025-06-15,33,3.2,74,289_2420
2025-06-16,34,6.1,72,289_2420
2025-06-17,31,18.2,75,289_2420
2025-06-18,31,10.8,75,289_2420
2025-06-19,32,1.0,71,289_2420
2025-06-20,33,4.7,69,289_2420
2025-06-21,33,4.2,72,289_2420
2025-06-22,28,15.8,83,289_2420
2025-06-23,29,8.6,78,289_2420
2025-06-24,30,11.6,80,289_2420
2025-06-25,31,18.3,78,289_2420
2025-06-26,30,15.0,78,289_2420
2025-06-27,29,9.7,83,289_2420
2025-06-28,30,3.7,75,289_2420
2025-06-29,30,26.9,80,289_2420
2025-06-30,29,15.5,82,289_2420
2025-07-01,30,11.2,79,289_2420
2025-07-02,30,43.2,83,289_2420
2025-07-03,27,75.3,90,289_2420
2025-07-04,29,31.0,85,289_2420
2025-07-05,29,23.3,82,289_2420
2025-07-06,30,4.9,76,289_2420
2025-07-07,31,0.2,74,289_2420
2025-07-08,30,3.8,79,289_2420
2025-07-09,30,6.4,76,289_2420
2025-07-10,30,6.5,77,289_2420
2025-07-11,31,4.0,76,289_2420
2025-07-12,30,1.2,77,289_2420
2025-07-13,30,4.3,77,289_2420
2025-07-14,31,0.4,74,289_2420
2025-07-15,31,0.8,75,289_2420
2025-07-16,30,2.7,78,289_2420
2025-07-17,29,21.0,82,289_2420
2025-07-18,27,47.3,87,289_2420
2025-07-19,27,26.4,87,289_2420
2025-07-20,29,23.8,84,289_2420
2025-07-21,28,29.7,86,289_2420
2025-07-22,27,37.4,89,289_2420
2025-07-23,26,45.2,91,289_2420
2025-07-24,27,52.4,90,289_2420
2025-07-25,28,27.1,89,289_2420
2025-07-26,30,6.6,81,289_2420
2025-07-27,29,12.3,82,289_2420
2025-07-28,30,9.7,81,289_2420
2025-07-29,29,13.3,80,289_2420
2025-07-30,31,0.3,71,289_2420
2025-07-31,31,0.6,71,289_2420
2025-08-01,30,1.6,75,289_2420
2025-08-02,31,0.0,76,289_2420
2025-08-03,31,0.0,75,289_2420
2025-08-04,31,0.0,72,289_2420
2025-08-05,32,4.4,72,289_2420
2025-08-06,32,4.9,72,289_2420
2025-08-07,30,9.8,78,289_2420
2025-08-08,29,9.2,81,289_2420
2025-08-09,30,0.0,74,289_2420
2025-08-10,30,0.0,74,289_2420
2025-08-11,30,0.2,74,289_2420
2025-08-12,31,8.5,76,289_2420
2025-08-13,30,7.8,76,289_2420
2025-08-14,30,10.3,75,289_2420
2025-08-15,29,21.7,79,289_2420
2025-08-16,29,30.8,83,289_2420
2025-08-17,30,11.0,78,289_2420
2025-08-18,32,2.4,74,289_2420
2025-08-19,32,7.3,74,289_2420
2025-08-20,30,0.3,75,289_2420
2025-08-21,29,6.6,81,289_2420
2025-08-22,29,18.7,83,289_2420
2025-08-23,27,6.0,82,289_2420
2025-08-24,30,5.2,75,289_2420
2025-08-25,29,18.0,78,289_2420
2025-08-26,26,29.4,89,289_2420
2025-08-27,29,4.5,82,289_2420
2025-08-28,28,12.0,84,289_2420
2025-08-29,28,19.5,85,289_2420
2025-08-30,30,18.1,83,289_2420
2025-08-31,29,9.8,82,289_2420
2025-09-01,29,21.7,85,289_2420
2025-09-02,28,18.4,87,289_2420
2025-09-03,29,18.2,82,289_2420
2025-09-04,29,18.9,84,289_2420
2025-09-05,27,20.6,87,289_2420
2025-09-06,27,9.7,86,289_2420
2025-09-07,30,9.1,80,289_2420
2025-09-08,30,0.8,78,289_2420
2025-09-09,31,2.7,71,289_2420
2025-09-10,31,5.8,74,289_2420
2025-09-11,30,0.9,76,289_2420
2025-09-12,30,17.2,78,289_2420
2025-09-13,30,5.4,79,289_2420
2025-09-14,29,5.4,78,289_2420
2025-09-15,30,5.5,78,289_2420
2025-09-16,29,8.3,77,289_2420
2025-09-17,29,18.9,81,289_2420
2025-09-18,30,4.5,80,289_2420
2025-09-19,30,14.6,78,289_2420
2025-09-20,28,11.0,84,289_2420
2025-09-21,27,42.3,88,289_2420
2025-09-22,27,71.2,91,289_2420
2025-09-23,30,21.7,83,289_2420
2025-09-24,30,14.6,80,289_2420
2025-09-25,29,10.3,80,289_2420
2025-09-26,28,10.3,86,289_2420
2025-09-27,30,1.1,78,289_2420
2025-09-28,31,4.1,78,289_2420
2025-09-29,30,11.0,79,289_2420
2025-09-30,31,1.5,75,289_2420
2025-10-01,28,5.2,82,289_2420
2025-10-02,30,2.9,77,289_2420
2025-10-03,29,24.3,83,289_2420
2025-10-04,30,2.1,78,289_2420
2025-10-05,29,9.3,78,289_2420
2025-10-06,30,0.0,76,289_2420
2025-10-07,30,0.0,75,289_2420
2025-10-08,30,3.9,76,289_2420
2025-10-09,30,6.5,75,289_2420
2025-10-10,29,8.6,81,289_2420
2025-10-11,29,18.8,83,289_2420
2025-10-12,30,3.8,80,289_2420
2025-10-13,31,0.7,78,289_2420
2025-10-14,30,0.3,77,289_2420
2025-10-15,30,0.0,77,289_2420
2025-10-16,31,0.0,76,289_2420
2025-10-17,32,0.0,74,289_2420
2025-10-18,31,2.1,74,289_2420
2025-10-19,29,6.8,78,289_2420
2025-10-20,31,2.2,80,289_2420
2025-10-21,31,1.2,78,289_2420
2025-10-22,30,1.2,76,289_2420
2025-10-23,31,0.0,74,289_2420
2025-10-24,31,1.4,75,289_2420
2025-10-25,32,1.9,75,289_2420
2025-10-26,31,7.3,78,289_2420
2025-10-27,31,0.5,73,289_2420
2025-10-28,31,1.5,73,289_2420
2025-10-29,31,14.2,79,289_2420
2025-10-30,29,1.0,77,289_2420
2025-10-31,32,1.1,77,289_2420
2025-11-01,31,0.5,75,289_2420
2025-11-02,31,2.8,75,289_2420
2025-11-03,29,48.8,84,289_2420
2025-11-04,30,34.8,82,289_2420
2025-11-05,31,2.7,75,289_2420
2025-11-06,32,2.1,75,289_2420
2025-11-07,30,8.0,78,289_2420
2025-11-08,30,2.4,78,289_2420
2025-11-09,27,16.8,84,289_2420
2025-11-10,28,20.3,86,289_2420
2025-11-11,29,13.9,82,289_2420
2025-11-12,30,0.1,78,289_2420
2025-11-13,30,2.5,80,289_2420
2025-11-14,29,0.0,78,289_2420
2025-11-15,30,0.0,75,289_2420
2025-11-16,31,0.0,73,289_2420
2025-11-17,31,0.0,73,289_2420
2025-11-18,31,0.0,73,289_2420
2025-11-19,30,0.6,70,289_2420
2025-11-20,31,0.0,72,289_2420
2025-11-21,28,0.0,76,289_2420
2025-11-22,31,0.0,72,289_2420
2025-11-23,30,0.0,71,289_2420
2025-11-24,31,0.0,69,289_2420
2025-11-25,27,39.5,79,289_2420
2025-11-26,29,7.5,80,289_2420
2025-11-27,30,3.3,78,289_2420
2025-11-28,30,8.5,79,289_2420
2025-11-29,26,24.1,90,289_2420
2025-11-30,30,7.3,78,289_2420
2025-12-01,29,10.8,81,289_2420
2025-12-02,29,4.7,80,289_2420
2025-12-03,30,4.5,76,289_2420
2025-12-04,28,2.9,71,289_2420
2025-12-05,28,0.0,68,289_2420
2025-12-06,28,0.0,67,289_2420
2025-12-07,25,38.4,81,289_2420
2025-12-08,27,10.6,87,289_2420
2025-12-09,31,0.0,76,289_2420
2025-12-10,31,0.4,76,289_2420
2025-12-11,30,0.2,77,289_2420
2025-12-12,30,0.0,73,289_2420
2025-12-13,27,0.0,78,289_2420
2025-12-14,30,0.0,71,289_2420
2025-12-15,29,0.2,73,289_2420
2025-12-16,29,2.9,76,289_2420
2025-12-17,27,5.5,79,289_2420
2025-12-18,29,0.7,75,289_2420
2025-12-19,28,0.6,75,289_2420
2025-12-20,27,1.3,78,289_2420
2025-12-21,28,0.0,73,289_2420
2025-12-22,29,0.5,75,289_2420
2025-12-23,29,0.0,72,289_2420
2025-12-24,29,0.2,77,289_2420
2025-12-25,30,0.5,75,289_2420
2025-12-26,30,0.0,72,289_2420
2025-12-27,29,0.0,72,289_2420
2025-12-28,30,0.0,74,289_2420
2025-12-29,30,0.0,74,289_2420
2025-12-30,29,0.4,73,289_2420
2025-12-31,28,1.8,75,289_2420
2026-01-01,26,1.2,80,289_2420
2026-01-02,25,11.1,87,289_2420
2026-01-03,26,1.0,77,289_2420
2026-01-04,26,0.0,72,289_2420
2026-01-05,25,0.7,80,289_2420
2026-01-06,27,0.4,76,289_2420
2026-01-07,28,1.0,73,289_2420
2026-01-08,26,12.8,83,289_2420
2026-01-09,26,3.3,81,289_2420
2026-01-10,29,1.5,75,289_2420
2026-01-11,29,1.7,74,289_2420
2026-01-12,28,0.0,69,289_2420
2026-01-13,28,6.5,77,289_2420
2026-01-14,28,5.2,77,289_2420
2026-01-15,27,4.7,79,289_2420
2026-01-16,28,0.0,74,289_2420
2026-01-17,28,0.0,75,289_2420
2026-01-18,26,0.2,76,289_2420
2026-01-19,28,0.1,73,289_2420
2026-01-20,29,0.0,70,289_2420
2026-01-21,29,0.4,68,289_2420
2026-01-22,28,0.0,64,289_2420
2026-01-23,27,0.0,66,289_2420
2026-01-24,27,0.9,69,289_2420
2026-01-25,28,0.1,68,289_2420
2026-01-26,27,0.0,70,289_2420
2026-01-27,28,0.4,75,289_2420
2026-01-28,28,0.0,70,289_2420
2026-01-29,28,0.0,66,289_2420
2026-01-30,28,0.4,70,289_2420
2026-01-31,28,0.0,66,289_2420
2026-02-01,29,0.0,64,289_2420
2026-02-02,29,0.0,63,289_2420
2026-02-03,30,0.0,63,289_2420
2026-02-04,28,0.6,69,289_2420
2026-02-05,30,0.0,62,289_2420
2026-02-06,28,0.0,70,289_2420
2026-02-07,28,0.9,76,289_2420
2026-02-08,28,3.7,77,289_2420
2026-02-09,26,0.0,68,289_2420
2026-02-10,28,0.0,70,289_2420
2026-02-11,26,0.6,78,289_2420
2026-02-12,28,0.0,71,289_2420
2026-02-13,29,0.8,74,289_2420
2026-02-14,30,0.0,76,289_2420
2026-02-15,30,0.0,72,289_2420
2026-02-16,30,0.0,72,289_2420
2026-02-17,31,0.0,72,289_2420
2026-02-18,29,0.0,69,289_2420
2026-02-19,29,0.0,66,289_2420
2026-02-20,29,0.1,67,289_2420
2026-02-21,29,0.0,69,289_2420
2026-02-22,30,0.0,68,289_2420
2026-02-23,30,0.0,66,289_2420
2026-02-24,30,0.0,71,289_2420
2026-02-25,31,0.0,69,289_2420
2026-02-26,30,0.0,67,289_2420
2026-02-27,31,0.0,67,289_2420
2026-02-28,31,0.0,66,289_2420
2026-03-01,31,0.0,67,289_2420
2026-03-02,31,0.0,71,289_2420
2026-03-03,31,0.0,71,289_2420
2026-03-04,31,0.0,67,289_2420
2026-03-05,31,0.0,69,289_2420
2026-03-06,31,0.0,69,289_2420
2026-03-07,32,0.0,66,289_2420
2026-03-08,30,0.3,67,289_2420
2026-03-09,30,0.1,65,289_2420
2026-03-10,30,0.0,60,289_2420
2026-03-11,30,0.0,63,289_2420
2026-03-12,29,0.0,67,289_2420
2026-03-13,27,0.0,64,289_2420
2026-03-14,27,0.0,57,289_2420
2026-03-15,28,0.0,57,289_2420
2026-03-16,29,0.1,60,289_2420
2026-03-17,29,0.0,69,289_2420
2026-03-18,30,0.0,67,289_2420
2026-03-19,30,0.0,65,289_2420
2026-03-20,30,0.0,64,289_2420
2026-03-21,31,0.0,63,289_2420
2026-03-22,31,0.2,64,289_2420
2026-03-23,31,0.0,60,289_2420
2026-03-24,31,0.0,60,289_2420
2026-03-25,31,0.0,65,289_2420
2026-03-26,32,0.0,70,289_2420
2026-03-27,31,0.0,69,289_2420
2026-03-28,32,0.0,67,289_2420
2026-03-29,31,0.0,66,289_2420
2026-03-30,32,0.0,66,289_2420
2026-03-31,32,0.0,65,289_2420
2026-04-01,32,0.0,64,289_2420
2026-04-02,32,0.0,63,289_2420
2026-04-03,33,0.0,59,289_2420
2026-04-04,33,0.0,58,289_2420
2026-04-05,35,0.0,59,289_2420
2026-04-06,35,0.0,63,289_2420
2026-04-07,34,0.0,62,289_2420
2026-04-08,34,0.2,57,289_2420
2026-04-09,33,0.8,64,289_2420
2026-04-10,34,0.0,64,289_2420
2026-04-11,34,0.8,62,289_2420
2026-04-12,33,0.1,59,289_2420
2026-04-13,33,0.0,61,289_2420
2026-04-14,33,0.0,61,289_2420
2026-04-15,33,0.0,57,289_2420
2026-04-16,33,0.0,57,289_2420
2026-04-17,33,0.1,60,289_2420
2026-04-18,34,0.0,62,289_2420
2026-04-19,33,1.3,62,289_2420
2026-04-20,34,0.0,59,289_2420
2026-04-21,34,0.0,60,289_2420
2026-04-22,33,0.0,59,289_2420
2026-04-23,34,0.0,60,289_2420
2026-04-24,35,0.0,59,289_2420
2026-04-25,34,0.1,62,289_2420
2026-04-26,35,0.0,63,289_2420
2026-04-27,34,0.3,64,289_2420
2026-04-28,34,3.9,63,289_2420
2026-04-29,34,0.0,61,289_2420
2026-04-30,34,0.0,63,289_2420
2026-05-01,34,0.7,61,289_2420
2026-05-02,34,0.9,64,289_2420
2026-05-03,34,0.2,65,289_2420
2026-05-04,34,0.0,64,289_2420
2026-05-05,34,0.4,62,289_2420
2026-05-06,34,0.1,61,289_2420
2026-05-07,34,0.0,63,289_2420
2026-05-08,34,0.2,62,289_2420
2026-05-09,34,0.7,63,289_2420
2026-05-10,35,0.0,62,289_2420
2026-05-11,35,0.2,63,289_2420
2026-05-12,35,0.6,66,289_2420
2026-05-13,33,0.2,67,289_2420
2026-05-14,34,0.7,65,289_2420
2026-05-15,35,4.6,68,289_2420
2026-05-16,34,15.8,66,289_2420
2026-05-17,34,10.0,69,289_2420
2026-05-18,33,5.0,67,289_2420
2026-05-19,32,5.8,70,289_2420
2026-05-20,34,2.0,66,289_2420
2026-05-21,34,0.9,66,289_2420
2026-05-22,35,0.9,65,289_2420
2026-05-23,36,2.0,64,289_2420
2026-05-24,36,1.6,64,289_2420
2026-05-25,36,3.1,65,289_2420
2026-05-26,33,0.5,65,289_2420
2026-05-27,34,1.1,66,289_2420
2026-05-28,34,2.7,67,289_2420
2026-05-29,33,3.2,71,289_2420
2026-05-30,32,12.3,72,289_2420
2026-05-31,32,14.5,73,289_2420
2025-06-01,32,3.4,70,289_2421
2025-06-02,31,7.0,74,289_2421
2025-06-03,32,2.0,72,289_2421
2025-06-04,32,2.7,72,289_2421
2025-06-05,31,2.6,73,289_2421
2025-06-06,31,6.9,75,289_2421
2025-06-07,32,15.3,73,289_2421
2025-06-08,31,19.7,77,289_2421
2025-06-09,30,30.5,82,289_2421
2025-06-10,28,12.4,86,289_2421
2025-06-11,26,41.3,91,289_2421
2025-06-12,28,40.9,88,289_2421
2025-06-13,30,0.8,77,289_2421
2025-06-14,32,0.3,73,289_2421
2025-06-15,33,3.2,74,289_2421
2025-06-16,34,6.1,72,289_2421
2025-06-17,31,18.2,75,289_2421
2025-06-18,31,10.8,75,289_2421
2025-06-19,32,1.0,71,289_2421
2025-06-20,33,4.7,69,289_2421
2025-06-21,33,4.2,72,289_2421
2025-06-22,28,15.8,83,289_2421
2025-06-23,29,8.6,78,289_2421
2025-06-24,30,11.6,80,289_2421
2025-06-25,31,18.3,78,289_2421
2025-06-26,30,15.0,78,289_2421
2025-06-27,29,9.7,83,289_2421
2025-06-28,30,3.7,75,289_2421
2025-06-29,30,26.9,80,289_2421
2025-06-30,29,15.5,82,289_2421
2025-07-01,30,11.2,79,289_2421
2025-07-02,30,43.2,83,289_2421
2025-07-03,27,75.3,90,289_2421
2025-07-04,29,31.0,85,289_2421
2025-07-05,29,23.3,82,289_2421
2025-07-06,30,4.9,76,289_2421
2025-07-07,31,0.2,74,289_2421
2025-07-08,30,3.8,79,289_2421
2025-07-09,30,6.4,76,289_2421
2025-07-10,30,6.5,77,289_2421
2025-07-11,31,4.0,76,289_2421
2025-07-12,30,1.2,77,289_2421
2025-07-13,30,4.3,77,289_2421
2025-07-14,31,0.4,74,289_2421
2025-07-15,31,0.8,75,289_2421
2025-07-16,30,2.7,78,289_2421
2025-07-17,29,21.0,82,289_2421
2025-07-18,27,47.3,87,289_2421
2025-07-19,27,26.4,87,289_2421
2025-07-20,29,23.8,84,289_2421
2025-07-21,28,29.7,86,289_2421
2025-07-22,27,37.4,89,289_2421
2025-07-23,26,45.2,91,289_2421
2025-07-24,27,52.4,90,289_2421
2025-07-25,28,27.1,89,289_2421
2025-07-26,30,6.6,81,289_2421
2025-07-27,29,12.3,82,289_2421
2025-07-28,30,9.7,81,289_2421
2025-07-29,29,13.3,80,289_2421
2025-07-30,31,0.3,71,289_2421
2025-07-31,31,0.6,71,289_2421
2025-08-01,30,1.6,75,289_2421
2025-08-02,31,0.0,76,289_2421
2025-08-03,31,0.0,75,289_2421
2025-08-04,31,0.0,72,289_2421
2025-08-05,32,4.4,72,289_2421
2025-08-06,32,4.9,72,289_2421
2025-08-07,30,9.8,78,289_2421
2025-08-08,29,9.2,81,289_2421
2025-08-09,30,0.0,74,289_2421
2025-08-10,30,0.0,74,289_2421
2025-08-11,30,0.2,74,289_2421
2025-08-12,31,8.5,76,289_2421
2025-08-13,30,7.8,76,289_2421
2025-08-14,30,10.3,75,289_2421
2025-08-15,29,21.7,79,289_2421
2025-08-16,29,30.8,83,289_2421
2025-08-17,30,11.0,78,289_2421
2025-08-18,32,2.4,74,289_2421
2025-08-19,32,7.3,74,289_2421
2025-08-20,30,0.3,75,289_2421
2025-08-21,29,6.6,81,289_2421
2025-08-22,29,18.7,83,289_2421
2025-08-23,27,6.0,82,289_2421
2025-08-24,30,5.2,75,289_2421
2025-08-25,29,18.0,78,289_2421
2025-08-26,26,29.4,89,289_2421
2025-08-27,29,4.5,82,289_2421
2025-08-28,28,12.0,84,289_2421
2025-08-29,28,19.5,85,289_2421
2025-08-30,30,18.1,83,289_2421
2025-08-31,29,9.8,82,289_2421
2025-09-01,29,21.7,85,289_2421
2025-09-02,28,18.4,87,289_2421
2025-09-03,29,18.2,82,289_2421
2025-09-04,29,18.9,84,289_2421
2025-09-05,27,20.6,87,289_2421
2025-09-06,27,9.7,86,289_2421
2025-09-07,30,9.1,80,289_2421
2025-09-08,30,0.8,78,289_2421
2025-09-09,31,2.7,71,289_2421
2025-09-10,31,5.8,74,289_2421
2025-09-11,30,0.9,76,289_2421
2025-09-12,30,17.2,78,289_2421
2025-09-13,30,5.4,79,289_2421
2025-09-14,29,5.4,78,289_2421
2025-09-15,30,5.5,78,289_2421
2025-09-16,29,8.3,77,289_2421
2025-09-17,29,18.9,81,289_2421
2025-09-18,30,4.5,80,289_2421
2025-09-19,30,14.6,78,289_2421
2025-09-20,28,11.0,84,289_2421
2025-09-21,27,42.3,88,289_2421
2025-09-22,27,71.2,91,289_2421
2025-09-23,30,21.7,83,289_2421
2025-09-24,30,14.6,80,289_2421
2025-09-25,29,10.3,80,289_2421
2025-09-26,28,10.3,86,289_2421
2025-09-27,30,1.1,78,289_2421
2025-09-28,31,4.1,78,289_2421
2025-09-29,30,11.0,79,289_2421
2025-09-30,31,1.5,75,289_2421
2025-10-01,28,5.2,82,289_2421
2025-10-02,30,2.9,77,289_2421
2025-10-03,29,24.3,83,289_2421
2025-10-04,30,2.1,78,289_2421
2025-10-05,29,9.3,78,289_2421
2025-10-06,30,0.0,76,289_2421
2025-10-07,30,0.0,75,289_2421
2025-10-08,30,3.9,76,289_2421
2025-10-09,30,6.5,75,289_2421
2025-10-10,29,8.6,81,289_2421
2025-10-11,29,18.8,83,289_2421
2025-10-12,30,3.8,80,289_2421
2025-10-13,31,0.7,78,289_2421
2025-10-14,30,0.3,77,289_2421
2025-10-15,30,0.0,77,289_2421
2025-10-16,31,0.0,76,289_2421
2025-10-17,32,0.0,74,289_2421
2025-10-18,31,2.1,74,289_2421
2025-10-19,29,6.8,78,289_2421
2025-10-20,31,2.2,80,289_2421
2025-10-21,31,1.2,78,289_2421
2025-10-22,30,1.2,76,289_2421
2025-10-23,31,0.0,74,289_2421
2025-10-24,31,1.4,75,289_2421
2025-10-25,32,1.9,75,289_2421
2025-10-26,31,7.3,78,289_2421
2025-10-27,31,0.5,73,289_2421
2025-10-28,31,1.5,73,289_2421
2025-10-29,31,14.2,79,289_2421
2025-10-30,29,1.0,77,289_2421
2025-10-31,32,1.1,77,289_2421
2025-11-01,31,0.5,75,289_2421
2025-11-02,31,2.8,75,289_2421
2025-11-03,29,48.8,84,289_2421
2025-11-04,30,34.8,82,289_2421
2025-11-05,31,2.7,75,289_2421
2025-11-06,32,2.1,75,289_2421
2025-11-07,30,8.0,78,289_2421
2025-11-08,30,2.4,78,289_2421
2025-11-09,27,16.8,84,289_2421
2025-11-10,28,20.3,86,289_2421
2025-11-11,29,13.9,82,289_2421
2025-11-12,30,0.1,78,289_2421
2025-11-13,30,2.5,80,289_2421
2025-11-14,29,0.0,78,289_2421
2025-11-15,30,0.0,75,289_2421
2025-11-16,31,0.0,73,289_2421
2025-11-17,31,0.0,73,289_2421
2025-11-18,31,0.0,73,289_2421
2025-11-19,30,0.6,70,289_2421
2025-11-20,31,0.0,72,289_2421
2025-11-21,28,0.0,76,289_2421
2025-11-22,31,0.0,72,289_2421
2025-11-23,30,0.0,71,289_2421
2025-11-24,31,0.0,69,289_2421
2025-11-25,27,39.5,79,289_2421
2025-11-26,29,7.5,80,289_2421
2025-11-27,30,3.3,78,289_2421
2025-11-28,30,8.5,79,289_2421
2025-11-29,26,24.1,90,289_2421
2025-11-30,30,7.3,78,289_2421
2025-12-01,29,10.8,81,289_2421
2025-12-02,29,4.7,80,289_2421
2025-12-03,30,4.5,76,289_2421
2025-12-04,28,2.9,71,289_2421
2025-12-05,28,0.0,68,289_2421
2025-12-06,28,0.0,67,289_2421
2025-12-07,25,38.4,81,289_2421
2025-12-08,27,10.6,87,289_2421
2025-12-09,31,0.0,76,289_2421
2025-12-10,31,0.4,76,289_2421
2025-12-11,30,0.2,77,289_2421
2025-12-12,30,0.0,73,289_2421
2025-12-13,27,0.0,78,289_2421
2025-12-14,30,0.0,71,289_2421
2025-12-15,29,0.2,73,289_2421
2025-12-16,29,2.9,76,289_2421
2025-12-17,27,5.5,79,289_2421
2025-12-18,29,0.7,75,289_2421
2025-12-19,28,0.6,75,289_2421
2025-12-20,27,1.3,78,289_2421
2025-12-21,28,0.0,73,289_2421
2025-12-22,29,0.5,75,289_2421
2025-12-23,29,0.0,72,289_2421
2025-12-24,29,0.2,77,289_2421
2025-12-25,30,0.5,75,289_2421
2025-12-26,30,0.0,72,289_2421
2025-12-27,29,0.0,72,289_2421
2025-12-28,30,0.0,74,289_2421
2025-12-29,30,0.0,74,289_2421
2025-12-30,29,0.4,73,289_2421
2025-12-31,28,1.8,75,289_2421
2026-01-01,26,1.2,80,289_2421
2026-01-02,25,11.1,87,289_2421
2026-01-03,26,1.0,77,289_2421
2026-01-04,26,0.0,72,289_2421
2026-01-05,25,0.7,80,289_2421
2026-01-06,27,0.4,76,289_2421
2026-01-07,28,1.0,73,289_2421
2026-01-08,26,12.8,83,289_2421
2026-01-09,26,3.3,81,289_2421
2026-01-10,29,1.5,75,289_2421
2026-01-11,29,1.7,74,289_2421
2026-01-12,28,0.0,69,289_2421
2026-01-13,28,6.5,77,289_2421
2026-01-14,28,5.2,77,289_2421
2026-01-15,27,4.7,79,289_2421
2026-01-16,28,0.0,74,289_2421
2026-01-17,28,0.0,75,289_2421
2026-01-18,26,0.2,76,289_2421
2026-01-19,28,0.1,73,289_2421
2026-01-20,29,0.0,70,289_2421
2026-01-21,29,0.4,68,289_2421
2026-01-22,28,0.0,64,289_2421
2026-01-23,27,0.0,66,289_2421
2026-01-24,27,0.9,69,289_2421
2026-01-25,28,0.1,68,289_2421
2026-01-26,27,0.0,70,289_2421
2026-01-27,28,0.4,75,289_2421
2026-01-28,28,0.0,70,289_2421
2026-01-29,28,0.0,66,289_2421
2026-01-30,28,0.4,70,289_2421
2026-01-31,28,0.0,66,289_2421
2026-02-01,29,0.0,64,289_2421
2026-02-02,29,0.0,63,289_2421
2026-02-03,30,0.0,63,289_2421
2026-02-04,28,0.6,69,289_2421
2026-02-05,30,0.0,62,289_2421
2026-02-06,28,0.0,70,289_2421
2026-02-07,28,0.9,76,289_2421
2026-02-08,28,3.7,77,289_2421
2026-02-09,26,0.0,68,289_2421
2026-02-10,28,0.0,70,289_2421
2026-02-11,26,0.6,78,289_2421
2026-02-12,28,0.0,71,289_2421
2026-02-13,29,0.8,74,289_2421
2026-02-14,30,0.0,76,289_2421
2026-02-15,30,0.0,72,289_2421
2026-02-16,30,0.0,72,289_2421
2026-02-17,31,0.0,72,289_2421
2026-02-18,29,0.0,69,289_2421
2026-02-19,29,0.0,66,289_2421
2026-02-20,29,0.1,67,289_2421
2026-02-21,29,0.0,69,289_2421
2026-02-22,30,0.0,68,289_2421
2026-02-23,30,0.0,66,289_2421
2026-02-24,30,0.0,71,289_2421
2026-02-25,31,0.0,69,289_2421
2026-02-26,30,0.0,67,289_2421
2026-02-27,31,0.0,67,289_2421
2026-02-28,31,0.0,66,289_2421
2026-03-01,31,0.0,67,289_2421
2026-03-02,31,0.0,71,289_2421
2026-03-03,31,0.0,71,289_2421
2026-03-04,31,0.0,67,289_2421
2026-03-05,31,0.0,69,289_2421
2026-03-06,31,0.0,69,289_2421
2026-03-07,32,0.0,66,289_2421
2026-03-08,30,0.3,67,289_2421
2026-03-09,30,0.1,65,289_2421
2026-03-10,30,0.0,60,289_2421
2026-03-11,30,0.0,63,289_2421
2026-03-12,29,0.0,67,289_2421
2026-03-13,27,0.0,64,289_2421
2026-03-14,27,0.0,57,289_2421
2026-03-15,28,0.0,57,289_2421
2026-03-16,29,0.1,60,289_2421
2026-03-17,29,0.0,69,289_2421
2026-03-18,30,0.0,67,289_2421
2026-03-19,30,0.0,65,289_2421
2026-03-20,30,0.0,64,289_2421
2026-03-21,31,0.0,63,289_2421
2026-03-22,31,0.2,64,289_2421
2026-03-23,31,0.0,60,289_2421
2026-03-24,31,0.0,60,289_2421
2026-03-25,31,0.0,65,289_2421
2026-03-26,32,0.0,70,289_2421
2026-03-27,31,0.0,69,289_2421
2026-03-28,32,0.0,67,289_2421
2026-03-29,31,0.0,66,289_2421
2026-03-30,32,0.0,66,289_2421
2026-03-31,32,0.0,65,289_2421
2026-04-01,32,0.0,64,289_2421
2026-04-02,32,0.0,63,289_2421
2026-04-03,33,0.0,59,289_2421
2026-04-04,33,0.0,58,289_2421
2026-04-05,35,0.0,59,289_2421
2026-04-06,35,0.0,63,289_2421
2026-04-07,34,0.0,62,289_2421
2026-04-08,34,0.2,57,289_2421
2026-04-09,33,0.8,64,289_2421
2026-04-10,34,0.0,64,289_2421
2026-04-11,34,0.8,62,289_2421
2026-04-12,33,0.1,59,289_2421
2026-04-13,33,0.0,61,289_2421
2026-04-14,33,0.0,61,289_2421
2026-04-15,33,0.0,57,289_2421
2026-04-16,33,0.0,57,289_2421
2026-04-17,33,0.1,60,289_2421
2026-04-18,34,0.0,62,289_2421
2026-04-19,33,1.3,62,289_2421
2026-04-20,34,0.0,59,289_2421
2026-04-21,34,0.0,60,289_2421
2026-04-22,33,0.0,59,289_2421
2026-04-23,34,0.0,60,289_2421
2026-04-24,35,0.0,59,289_2421
2026-04-25,34,0.1,62,289_2421
2026-04-26,35,0.0,63,289_2421
2026-04-27,34,0.3,64,289_2421
2026-04-28,34,3.9,63,289_2421
2026-04-29,34,0.0,61,289_2421
2026-04-30,34,0.0,63,289_2421
2026-05-01,34,0.7,61,289_2421
2026-05-02,34,0.9,64,289_2421
2026-05-03,34,0.2,65,289_2421
2026-05-04,34,0.0,64,289_2421
2026-05-05,34,0.4,62,289_2421
2026-05-06,34,0.1,61,289_2421
2026-05-07,34,0.0,63,289_2421
2026-05-08,34,0.2,62,289_2421
2026-05-09,34,0.7,63,289_2421
2026-05-10,35,0.0,62,289_2421
2026-05-11,35,0.2,63,289_2421
2026-05-12,35,0.6,66,289_2421
2026-05-13,33,0.2,67,289_2421
2026-05-14,34,0.7,65,289_2421
2026-05-15,35,4.6,68,289_2421
2026-05-16,34,15.8,66,289_2421
2026-05-17,34,10.0,69,289_2421
2026-05-18,33,5.0,67,289_2421
2026-05-19,32,5.8,70,289_2421
2026-05-20,34,2.0,66,289_2421
2026-05-21,34,0.9,66,289_2421
2026-05-22,35,0.9,65,289_2421
2026-05-23,36,2.0,64,289_2421
2026-05-24,36,1.6,64,289_2421
2026-05-25,36,3.1,65,289_2421
2026-05-26,33,0.5,65,289_2421
2026-05-27,34,1.1,66,289_2421
2026-05-28,34,2.7,67,289_2421
2026-05-29,33,3.2,71,289_2421
2026-05-30,32,12.3,72,289_2421
2026-05-31,32,14.5,73,289_2421
2025-06-01,32,3.4,70,290_2419
2025-06-02,31,7.0,74,290_2419
2025-06-03,32,2.0,72,290_2419
2025-06-04,32,2.7,72,290_2419
2025-06-05,31,2.6,73,290_2419
2025-06-06,31,6.9,75,290_2419
2025-06-07,32,15.3,73,290_2419
2025-06-08,31,19.7,77,290_2419
2025-06-09,30,30.5,82,290_2419
2025-06-10,28,12.4,86,290_2419
2025-06-11,26,41.3,91,290_2419
2025-06-12,28,40.9,88,290_2419
2025-06-13,30,0.8,77,290_2419
2025-06-14,32,0.3,73,290_2419
2025-06-15,33,3.2,74,290_2419
2025-06-16,34,6.1,72,290_2419
2025-06-17,31,18.2,75,290_2419
2025-06-18,31,10.8,75,290_2419
2025-06-19,32,1.0,71,290_2419
2025-06-20,33,4.7,69,290_2419
2025-06-21,33,4.2,72,290_2419
2025-06-22,28,15.8,83,290_2419
2025-06-23,29,8.6,78,290_2419
2025-06-24,30,11.6,80,290_2419
2025-06-25,31,18.3,78,290_2419
2025-06-26,30,15.0,78,290_2419
2025-06-27,29,9.7,83,290_2419
2025-06-28,30,3.7,75,290_2419
2025-06-29,30,26.9,80,290_2419
2025-06-30,29,15.5,82,290_2419
2025-07-01,30,11.2,79,290_2419
2025-07-02,30,43.2,83,290_2419
2025-07-03,27,75.3,90,290_2419
2025-07-04,29,31.0,85,290_2419
2025-07-05,29,23.3,82,290_2419
2025-07-06,30,4.9,76,290_2419
2025-07-07,31,0.2,74,290_2419
2025-07-08,30,3.8,79,290_2419
2025-07-09,30,6.4,76,290_2419
2025-07-10,30,6.5,77,290_2419
2025-07-11,31,4.0,76,290_2419
2025-07-12,30,1.2,77,290_2419
2025-07-13,30,4.3,77,290_2419
2025-07-14,31,0.4,74,290_2419
2025-07-15,31,0.8,75,290_2419
2025-07-16,30,2.7,78,290_2419
2025-07-17,29,21.0,82,290_2419
2025-07-18,27,47.3,87,290_2419
2025-07-19,27,26.4,87,290_2419
2025-07-20,29,23.8,84,290_2419
2025-07-21,28,29.7,86,290_2419
2025-07-22,27,37.4,89,290_2419
2025-07-23,26,45.2,91,290_2419
2025-07-24,27,52.4,90,290_2419
2025-07-25,28,27.1,89,290_2419
2025-07-26,30,6.6,81,290_2419
2025-07-27,29,12.3,82,290_2419
2025-07-28,30,9.7,81,290_2419
2025-07-29,29,13.3,80,290_2419
2025-07-30,31,0.3,71,290_2419
2025-07-31,31,0.6,71,290_2419
2025-08-01,30,1.6,75,290_2419
2025-08-02,31,0.0,76,290_2419
2025-08-03,31,0.0,75,290_2419
2025-08-04,31,0.0,72,290_2419
2025-08-05,32,4.4,72,290_2419
2025-08-06,32,4.9,72,290_2419
2025-08-07,30,9.8,78,290_2419
2025-08-08,29,9.2,81,290_2419
2025-08-09,30,0.0,74,290_2419
2025-08-10,30,0.0,74,290_2419
2025-08-11,30,0.2,74,290_2419
2025-08-12,31,8.5,76,290_2419
2025-08-13,30,7.8,76,290_2419
2025-08-14,30,10.3,75,290_2419
2025-08-15,29,21.7,79,290_2419
2025-08-16,29,30.8,83,290_2419
2025-08-17,30,11.0,78,290_2419
2025-08-18,32,2.4,74,290_2419
2025-08-19,32,7.3,74,290_2419
2025-08-20,30,0.3,75,290_2419
2025-08-21,29,6.6,81,290_2419
2025-08-22,29,18.7,83,290_2419
2025-08-23,27,6.0,82,290_2419
2025-08-24,30,5.2,75,290_2419
2025-08-25,29,18.0,78,290_2419
2025-08-26,26,29.4,89,290_2419
2025-08-27,29,4.5,82,290_2419
2025-08-28,28,12.0,84,290_2419
2025-08-29,28,19.5,85,290_2419
2025-08-30,30,18.1,83,290_2419
2025-08-31,29,9.8,82,290_2419
2025-09-01,29,21.7,85,290_2419
2025-09-02,28,18.4,87,290_2419
2025-09-03,29,18.2,82,290_2419
2025-09-04,29,18.9,84,290_2419
2025-09-05,27,20.6,87,290_2419
2025-09-06,27,9.7,86,290_2419
2025-09-07,30,9.1,80,290_2419
2025-09-08,30,0.8,78,290_2419
2025-09-09,31,2.7,71,290_2419
2025-09-10,31,5.8,74,290_2419
2025-09-11,30,0.9,76,290_2419
2025-09-12,30,17.2,78,290_2419
2025-09-13,30,5.4,79,290_2419
2025-09-14,29,5.4,78,290_2419
2025-09-15,30,5.5,78,290_2419
2025-09-16,29,8.3,77,290_2419
2025-09-17,29,18.9,81,290_2419
2025-09-18,30,4.5,80,290_2419
2025-09-19,30,14.6,78,290_2419
2025-09-20,28,11.0,84,290_2419
2025-09-21,27,42.3,88,290_2419
2025-09-22,27,71.2,91,290_2419
2025-09-23,30,21.7,83,290_2419
2025-09-24,30,14.6,80,290_2419
2025-09-25,29,10.3,80,290_2419
2025-09-26,28,10.3,86,290_2419
2025-09-27,30,1.1,78,290_2419
2025-09-28,31,4.1,78,290_2419
2025-09-29,30,11.0,79,290_2419
2025-09-30,31,1.5,75,290_2419
2025-10-01,28,5.2,82,290_2419
2025-10-02,30,2.9,77,290_2419
2025-10-03,29,24.3,83,290_2419
2025-10-04,30,2.1,78,290_2419
2025-10-05,29,9.3,78,290_2419
2025-10-06,30,0.0,76,290_2419
2025-10-07,30,0.0,75,290_2419
2025-10-08,30,3.9,76,290_2419
2025-10-09,30,6.5,75,290_2419
2025-10-10,29,8.6,81,290_2419
2025-10-11,29,18.8,83,290_2419
2025-10-12,30,3.8,80,290_2419
2025-10-13,31,0.7,78,290_2419
2025-10-14,30,0.3,77,290_2419
2025-10-15,30,0.0,77,290_2419
2025-10-16,31,0.0,76,290_2419
2025-10-17,32,0.0,74,290_2419
2025-10-18,31,2.1,74,290_2419
2025-10-19,29,6.8,78,290_2419
2025-10-20,31,2.2,80,290_2419
2025-10-21,31,1.2,78,290_2419
2025-10-22,30,1.2,76,290_2419
2025-10-23,31,0.0,74,290_2419
2025-10-24,31,1.4,75,290_2419
2025-10-25,32,1.9,75,290_2419
2025-10-26,31,7.3,78,290_2419
2025-10-27,31,0.5,73,290_2419
2025-10-28,31,1.5,73,290_2419
2025-10-29,31,14.2,79,290_2419
2025-10-30,29,1.0,77,290_2419
2025-10-31,32,1.1,77,290_2419
2025-11-01,31,0.5,75,290_2419
2025-11-02,31,2.8,75,290_2419
2025-11-03,29,48.8,84,290_2419
2025-11-04,30,34.8,82,290_2419
2025-11-05,31,2.7,75,290_2419
2025-11-06,32,2.1,75,290_2419
2025-11-07,30,8.0,78,290_2419
2025-11-08,30,2.4,78,290_2419
2025-11-09,27,16.8,84,290_2419
2025-11-10,28,20.3,86,290_2419
2025-11-11,29,13.9,82,290_2419
2025-11-12,30,0.1,78,290_2419
2025-11-13,30,2.5,80,290_2419
2025-11-14,29,0.0,78,290_2419
2025-11-15,30,0.0,75,290_2419
2025-11-16,31,0.0,73,290_2419
2025-11-17,31,0.0,73,290_2419
2025-11-18,31,0.0,73,290_2419
2025-11-19,30,0.6,70,290_2419
2025-11-20,31,0.0,72,290_2419
2025-11-21,28,0.0,76,290_2419
2025-11-22,31,0.0,72,290_2419
2025-11-23,30,0.0,71,290_2419
2025-11-24,31,0.0,69,290_2419
2025-11-25,27,39.5,79,290_2419
2025-11-26,29,7.5,80,290_2419
2025-11-27,30,3.3,78,290_2419
2025-11-28,30,8.5,79,290_2419
2025-11-29,26,24.1,90,290_2419
2025-11-30,30,7.3,78,290_2419
2025-12-01,29,10.8,81,290_2419
2025-12-02,29,4.7,80,290_2419
2025-12-03,30,4.5,76,290_2419
2025-12-04,28,2.9,71,290_2419
2025-12-05,28,0.0,68,290_2419
2025-12-06,28,0.0,67,290_2419
2025-12-07,25,38.4,81,290_2419
2025-12-08,27,10.6,87,290_2419
2025-12-09,31,0.0,76,290_2419
2025-12-10,31,0.4,76,290_2419
2025-12-11,30,0.2,77,290_2419
2025-12-12,30,0.0,73,290_2419
2025-12-13,27,0.0,78,290_2419
2025-12-14,30,0.0,71,290_2419
2025-12-15,29,0.2,73,290_2419
2025-12-16,29,2.9,76,290_2419
2025-12-17,27,5.5,79,290_2419
2025-12-18,29,0.7,75,290_2419
2025-12-19,28,0.6,75,290_2419
2025-12-20,27,1.3,78,290_2419
2025-12-21,28,0.0,73,290_2419
2025-12-22,29,0.5,75,290_2419
2025-12-23,29,0.0,72,290_2419
2025-12-24,29,0.2,77,290_2419
2025-12-25,30,0.5,75,290_2419
2025-12-26,30,0.0,72,290_2419
2025-12-27,29,0.0,72,290_2419
2025-12-28,30,0.0,74,290_2419
2025-12-29,30,0.0,74,290_2419
2025-12-30,29,0.4,73,290_2419
2025-12-31,28,1.8,75,290_2419
2026-01-01,26,1.2,80,290_2419
2026-01-02,25,11.1,87,290_2419
2026-01-03,26,1.0,77,290_2419
2026-01-04,26,0.0,72,290_2419
2026-01-05,25,0.7,80,290_2419
2026-01-06,27,0.4,76,290_2419
2026-01-07,28,1.0,73,290_2419
2026-01-08,26,12.8,83,290_2419
2026-01-09,26,3.3,81,290_2419
2026-01-10,29,1.5,75,290_2419
2026-01-11,29,1.7,74,290_2419
2026-01-12,28,0.0,69,290_2419
2026-01-13,28,6.5,77,290_2419
2026-01-14,28,5.2,77,290_2419
2026-01-15,27,4.7,79,290_2419
2026-01-16,28,0.0,74,290_2419
2026-01-17,28,0.0,75,290_2419
2026-01-18,26,0.2,76,290_2419
2026-01-19,28,0.1,73,290_2419
2026-01-20,29,0.0,70,290_2419
2026-01-21,29,0.4,68,290_2419
2026-01-22,28,0.0,64,290_2419
2026-01-23,27,0.0,66,290_2419
2026-01-24,27,0.9,69,290_2419
2026-01-25,28,0.1,68,290_2419
2026-01-26,27,0.0,70,290_2419
2026-01-27,28,0.4,75,290_2419
2026-01-28,28,0.0,70,290_2419
2026-01-29,28,0.0,66,290_2419
2026-01-30,28,0.4,70,290_2419
2026-01-31,28,0.0,66,290_2419
2026-02-01,29,0.0,64,290_2419
2026-02-02,29,0.0,63,290_2419
2026-02-03,30,0.0,63,290_2419
2026-02-04,28,0.6,69,290_2419
2026-02-05,30,0.0,62,290_2419
2026-02-06,28,0.0,70,290_2419
2026-02-07,28,0.9,76,290_2419
2026-02-08,28,3.7,77,290_2419
2026-02-09,26,0.0,68,290_2419
2026-02-10,28,0.0,70,290_2419
2026-02-11,26,0.6,78,290_2419
2026-02-12,28,0.0,71,290_2419
2026-02-13,29,0.8,74,290_2419
2026-02-14,30,0.0,76,290_2419
2026-02-15,30,0.0,72,290_2419
2026-02-16,30,0.0,72,290_2419
2026-02-17,31,0.0,72,290_2419
2026-02-18,29,0.0,69,290_2419
2026-02-19,29,0.0,66,290_2419
2026-02-20,29,0.1,67,290_2419
2026-02-21,29,0.0,69,290_2419
2026-02-22,30,0.0,68,290_2419
2026-02-23,30,0.0,66,290_2419
2026-02-24,30,0.0,71,290_2419
2026-02-25,31,0.0,69,290_2419
2026-02-26,30,0.0,67,290_2419
2026-02-27,31,0.0,67,290_2419
2026-02-28,31,0.0,66,290_2419
2026-03-01,31,0.0,67,290_2419
2026-03-02,31,0.0,71,290_2419
2026-03-03,31,0.0,71,290_2419
2026-03-04,31,0.0,67,290_2419
2026-03-05,31,0.0,69,290_2419
2026-03-06,31,0.0,69,290_2419
2026-03-07,32,0.0,66,290_2419
2026-03-08,30,0.3,67,290_2419
2026-03-09,30,0.1,65,290_2419
2026-03-10,30,0.0,60,290_2419
2026-03-11,30,0.0,63,290_2419
2026-03-12,29,0.0,67,290_2419
2026-03-13,27,0.0,64,290_2419
2026-03-14,27,0.0,57,290_2419
2026-03-15,28,0.0,57,290_2419
2026-03-16,29,0.1,60,290_2419
2026-03-17,29,0.0,69,290_2419
2026-03-18,30,0.0,67,290_2419
2026-03-19,30,0.0,65,290_2419
2026-03-20,30,0.0,64,290_2419
2026-03-21,31,0.0,63,290_2419
2026-03-22,31,0.2,64,290_2419
2026-03-23,31,0.0,60,290_2419
2026-03-24,31,0.0,60,290_2419
2026-03-25,31,0.0,65,290_2419
2026-03-26,32,0.0,70,290_2419
2026-03-27,31,0.0,69,290_2419
2026-03-28,32,0.0,67,290_2419
2026-03-29,31,0.0,66,290_2419
2026-03-30,32,0.0,66,290_2419
2026-03-31,32,0.0,65,290_2419
2026-04-01,32,0.0,64,290_2419
2026-04-02,32,0.0,63,290_2419
2026-04-03,33,0.0,59,290_2419
2026-04-04,33,0.0,58,290_2419
2026-04-05,35,0.0,59,290_2419
2026-04-06,35,0.0,63,290_2419
2026-04-07,34,0.0,62,290_2419
2026-04-08,34,0.2,57,290_2419
2026-04-09,33,0.8,64,290_2419
2026-04-10,34,0.0,64,290_2419
2026-04-11,34,0.8,62,290_2419
2026-04-12,33,0.1,59,290_2419
2026-04-13,33,0.0,61,290_2419
2026-04-14,33,0.0,61,290_2419
2026-04-15,33,0.0,57,290_2419
2026-04-16,33,0.0,57,290_2419
2026-04-17,33,0.1,60,290_2419
2026-04-18,34,0.0,62,290_2419
2026-04-19,33,1.3,62,290_2419
2026-04-20,34,0.0,59,290_2419
2026-04-21,34,0.0,60,290_2419
2026-04-22,33,0.0,59,290_2419
2026-04-23,34,0.0,60,290_2419
2026-04-24,35,0.0,59,290_2419
2026-04-25,34,0.1,62,290_2419
2026-04-26,35,0.0,63,290_2419
2026-04-27,34,0.3,64,290_2419
2026-04-28,34,3.9,63,290_2419
2026-04-29,34,0.0,61,290_2419
2026-04-30,34,0.0,63,290_2419
2026-05-01,34,0.7,61,290_2419
2026-05-02,34,0.9,64,290_2419
2026-05-03,34,0.2,65,290_2419
2026-05-04,34,0.0,64,290_2419
2026-05-05,34,0.4,62,290_2419
2026-05-06,34,0.1,61,290_2419
2026-05-07,34,0.0,63,290_2419
2026-05-08,34,0.2,62,290_2419
2026-05-09,34,0.7,63,290_2419
2026-05-10,35,0.0,62,290_2419
2026-05-11,35,0.2,63,290_2419
2026-05-12,35,0.6,66,290_2419
2026-05-13,33,0.2,67,290_2419
2026-05-14,34,0.7,65,290_2419
2026-05-15,35,4.6,68,290_2419
2026-05-16,34,15.8,66,290_2419
2026-05-17,34,10.0,69,290_2419
2026-05-18,33,5.0,67,290_2419
2026-05-19,32,5.8,70,290_2419
2026-05-20,34,2.0,66,290_2419
2026-05-21,34,0.9,66,290_2419
2026-05-22,35,0.9,65,290_2419
2026-05-23,36,2.0,64,290_2419
2026-05-24,36,1.6,64,290_2419
2026-05-25,36,3.1,65,290_2419
2026-05-26,33,0.5,65,290_2419
2026-05-27,34,1.1,66,290_2419
2026-05-28,34,2.7,67,290_2419
2026-05-29,33,3.2,71,290_2419
2026-05-30,32,12.3,72,290_2419
2026-05-31,32,14.5,73,290_2419
2025-06-01,32,4.2,70,290_2420
2025-06-02,31,7.9,74,290_2420
2025-06-03,32,2.6,71,290_2420
2025-06-04,32,2.6,72,290_2420
2025-06-05,31,2.7,72,290_2420
2025-06-06,32,6.1,74,290_2420
2025-06-07,32,15.2,72,290_2420
2025-06-08,31,19.1,76,290_2420
2025-06-09,30,31.6,82,290_2420
2025-06-10,28,11.3,85,290_2420
2025-06-11,26,36.7,91,290_2420
2025-06-12,28,44.2,88,290_2420
2025-06-13,30,0.8,77,290_2420
2025-06-14,32,0.1,72,290_2420
2025-06-15,33,3.2,73,290_2420
2025-06-16,34,5.8,72,290_2420
2025-06-17,31,17.0,75,290_2420
2025-06-18,31,9.7,74,290_2420
2025-06-19,32,0.8,70,290_2420
2025-06-20,34,4.1,67,290_2420
2025-06-21,34,4.4,72,290_2420
2025-06-22,28,16.7,83,290_2420
2025-06-23,29,8.8,77,290_2420
2025-06-24,30,11.4,80,290_2420
2025-06-25,31,18.5,77,290_2420
2025-06-26,31,14.2,78,290_2420
2025-06-27,29,8.5,83,290_2420
2025-06-28,30,3.5,75,290_2420
2025-06-29,30,28.5,80,290_2420
2025-06-30,30,14.6,81,290_2420
2025-07-01,30,11.3,79,290_2420
2025-07-02,30,37.9,83,290_2420
2025-07-03,27,79.6,90,290_2420
2025-07-04,29,33.6,85,290_2420
2025-07-05,29,26.1,83,290_2420
2025-07-06,30,6.6,77,290_2420
2025-07-07,31,0.2,74,290_2420
2025-07-08,30,4.9,79,290_2420
2025-07-09,30,7.4,76,290_2420
2025-07-10,30,7.5,77,290_2420
2025-07-11,30,5.3,76,290_2420
2025-07-12,30,1.2,76,290_2420
2025-07-13,30,4.1,77,290_2420
2025-07-14,31,0.4,74,290_2420
2025-07-15,31,1.0,75,290_2420
2025-07-16,30,2.9,77,290_2420
2025-07-17,29,22.2,82,290_2420
2025-07-18,27,47.8,87,290_2420
2025-07-19,27,29.1,87,290_2420
2025-07-20,29,26.6,85,290_2420
2025-07-21,28,31.5,86,290_2420
2025-07-22,27,39.2,89,290_2420
2025-07-23,27,42.3,91,290_2420
2025-07-24,27,56.4,90,290_2420
2025-07-25,28,28.3,89,290_2420
2025-07-26,30,8.1,81,290_2420
2025-07-27,29,14.5,83,290_2420
2025-07-28,30,12.9,81,290_2420
2025-07-29,29,17.0,80,290_2420
2025-07-30,31,0.7,71,290_2420
2025-07-31,31,1.0,71,290_2420
2025-08-01,30,2.0,75,290_2420
2025-08-02,31,0.0,75,290_2420
2025-08-03,31,0.0,75,290_2420
2025-08-04,31,0.0,71,290_2420
2025-08-05,32,4.0,71,290_2420
2025-08-06,32,5.0,72,290_2420
2025-08-07,30,9.1,77,290_2420
2025-08-08,29,9.6,80,290_2420
2025-08-09,30,0.0,73,290_2420
2025-08-10,30,0.0,73,290_2420
2025-08-11,31,0.1,73,290_2420
2025-08-12,32,7.1,75,290_2420
2025-08-13,30,7.1,75,290_2420
2025-08-14,30,10.1,75,290_2420
2025-08-15,29,24.8,79,290_2420
2025-08-16,29,29.1,83,290_2420
2025-08-17,31,11.1,78,290_2420
2025-08-18,33,2.9,73,290_2420
2025-08-19,32,7.4,74,290_2420
2025-08-20,30,0.0,74,290_2420
2025-08-21,29,6.1,81,290_2420
2025-08-22,29,18.8,83,290_2420
2025-08-23,27,4.2,82,290_2420
2025-08-24,30,6.0,74,290_2420
2025-08-25,29,18.3,78,290_2420
2025-08-26,26,30.2,90,290_2420
2025-08-27,29,4.4,82,290_2420
2025-08-28,28,13.2,84,290_2420
2025-08-29,29,19.8,85,290_2420
2025-08-30,30,16.5,83,290_2420
2025-08-31,29,9.8,82,290_2420
2025-09-01,29,21.8,86,290_2420
2025-09-02,28,19.3,87,290_2420
2025-09-03,29,18.5,82,290_2420
2025-09-04,29,21.1,84,290_2420
2025-09-05,27,22.0,87,290_2420
2025-09-06,26,9.2,87,290_2420
2025-09-07,30,8.7,80,290_2420
2025-09-08,30,0.7,78,290_2420
2025-09-09,31,2.4,70,290_2420
2025-09-10,31,6.0,73,290_2420
2025-09-11,30,0.6,75,290_2420
2025-09-12,30,17.3,77,290_2420
2025-09-13,30,5.7,78,290_2420
2025-09-14,29,4.8,78,290_2420
2025-09-15,31,5.7,78,290_2420
2025-09-16,30,8.1,76,290_2420
2025-09-17,30,20.0,81,290_2420
2025-09-18,30,3.9,80,290_2420
2025-09-19,30,14.7,78,290_2420
2025-09-20,28,11.5,84,290_2420
2025-09-21,27,43.0,88,290_2420
2025-09-22,27,68.6,91,290_2420
2025-09-23,30,24.9,83,290_2420
2025-09-24,30,15.6,81,290_2420
2025-09-25,29,10.2,80,290_2420
2025-09-26,28,10.1,86,290_2420
2025-09-27,31,1.0,77,290_2420
2025-09-28,31,4.6,77,290_2420
2025-09-29,30,12.0,79,290_2420
2025-09-30,32,0.7,75,290_2420
2025-10-01,29,5.4,82,290_2420
2025-10-02,30,2.9,77,290_2420
2025-10-03,29,26.8,83,290_2420
2025-10-04,30,1.7,78,290_2420
2025-10-05,29,9.2,78,290_2420
2025-10-06,30,0.0,75,290_2420
2025-10-07,30,0.0,75,290_2420
2025-10-08,31,3.7,75,290_2420
2025-10-09,31,6.1,74,290_2420
2025-10-10,29,8.1,81,290_2420
2025-10-11,29,18.5,83,290_2420
2025-10-12,30,3.6,80,290_2420
2025-10-13,31,0.9,78,290_2420
2025-10-14,30,0.3,76,290_2420
2025-10-15,30,0.0,76,290_2420
2025-10-16,31,0.0,75,290_2420
2025-10-17,32,0.0,73,290_2420
2025-10-18,32,2.1,73,290_2420
2025-10-19,29,6.9,77,290_2420
2025-10-20,31,1.9,79,290_2420
2025-10-21,31,1.7,77,290_2420
2025-10-22,31,1.3,75,290_2420
2025-10-23,32,0.0,73,290_2420
2025-10-24,31,1.5,74,290_2420
2025-10-25,32,1.9,74,290_2420
2025-10-26,31,7.1,77,290_2420
2025-10-27,32,0.1,72,290_2420
2025-10-28,32,2.0,73,290_2420
2025-10-29,31,14.7,79,290_2420
2025-10-30,30,0.6,76,290_2420
2025-10-31,32,1.0,76,290_2420
2025-11-01,31,0.4,75,290_2420
2025-11-02,31,2.4,74,290_2420
2025-11-03,29,47.2,84,290_2420
2025-11-04,30,32.6,81,290_2420
2025-11-05,31,2.2,74,290_2420
2025-11-06,32,1.8,74,290_2420
2025-11-07,30,8.3,78,290_2420
2025-11-08,30,2.8,78,290_2420
2025-11-09,27,16.5,84,290_2420
2025-11-10,28,22.2,86,290_2420
2025-11-11,29,17.5,83,290_2420
2025-11-12,30,0.1,78,290_2420
2025-11-13,30,2.9,79,290_2420
2025-11-14,29,0.0,78,290_2420
2025-11-15,30,0.0,74,290_2420
2025-11-16,31,0.0,72,290_2420
2025-11-17,31,0.0,72,290_2420
2025-11-18,32,0.0,71,290_2420
2025-11-19,31,0.4,69,290_2420
2025-11-20,31,0.0,71,290_2420
2025-11-21,28,0.0,75,290_2420
2025-11-22,31,0.0,71,290_2420
2025-11-23,30,0.0,70,290_2420
2025-11-24,31,0.0,68,290_2420
2025-11-25,28,34.7,78,290_2420
2025-11-26,29,6.0,79,290_2420
2025-11-27,30,3.4,78,290_2420
2025-11-28,30,8.3,78,290_2420
2025-11-29,26,22.2,89,290_2420
2025-11-30,30,6.2,77,290_2420
2025-12-01,29,11.5,81,290_2420
2025-12-02,30,4.6,79,290_2420
2025-12-03,30,4.4,76,290_2420
2025-12-04,29,2.8,71,290_2420
2025-12-05,28,0.0,67,290_2420
2025-12-06,28,0.0,67,290_2420
2025-12-07,25,36.4,81,290_2420
2025-12-08,27,9.8,87,290_2420
2025-12-09,31,0.0,75,290_2420
2025-12-10,31,0.4,75,290_2420
2025-12-11,30,0.2,76,290_2420
2025-12-12,30,0.0,72,290_2420
2025-12-13,28,0.0,78,290_2420
2025-12-14,30,0.0,70,290_2420
2025-12-15,29,0.4,72,290_2420
2025-12-16,29,2.7,76,290_2420
2025-12-17,27,5.4,78,290_2420
2025-12-18,29,0.7,74,290_2420
2025-12-19,29,0.6,74,290_2420
2025-12-20,27,1.1,78,290_2420
2025-12-21,28,0.0,73,290_2420
2025-12-22,29,0.5,75,290_2420
2025-12-23,29,0.0,71,290_2420
2025-12-24,29,0.1,76,290_2420
2025-12-25,30,0.6,74,290_2420
2025-12-26,30,0.0,71,290_2420
2025-12-27,30,0.0,71,290_2420
2025-12-28,30,0.0,73,290_2420
2025-12-29,30,0.0,73,290_2420
2025-12-30,30,0.4,72,290_2420
2025-12-31,29,1.5,74,290_2420
2026-01-01,26,1.2,80,290_2420
2026-01-02,25,10.0,87,290_2420
2026-01-03,26,0.6,76,290_2420
2026-01-04,26,0.0,72,290_2420
2026-01-05,25,0.4,79,290_2420
2026-01-06,27,0.4,75,290_2420
2026-01-07,28,0.7,72,290_2420
2026-01-08,26,12.6,82,290_2420
2026-01-09,26,3.1,81,290_2420
2026-01-10,29,1.6,75,290_2420
2026-01-11,29,2.0,73,290_2420
2026-01-12,29,0.0,68,290_2420
2026-01-13,28,7.6,76,290_2420
2026-01-14,29,6.0,76,290_2420
2026-01-15,27,4.8,79,290_2420
2026-01-16,28,0.0,73,290_2420
2026-01-17,28,0.0,74,290_2420
2026-01-18,26,0.2,76,290_2420
2026-01-19,29,0.4,72,290_2420
2026-01-20,29,0.0,69,290_2420
2026-01-21,29,0.4,67,290_2420
2026-01-22,28,0.0,64,290_2420
2026-01-23,27,0.0,65,290_2420
2026-01-24,27,0.8,68,290_2420
2026-01-25,28,0.1,68,290_2420
2026-01-26,27,0.0,69,290_2420
2026-01-27,29,0.4,75,290_2420
2026-01-28,28,0.0,69,290_2420
2026-01-29,28,0.0,65,290_2420
2026-01-30,28,0.4,69,290_2420
2026-01-31,29,0.0,65,290_2420
2026-02-01,29,0.0,63,290_2420
2026-02-02,29,0.0,62,290_2420
2026-02-03,30,0.0,62,290_2420
2026-02-04,28,0.5,69,290_2420
2026-02-05,30,0.0,62,290_2420
2026-02-06,29,0.0,69,290_2420
2026-02-07,28,1.1,75,290_2420
2026-02-08,28,3.6,76,290_2420
2026-02-09,26,0.0,68,290_2420
2026-02-10,28,0.0,69,290_2420
2026-02-11,26,0.6,77,290_2420
2026-02-12,28,0.0,70,290_2420
2026-02-13,29,1.0,73,290_2420
2026-02-14,30,0.0,75,290_2420
2026-02-15,31,0.0,71,290_2420
2026-02-16,31,0.0,71,290_2420
2026-02-17,31,0.0,70,290_2420
2026-02-18,29,0.0,69,290_2420
2026-02-19,29,0.0,65,290_2420
2026-02-20,29,0.1,66,290_2420
2026-02-21,29,0.0,68,290_2420
2026-02-22,30,0.0,67,290_2420
2026-02-23,30,0.0,65,290_2420
2026-02-24,30,0.0,70,290_2420
2026-02-25,31,0.0,68,290_2420
2026-02-26,31,0.0,66,290_2420
2026-02-27,31,0.0,66,290_2420
2026-02-28,31,0.0,65,290_2420
2026-03-01,31,0.0,66,290_2420
2026-03-02,31,0.0,70,290_2420
2026-03-03,32,0.0,70,290_2420
2026-03-04,32,0.0,66,290_2420
2026-03-05,31,0.0,68,290_2420
2026-03-06,31,0.0,68,290_2420
2026-03-07,32,0.0,65,290_2420
2026-03-08,30,0.3,67,290_2420
2026-03-09,30,0.0,64,290_2420
2026-03-10,30,0.0,59,290_2420
2026-03-11,30,0.0,62,290_2420
2026-03-12,29,0.1,66,290_2420
2026-03-13,27,0.0,63,290_2420
2026-03-14,27,0.0,57,290_2420
2026-03-15,29,0.0,56,290_2420
2026-03-16,29,0.0,59,290_2420
2026-03-17,29,0.0,68,290_2420
2026-03-18,30,0.0,66,290_2420
2026-03-19,30,0.0,65,290_2420
2026-03-20,30,0.0,63,290_2420
2026-03-21,31,0.0,62,290_2420
2026-03-22,31,0.2,63,290_2420
2026-03-23,31,0.0,59,290_2420
2026-03-24,31,0.0,59,290_2420
2026-03-25,31,0.0,64,290_2420
2026-03-26,32,0.0,69,290_2420
2026-03-27,32,0.0,68,290_2420
2026-03-28,32,0.0,66,290_2420
2026-03-29,31,0.0,65,290_2420
2026-03-30,32,0.0,65,290_2420
2026-03-31,32,0.0,64,290_2420
2026-04-01,32,0.0,62,290_2420
2026-04-02,33,0.0,62,290_2420
2026-04-03,32,0.0,58,290_2420
2026-04-04,33,0.0,56,290_2420
2026-04-05,35,0.0,57,290_2420
2026-04-06,34,0.0,61,290_2420
2026-04-07,35,0.0,61,290_2420
2026-04-08,34,0.2,55,290_2420
2026-04-09,33,0.2,62,290_2420
2026-04-10,34,0.0,62,290_2420
2026-04-11,34,0.1,61,290_2420
2026-04-12,33,0.0,58,290_2420
2026-04-13,34,0.0,60,290_2420
2026-04-14,33,0.0,59,290_2420
2026-04-15,33,0.0,56,290_2420
2026-04-16,34,0.0,56,290_2420
2026-04-17,33,0.3,59,290_2420
2026-04-18,34,0.2,61,290_2420
2026-04-19,33,2.1,61,290_2420
2026-04-20,34,0.9,58,290_2420
2026-04-21,34,0.2,58,290_2420
2026-04-22,34,0.0,58,290_2420
2026-04-23,34,0.0,59,290_2420
2026-04-24,35,0.0,58,290_2420
2026-04-25,34,0.0,61,290_2420
2026-04-26,35,0.0,61,290_2420
2026-04-27,34,0.3,63,290_2420
2026-04-28,34,1.6,62,290_2420
2026-04-29,35,0.0,60,290_2420
2026-04-30,34,0.0,61,290_2420
2026-05-01,34,0.2,59,290_2420
2026-05-02,35,0.6,62,290_2420
2026-05-03,35,0.5,64,290_2420
2026-05-04,35,0.0,62,290_2420
2026-05-05,34,0.6,60,290_2420
2026-05-06,35,0.2,59,290_2420
2026-05-07,35,0.0,62,290_2420
2026-05-08,35,0.2,61,290_2420
2026-05-09,35,1.8,62,290_2420
2026-05-10,35,0.1,60,290_2420
2026-05-11,35,0.7,62,290_2420
2026-05-12,35,1.0,65,290_2420
2026-05-13,34,0.0,66,290_2420
2026-05-14,34,4.4,65,290_2420
2026-05-15,35,2.7,67,290_2420
2026-05-16,35,15.5,65,290_2420
2026-05-17,34,4.3,68,290_2420
2026-05-18,33,4.6,66,290_2420
2026-05-19,33,8.5,70,290_2420
2026-05-20,35,1.8,65,290_2420
2026-05-21,35,1.4,65,290_2420
2026-05-22,35,2.0,64,290_2420
2026-05-23,35,2.8,63,290_2420
2026-05-24,35,1.0,63,290_2420
2026-05-25,35,5.2,64,290_2420
2026-05-26,34,0.8,64,290_2420
2026-05-27,34,0.2,65,290_2420
2026-05-28,35,3.1,67,290_2420
2026-05-29,34,9.8,64,290_2420
2026-05-30,33,7.9,72,290_2420
2026-05-31,32,15.8,73,290_2420
2025-06-01,32,4.7,71,290_2421
2025-06-02,31,7.8,76,290_2421
2025-06-03,32,2.5,73,290_2421
2025-06-04,32,3.1,73,290_2421
2025-06-05,31,3.7,73,290_2421
2025-06-06,32,6.1,75,290_2421
2025-06-07,31,15.6,74,290_2421
2025-06-08,31,19.1,76,290_2421
2025-06-09,30,37.3,83,290_2421
2025-06-10,27,12.3,86,290_2421
2025-06-11,26,31.8,90,290_2421
2025-06-12,28,45.1,89,290_2421
2025-06-13,30,0.8,77,290_2421
2025-06-14,32,0.2,74,290_2421
2025-06-15,33,3.0,74,290_2421
2025-06-16,34,5.8,72,290_2421
2025-06-17,30,18.6,76,290_2421
2025-06-18,31,8.9,75,290_2421
2025-06-19,32,0.8,70,290_2421
2025-06-20,34,4.1,69,290_2421
2025-06-21,33,3.9,72,290_2421
2025-06-22,27,15.3,83,290_2421
2025-06-23,29,9.3,79,290_2421
2025-06-24,30,11.4,80,290_2421
2025-06-25,31,15.7,77,290_2421
2025-06-26,31,13.3,78,290_2421
2025-06-27,29,7.3,83,290_2421
2025-06-28,30,2.8,76,290_2421
2025-06-29,30,27.4,81,290_2421
2025-06-30,29,15.7,82,290_2421
2025-07-01,30,11.3,79,290_2421
2025-07-02,30,35.3,83,290_2421
2025-07-03,27,75.8,91,290_2421
2025-07-04,29,32.6,85,290_2421
2025-07-05,29,25.5,83,290_2421
2025-07-06,30,7.3,78,290_2421
2025-07-07,31,0.4,75,290_2421
2025-07-08,30,4.8,80,290_2421
2025-07-09,30,6.5,78,290_2421
2025-07-10,30,6.5,78,290_2421
2025-07-11,30,5.3,76,290_2421
2025-07-12,30,1.7,77,290_2421
2025-07-13,30,3.9,78,290_2421
2025-07-14,31,0.5,75,290_2421
2025-07-15,31,1.2,76,290_2421
2025-07-16,30,3.6,79,290_2421
2025-07-17,29,21.9,83,290_2421
2025-07-18,27,45.0,88,290_2421
2025-07-19,27,33.4,88,290_2421
2025-07-20,29,30.7,85,290_2421
2025-07-21,28,31.5,86,290_2421
2025-07-22,27,40.2,90,290_2421
2025-07-23,26,41.9,91,290_2421
2025-07-24,27,55.0,90,290_2421
2025-07-25,28,31.3,89,290_2421
2025-07-26,29,9.7,82,290_2421
2025-07-27,29,15.2,83,290_2421
2025-07-28,29,14.2,82,290_2421
2025-07-29,29,17.7,81,290_2421
2025-07-30,30,0.9,72,290_2421
2025-07-31,31,1.1,72,290_2421
2025-08-01,30,1.9,76,290_2421
2025-08-02,31,0.0,76,290_2421
2025-08-03,31,0.0,76,290_2421
2025-08-04,31,0.0,72,290_2421
2025-08-05,32,3.9,72,290_2421
2025-08-06,31,5.8,72,290_2421
2025-08-07,30,10.6,78,290_2421
2025-08-08,29,11.6,81,290_2421
2025-08-09,30,0.0,74,290_2421
2025-08-10,31,0.0,74,290_2421
2025-08-11,30,0.2,74,290_2421
2025-08-12,31,8.9,77,290_2421
2025-08-13,30,8.4,76,290_2421
2025-08-14,30,10.1,75,290_2421
2025-08-15,29,27.1,80,290_2421
2025-08-16,29,24.0,83,290_2421
2025-08-17,30,10.7,79,290_2421
2025-08-18,33,2.4,74,290_2421
2025-08-19,32,7.9,75,290_2421
2025-08-20,30,0.1,75,290_2421
2025-08-21,28,6.8,82,290_2421
2025-08-22,28,17.7,84,290_2421
2025-08-23,27,4.1,82,290_2421
2025-08-24,30,6.7,75,290_2421
2025-08-25,29,19.7,79,290_2421
2025-08-26,26,41.4,90,290_2421
2025-08-27,29,4.4,82,290_2421
2025-08-28,28,16.0,84,290_2421
2025-08-29,28,20.7,86,290_2421
2025-08-30,29,17.6,83,290_2421
2025-08-31,29,9.5,82,290_2421
2025-09-01,29,23.8,86,290_2421
2025-09-02,28,16.7,87,290_2421
2025-09-03,29,16.7,82,290_2421
2025-09-04,29,20.3,84,290_2421
2025-09-05,27,20.0,87,290_2421
2025-09-06,26,9.2,87,290_2421
2025-09-07,30,7.4,80,290_2421
2025-09-08,30,1.2,79,290_2421
2025-09-09,31,2.2,71,290_2421
2025-09-10,31,5.1,74,290_2421
2025-09-11,29,0.5,77,290_2421
2025-09-12,30,18.9,78,290_2421
2025-09-13,30,5.6,79,290_2421
2025-09-14,28,3.9,80,290_2421
2025-09-15,30,5.5,78,290_2421
2025-09-16,29,7.2,78,290_2421
2025-09-17,29,20.7,81,290_2421
2025-09-18,29,4.8,81,290_2421
2025-09-19,30,11.2,79,290_2421
2025-09-20,28,11.4,84,290_2421
2025-09-21,27,37.3,89,290_2421
2025-09-22,27,67.0,91,290_2421
2025-09-23,29,26.8,84,290_2421
2025-09-24,29,14.8,80,290_2421
2025-09-25,28,9.5,80,290_2421
2025-09-26,28,9.2,86,290_2421
2025-09-27,30,0.7,78,290_2421
2025-09-28,31,3.8,78,290_2421
2025-09-29,30,9.3,79,290_2421
2025-09-30,31,1.3,76,290_2421
2025-10-01,29,8.1,83,290_2421
2025-10-02,30,3.3,78,290_2421
2025-10-03,29,28.1,84,290_2421
2025-10-04,30,1.7,78,290_2421
2025-10-05,29,9.0,80,290_2421
2025-10-06,30,0.4,76,290_2421
2025-10-07,30,0.0,75,290_2421
2025-10-08,31,3.8,76,290_2421
2025-10-09,30,6.1,76,290_2421
2025-10-10,29,8.5,81,290_2421
2025-10-11,29,19.9,83,290_2421
2025-10-12,30,4.6,80,290_2421
2025-10-13,31,1.2,78,290_2421
2025-10-14,30,0.5,78,290_2421
2025-10-15,30,0.0,78,290_2421
2025-10-16,30,0.0,77,290_2421
2025-10-17,32,0.0,74,290_2421
2025-10-18,32,1.9,74,290_2421
2025-10-19,28,6.7,79,290_2421
2025-10-20,31,1.7,80,290_2421
2025-10-21,31,1.7,78,290_2421
2025-10-22,31,1.6,76,290_2421
2025-10-23,32,0.0,73,290_2421
2025-10-24,31,1.5,76,290_2421
2025-10-25,31,1.7,76,290_2421
2025-10-26,31,6.8,78,290_2421
2025-10-27,31,0.3,74,290_2421
2025-10-28,31,3.3,75,290_2421
2025-10-29,31,13.7,79,290_2421
2025-10-30,30,0.3,77,290_2421
2025-10-31,31,1.0,77,290_2421
2025-11-01,31,0.7,76,290_2421
2025-11-02,31,2.1,75,290_2421
2025-11-03,29,41.0,84,290_2421
2025-11-04,29,28.5,81,290_2421
2025-11-05,31,2.0,75,290_2421
2025-11-06,32,1.8,74,290_2421
2025-11-07,30,8.0,79,290_2421
2025-11-08,29,2.8,79,290_2421
2025-11-09,27,16.5,84,290_2421
2025-11-10,28,25.5,86,290_2421
2025-11-11,29,20.4,83,290_2421
2025-11-12,30,0.2,79,290_2421
2025-11-13,29,2.8,81,290_2421
2025-11-14,29,0.0,79,290_2421
2025-11-15,30,0.0,76,290_2421
2025-11-16,31,0.0,74,290_2421
2025-11-17,31,0.0,72,290_2421
2025-11-18,31,0.0,73,290_2421
2025-11-19,30,0.4,71,290_2421
2025-11-20,30,0.0,73,290_2421
2025-11-21,28,0.0,77,290_2421
2025-11-22,30,0.0,73,290_2421
2025-11-23,30,0.0,70,290_2421
2025-11-24,31,0.1,70,290_2421
2025-11-25,28,34.7,78,290_2421
2025-11-26,29,5.3,80,290_2421
2025-11-27,30,3.7,79,290_2421
2025-11-28,30,8.3,78,290_2421
2025-11-29,26,19.5,89,290_2421
2025-11-30,30,4.7,78,290_2421
2025-12-01,29,12.4,81,290_2421
2025-12-02,30,4.6,79,290_2421
2025-12-03,30,3.8,76,290_2421
2025-12-04,28,2.4,72,290_2421
2025-12-05,28,0.0,67,290_2421
2025-12-06,28,0.0,69,290_2421
2025-12-07,25,39.0,82,290_2421
2025-12-08,27,9.4,87,290_2421
2025-12-09,31,0.0,77,290_2421
2025-12-10,30,0.5,77,290_2421
2025-12-11,30,0.5,78,290_2421
2025-12-12,30,0.0,74,290_2421
2025-12-13,28,0.0,78,290_2421
2025-12-14,29,0.0,72,290_2421
2025-12-15,28,0.3,74,290_2421
2025-12-16,29,2.0,77,290_2421
2025-12-17,27,5.5,80,290_2421
2025-12-18,28,0.4,76,290_2421
2025-12-19,29,0.6,74,290_2421
2025-12-20,27,1.0,79,290_2421
2025-12-21,27,0.0,75,290_2421
2025-12-22,28,0.4,77,290_2421
2025-12-23,29,0.0,73,290_2421
2025-12-24,28,0.2,78,290_2421
2025-12-25,30,0.7,76,290_2421
2025-12-26,29,0.0,73,290_2421
2025-12-27,30,0.0,73,290_2421
2025-12-28,30,0.0,75,290_2421
2025-12-29,30,0.0,75,290_2421
2025-12-30,30,0.4,74,290_2421
2025-12-31,29,1.2,75,290_2421
2026-01-01,26,1.2,81,290_2421
2026-01-02,25,8.7,87,290_2421
2026-01-03,25,0.6,77,290_2421
2026-01-04,26,0.0,74,290_2421
2026-01-05,25,0.3,80,290_2421
2026-01-06,27,0.4,77,290_2421
2026-01-07,28,0.7,72,290_2421
2026-01-08,25,14.1,84,290_2421
2026-01-09,26,4.0,82,290_2421
2026-01-10,29,1.9,76,290_2421
2026-01-11,29,1.6,74,290_2421
2026-01-12,28,0.0,70,290_2421
2026-01-13,28,7.6,76,290_2421
2026-01-14,29,5.2,77,290_2421
2026-01-15,27,4.7,80,290_2421
2026-01-16,28,0.0,74,290_2421
2026-01-17,28,0.0,74,290_2421
2026-01-18,26,0.4,78,290_2421
2026-01-19,29,0.4,74,290_2421
2026-01-20,29,0.0,71,290_2421
2026-01-21,29,0.3,69,290_2421
2026-01-22,27,0.0,66,290_2421
2026-01-23,27,0.0,68,290_2421
2026-01-24,26,0.7,70,290_2421
2026-01-25,27,0.1,70,290_2421
2026-01-26,27,0.0,71,290_2421
2026-01-27,29,0.4,75,290_2421
2026-01-28,28,0.0,71,290_2421
2026-01-29,28,0.0,67,290_2421
2026-01-30,28,0.4,71,290_2421
2026-01-31,28,0.0,67,290_2421
2026-02-01,29,0.0,65,290_2421
2026-02-02,29,0.0,64,290_2421
2026-02-03,29,0.0,64,290_2421
2026-02-04,27,0.5,71,290_2421
2026-02-05,29,0.0,64,290_2421
2026-02-06,28,0.0,71,290_2421
2026-02-07,28,0.7,78,290_2421
2026-02-08,27,3.6,77,290_2421
2026-02-09,26,0.0,70,290_2421
2026-02-10,28,0.0,72,290_2421
2026-02-11,26,0.6,79,290_2421
2026-02-12,28,0.0,72,290_2421
2026-02-13,28,1.3,75,290_2421
2026-02-14,30,0.0,76,290_2421
2026-02-15,30,0.0,73,290_2421
2026-02-16,30,0.0,73,290_2421
2026-02-17,30,0.0,73,290_2421
2026-02-18,29,0.0,71,290_2421
2026-02-19,29,0.0,67,290_2421
2026-02-20,29,0.1,68,290_2421
2026-02-21,29,0.0,70,290_2421
2026-02-22,30,0.0,69,290_2421
2026-02-23,30,0.0,65,290_2421
2026-02-24,30,0.0,70,290_2421
2026-02-25,31,0.0,69,290_2421
2026-02-26,31,0.0,68,290_2421
2026-02-27,31,0.0,68,290_2421
2026-02-28,31,0.0,67,290_2421
2026-03-01,31,0.0,68,290_2421
2026-03-02,31,0.0,72,290_2421
2026-03-03,32,0.0,71,290_2421
2026-03-04,31,0.0,67,290_2421
2026-03-05,31,0.0,70,290_2421
2026-03-06,31,0.0,69,290_2421
2026-03-07,31,0.0,67,290_2421
2026-03-08,30,0.4,68,290_2421
2026-03-09,30,0.0,64,290_2421
2026-03-10,29,0.0,61,290_2421
2026-03-11,30,0.0,64,290_2421
2026-03-12,28,0.0,68,290_2421
2026-03-13,27,0.1,65,290_2421
2026-03-14,27,0.0,58,290_2421
2026-03-15,29,0.0,56,290_2421
2026-03-16,29,0.0,62,290_2421
2026-03-17,29,0.4,70,290_2421
2026-03-18,30,0.0,68,290_2421
2026-03-19,30,0.0,66,290_2421
2026-03-20,30,0.0,63,290_2421
2026-03-21,31,0.0,64,290_2421
2026-03-22,31,0.2,65,290_2421
2026-03-23,31,0.0,61,290_2421
2026-03-24,31,0.0,60,290_2421
2026-03-25,31,0.0,66,290_2421
2026-03-26,32,0.0,70,290_2421
2026-03-27,31,0.0,70,290_2421
2026-03-28,32,0.0,67,290_2421
2026-03-29,31,0.0,66,290_2421
2026-03-30,32,0.0,66,290_2421
2026-03-31,32,0.0,66,290_2421
2026-04-01,32,0.0,64,290_2421
2026-04-02,33,0.0,62,290_2421
2026-04-03,32,0.0,59,290_2421
2026-04-04,33,0.0,56,290_2421
2026-04-05,35,0.0,59,290_2421
2026-04-06,34,0.0,61,290_2421
2026-04-07,35,0.0,61,290_2421
2026-04-08,34,0.2,57,290_2421
2026-04-09,34,0.2,65,290_2421
2026-04-10,34,0.0,64,290_2421
2026-04-11,34,0.1,61,290_2421
2026-04-12,33,0.0,59,290_2421
2026-04-13,34,0.0,61,290_2421
2026-04-14,33,0.0,61,290_2421
2026-04-15,33,0.0,57,290_2421
2026-04-16,33,0.0,58,290_2421
2026-04-17,33,0.3,59,290_2421
2026-04-18,33,0.2,63,290_2421
2026-04-19,33,2.1,62,290_2421
2026-04-20,34,0.9,60,290_2421
2026-04-21,34,0.2,60,290_2421
2026-04-22,33,0.0,60,290_2421
2026-04-23,34,0.0,61,290_2421
2026-04-24,35,0.0,58,290_2421
2026-04-25,34,0.0,62,290_2421
2026-04-26,35,0.0,63,290_2421
2026-04-27,34,0.3,64,290_2421
2026-04-28,34,1.6,64,290_2421
2026-04-29,34,0.0,61,290_2421
2026-04-30,34,0.0,63,290_2421
2026-05-01,34,0.2,61,290_2421
2026-05-02,35,0.6,64,290_2421
2026-05-03,35,0.5,66,290_2421
2026-05-04,35,0.0,64,290_2421
2026-05-05,34,0.6,62,290_2421
2026-05-06,35,0.2,61,290_2421
2026-05-07,35,0.0,62,290_2421
2026-05-08,35,0.2,62,290_2421
2026-05-09,35,1.8,64,290_2421
2026-05-10,35,0.1,62,290_2421
2026-05-11,35,0.7,64,290_2421
2026-05-12,35,1.0,66,290_2421
2026-05-13,34,0.0,66,290_2421
2026-05-14,35,4.4,66,290_2421
2026-05-15,35,2.7,69,290_2421
2026-05-16,34,15.5,67,290_2421
2026-05-17,34,4.3,70,290_2421
2026-05-18,33,4.6,68,290_2421
2026-05-19,32,8.5,72,290_2421
2026-05-20,34,1.8,67,290_2421
2026-05-21,35,1.4,67,290_2421
2026-05-22,35,2.0,66,290_2421
2026-05-23,35,2.8,65,290_2421
2026-05-24,35,1.0,65,290_2421
2026-05-25,35,5.2,65,290_2421
2026-05-26,35,0.8,66,290_2421
2026-05-27,35,0.2,66,290_2421
2026-05-28,35,3.1,67,290_2421
2026-05-29,34,9.8,64,290_2421
2026-05-30,32,9.9,73,290_2421
2026-05-31,32,15.9,74,290_2421
2025-06-01,32,4.7,71,290_2422
2025-06-02,31,7.8,76,290_2422
2025-06-03,32,2.5,73,290_2422
2025-06-04,32,3.1,73,290_2422
2025-06-05,31,3.7,73,290_2422
2025-06-06,32,6.1,75,290_2422
2025-06-07,31,15.6,74,290_2422
2025-06-08,30,19.9,78,290_2422
2025-06-09,30,37.3,83,290_2422
2025-06-10,27,12.3,86,290_2422
2025-06-11,26,31.8,90,290_2422
2025-06-12,28,45.1,89,290_2422
2025-06-13,30,0.8,77,290_2422
2025-06-14,32,0.2,74,290_2422
2025-06-15,33,3.0,74,290_2422
2025-06-16,34,5.7,72,290_2422
2025-06-17,30,18.6,76,290_2422
2025-06-18,31,8.9,75,290_2422
2025-06-19,32,0.6,71,290_2422
2025-06-20,34,4.1,69,290_2422
2025-06-21,33,3.9,72,290_2422
2025-06-22,27,15.3,83,290_2422
2025-06-23,29,9.3,79,290_2422
2025-06-24,29,11.9,81,290_2422
2025-06-25,31,15.7,77,290_2422
2025-06-26,31,13.3,78,290_2422
2025-06-27,29,7.3,83,290_2422
2025-06-28,30,2.8,76,290_2422
2025-06-29,30,27.4,81,290_2422
2025-06-30,29,15.7,82,290_2422
2025-07-01,30,10.9,79,290_2422
2025-07-02,30,35.3,83,290_2422
2025-07-03,27,75.8,91,290_2422
2025-07-04,29,32.6,85,290_2422
2025-07-05,29,25.5,83,290_2422
2025-07-06,30,7.3,78,290_2422
2025-07-07,31,0.4,75,290_2422
2025-07-08,30,4.8,80,290_2422
2025-07-09,30,6.5,78,290_2422
2025-07-10,30,6.5,78,290_2422
2025-07-11,30,4.7,78,290_2422
2025-07-12,30,1.7,77,290_2422
2025-07-13,30,3.9,78,290_2422
2025-07-14,31,0.5,75,290_2422
2025-07-15,31,1.2,76,290_2422
2025-07-16,30,3.6,79,290_2422
2025-07-17,29,21.9,83,290_2422
2025-07-18,27,45.0,88,290_2422
2025-07-19,27,33.4,88,290_2422
2025-07-20,29,30.7,85,290_2422
2025-07-21,28,32.9,87,290_2422
2025-07-22,27,40.2,90,290_2422
2025-07-23,26,41.9,91,290_2422
2025-07-24,27,55.0,90,290_2422
2025-07-25,28,31.3,89,290_2422
2025-07-26,29,9.7,82,290_2422
2025-07-27,29,15.2,83,290_2422
2025-07-28,29,14.2,82,290_2422
2025-07-29,29,17.7,81,290_2422
2025-07-30,30,0.9,72,290_2422
2025-07-31,31,1.1,72,290_2422
2025-08-01,30,1.9,76,290_2422
2025-08-02,31,0.0,76,290_2422
2025-08-03,31,0.0,76,290_2422
2025-08-04,31,0.0,72,290_2422
2025-08-05,32,3.9,72,290_2422
2025-08-06,31,5.8,72,290_2422
2025-08-07,30,10.6,78,290_2422
2025-08-08,29,11.6,81,290_2422
2025-08-09,30,0.0,74,290_2422
2025-08-10,31,0.0,74,290_2422
2025-08-11,30,0.2,74,290_2422
2025-08-12,31,8.9,77,290_2422
2025-08-13,30,8.4,76,290_2422
2025-08-14,29,10.0,77,290_2422
2025-08-15,29,27.1,80,290_2422
2025-08-16,29,24.0,83,290_2422
2025-08-17,30,10.7,79,290_2422
2025-08-18,33,2.4,74,290_2422
2025-08-19,32,7.9,75,290_2422
2025-08-20,30,0.1,75,290_2422
2025-08-21,28,6.8,82,290_2422
2025-08-22,28,17.7,84,290_2422
2025-08-23,27,4.1,82,290_2422
2025-08-24,30,6.7,75,290_2422
2025-08-25,29,19.7,79,290_2422
2025-08-26,26,41.4,90,290_2422
2025-08-27,29,5.9,82,290_2422
2025-08-28,28,16.0,84,290_2422
2025-08-29,28,20.7,86,290_2422
2025-08-30,29,17.6,83,290_2422
2025-08-31,29,9.5,82,290_2422
2025-09-01,29,23.8,86,290_2422
2025-09-02,28,16.7,87,290_2422
2025-09-03,29,16.7,82,290_2422
2025-09-04,29,20.3,84,290_2422
2025-09-05,27,20.0,87,290_2422
2025-09-06,26,7.4,86,290_2422
2025-09-07,30,7.4,80,290_2422
2025-09-08,30,1.2,79,290_2422
2025-09-09,31,2.2,71,290_2422
2025-09-10,31,5.1,74,290_2422
2025-09-11,29,0.5,77,290_2422
2025-09-12,30,18.9,78,290_2422
2025-09-13,30,5.6,79,290_2422
2025-09-14,28,3.9,80,290_2422
2025-09-15,30,5.5,78,290_2422
2025-09-16,29,7.2,78,290_2422
2025-09-17,29,20.7,81,290_2422
2025-09-18,29,4.8,81,290_2422
2025-09-19,30,11.2,79,290_2422
2025-09-20,28,11.4,84,290_2422
2025-09-21,27,37.3,89,290_2422
2025-09-22,27,67.0,91,290_2422
2025-09-23,29,26.8,84,290_2422
2025-09-24,29,14.8,80,290_2422
2025-09-25,28,9.5,80,290_2422
2025-09-26,28,9.2,86,290_2422
2025-09-27,30,0.7,78,290_2422
2025-09-28,31,3.8,78,290_2422
2025-09-29,30,9.3,79,290_2422
2025-09-30,31,1.3,76,290_2422
2025-10-01,29,8.1,83,290_2422
2025-10-02,30,3.3,78,290_2422
2025-10-03,29,28.1,84,290_2422
2025-10-04,29,2.6,79,290_2422
2025-10-05,29,9.0,80,290_2422
2025-10-06,30,0.4,76,290_2422
2025-10-07,30,0.0,75,290_2422
2025-10-08,31,3.8,76,290_2422
2025-10-09,30,6.1,76,290_2422
2025-10-10,29,8.5,81,290_2422
2025-10-11,29,19.9,83,290_2422
2025-10-12,30,4.6,80,290_2422
2025-10-13,31,1.2,78,290_2422
2025-10-14,30,0.5,78,290_2422
2025-10-15,30,0.0,78,290_2422
2025-10-16,30,0.0,77,290_2422
2025-10-17,32,0.0,74,290_2422
2025-10-18,32,1.9,74,290_2422
2025-10-19,28,6.7,79,290_2422
2025-10-20,31,1.7,80,290_2422
2025-10-21,31,1.7,78,290_2422
2025-10-22,31,1.6,76,290_2422
2025-10-23,31,0.0,75,290_2422
2025-10-24,31,1.5,76,290_2422
2025-10-25,31,1.7,76,290_2422
2025-10-26,31,6.8,78,290_2422
2025-10-27,31,0.3,74,290_2422
2025-10-28,31,3.3,75,290_2422
2025-10-29,31,13.7,79,290_2422
2025-10-30,30,0.3,77,290_2422
2025-10-31,31,1.0,77,290_2422
2025-11-01,31,0.7,76,290_2422
2025-11-02,31,2.1,75,290_2422
2025-11-03,29,41.0,84,290_2422
2025-11-04,29,28.5,81,290_2422
2025-11-05,31,2.0,75,290_2422
2025-11-06,32,1.7,76,290_2422
2025-11-07,30,8.0,79,290_2422
2025-11-08,29,2.8,79,290_2422
2025-11-09,27,17.7,84,290_2422
2025-11-10,28,25.5,86,290_2422
2025-11-11,29,20.4,83,290_2422
2025-11-12,30,0.2,79,290_2422
2025-11-13,29,2.8,81,290_2422
2025-11-14,29,0.0,79,290_2422
2025-11-15,30,0.0,76,290_2422
2025-11-16,31,0.0,74,290_2422
2025-11-17,31,0.0,74,290_2422
2025-11-18,31,0.0,73,290_2422
2025-11-19,30,0.4,71,290_2422
2025-11-20,30,0.0,73,290_2422
2025-11-21,28,0.0,77,290_2422
2025-11-22,30,0.0,73,290_2422
2025-11-23,30,0.0,73,290_2422
2025-11-24,31,0.1,70,290_2422
2025-11-25,27,32.1,78,290_2422
2025-11-26,29,5.3,80,290_2422
2025-11-27,30,3.7,79,290_2422
2025-11-28,30,7.1,79,290_2422
2025-11-29,26,19.5,89,290_2422
2025-11-30,30,4.7,78,290_2422
2025-12-01,29,12.4,81,290_2422
2025-12-02,29,4.5,80,290_2422
2025-12-03,30,3.8,76,290_2422
2025-12-04,28,2.4,72,290_2422
2025-12-05,28,0.0,69,290_2422
2025-12-06,28,0.0,69,290_2422
2025-12-07,25,39.0,82,290_2422
2025-12-08,27,9.4,87,290_2422
2025-12-09,31,0.0,77,290_2422
2025-12-10,30,0.5,77,290_2422
2025-12-11,30,0.5,78,290_2422
2025-12-12,30,0.0,74,290_2422
2025-12-13,27,0.0,80,290_2422
2025-12-14,29,0.0,72,290_2422
2025-12-15,28,0.3,74,290_2422
2025-12-16,29,2.0,77,290_2422
2025-12-17,27,5.5,80,290_2422
2025-12-18,28,0.4,76,290_2422
2025-12-19,28,0.4,76,290_2422
2025-12-20,27,1.0,79,290_2422
2025-12-21,27,0.0,75,290_2422
2025-12-22,28,0.4,77,290_2422
2025-12-23,29,0.0,73,290_2422
2025-12-24,28,0.2,78,290_2422
2025-12-25,30,0.7,76,290_2422
2025-12-26,29,0.0,73,290_2422
2025-12-27,30,0.0,73,290_2422
2025-12-28,30,0.0,75,290_2422
2025-12-29,30,0.0,75,290_2422
2025-12-30,30,0.4,74,290_2422
2025-12-31,29,1.2,75,290_2422
2026-01-01,26,1.2,81,290_2422
2026-01-02,25,8.7,87,290_2422
2026-01-03,25,0.6,77,290_2422
2026-01-04,26,0.0,74,290_2422
2026-01-05,25,0.3,80,290_2422
2026-01-06,27,0.4,77,290_2422
2026-01-07,27,0.7,74,290_2422
2026-01-08,25,14.1,84,290_2422
2026-01-09,26,4.0,82,290_2422
2026-01-10,29,1.9,76,290_2422
2026-01-11,29,1.6,74,290_2422
2026-01-12,28,0.0,70,290_2422
2026-01-13,28,8.1,78,290_2422
2026-01-14,29,5.2,77,290_2422
2026-01-15,27,4.7,80,290_2422
2026-01-16,28,0.0,74,290_2422
2026-01-17,28,0.0,75,290_2422
2026-01-18,26,0.4,78,290_2422
2026-01-19,29,0.4,74,290_2422
2026-01-20,29,0.0,71,290_2422
2026-01-21,29,0.3,69,290_2422
2026-01-22,27,0.0,66,290_2422
2026-01-23,27,0.0,68,290_2422
2026-01-24,26,0.7,70,290_2422
2026-01-25,27,0.1,70,290_2422
2026-01-26,27,0.0,71,290_2422
2026-01-27,28,0.3,77,290_2422
2026-01-28,28,0.0,71,290_2422
2026-01-29,28,0.0,67,290_2422
2026-01-30,28,0.4,71,290_2422
2026-01-31,28,0.0,67,290_2422
2026-02-01,29,0.0,65,290_2422
2026-02-02,29,0.0,64,290_2422
2026-02-03,29,0.0,64,290_2422
2026-02-04,27,0.5,71,290_2422
2026-02-05,29,0.0,64,290_2422
2026-02-06,28,0.0,71,290_2422
2026-02-07,28,0.7,78,290_2422
2026-02-08,27,3.6,77,290_2422
2026-02-09,26,0.0,70,290_2422
2026-02-10,28,0.0,72,290_2422
2026-02-11,26,0.6,79,290_2422
2026-02-12,28,0.0,72,290_2422
2026-02-13,28,1.3,75,290_2422
2026-02-14,30,0.0,76,290_2422
2026-02-15,30,0.0,73,290_2422
2026-02-16,30,0.0,73,290_2422
2026-02-17,30,0.0,73,290_2422
2026-02-18,29,0.0,71,290_2422
2026-02-19,29,0.0,67,290_2422
2026-02-20,29,0.1,68,290_2422
2026-02-21,29,0.0,70,290_2422
2026-02-22,30,0.0,69,290_2422
2026-02-23,30,0.0,67,290_2422
2026-02-24,30,0.0,72,290_2422
2026-02-25,31,0.0,69,290_2422
2026-02-26,31,0.0,68,290_2422
2026-02-27,31,0.0,68,290_2422
2026-02-28,31,0.0,67,290_2422
2026-03-01,31,0.0,68,290_2422
2026-03-02,31,0.0,72,290_2422
2026-03-03,32,0.0,71,290_2422
2026-03-04,31,0.0,67,290_2422
2026-03-05,31,0.0,70,290_2422
2026-03-06,31,0.0,69,290_2422
2026-03-07,31,0.0,67,290_2422
2026-03-08,30,0.4,68,290_2422
2026-03-09,29,0.1,66,290_2422
2026-03-10,29,0.0,61,290_2422
2026-03-11,30,0.0,64,290_2422
2026-03-12,28,0.0,68,290_2422
2026-03-13,27,0.1,65,290_2422
2026-03-14,27,0.0,58,290_2422
2026-03-15,28,0.0,58,290_2422
2026-03-16,29,0.0,62,290_2422
2026-03-17,29,0.4,70,290_2422
2026-03-18,30,0.0,68,290_2422
2026-03-19,30,0.0,66,290_2422
2026-03-20,30,0.0,65,290_2422
2026-03-21,31,0.0,64,290_2422
2026-03-22,31,0.2,65,290_2422
2026-03-23,31,0.0,61,290_2422
2026-03-24,31,0.0,60,290_2422
2026-03-25,31,0.0,66,290_2422
2026-03-26,32,0.0,70,290_2422
2026-03-27,31,0.0,70,290_2422
2026-03-28,32,0.0,67,290_2422
2026-03-29,31,0.0,66,290_2422
2026-03-30,32,0.0,66,290_2422
2026-03-31,32,0.0,66,290_2422
2026-04-01,32,0.0,64,290_2422
2026-04-02,32,0.0,63,290_2422
2026-04-03,32,0.0,59,290_2422
2026-04-04,33,0.0,58,290_2422
2026-04-05,35,0.0,59,290_2422
2026-04-06,34,0.0,63,290_2422
2026-04-07,35,0.0,62,290_2422
2026-04-08,34,0.2,57,290_2422
2026-04-09,34,0.2,65,290_2422
2026-04-10,34,0.0,64,290_2422
2026-04-11,34,0.1,63,290_2422
2026-04-12,33,0.0,59,290_2422
2026-04-13,34,0.0,61,290_2422
2026-04-14,33,0.0,61,290_2422
2026-04-15,33,0.0,57,290_2422
2026-04-16,33,0.0,58,290_2422
2026-04-17,33,0.3,60,290_2422
2026-04-18,33,0.2,63,290_2422
2026-04-19,33,2.1,62,290_2422
2026-04-20,34,0.9,60,290_2422
2026-04-21,34,0.2,60,290_2422
2026-04-22,33,0.0,60,290_2422
2026-04-23,34,0.0,61,290_2422
2026-04-24,35,0.0,60,290_2422
2026-04-25,34,0.0,62,290_2422
2026-04-26,35,0.0,63,290_2422
2026-04-27,34,0.3,64,290_2422
2026-04-28,34,1.6,64,290_2422
2026-04-29,34,0.0,61,290_2422
2026-04-30,34,0.0,63,290_2422
2026-05-01,34,0.2,61,290_2422
2026-05-02,35,0.6,64,290_2422
2026-05-03,35,0.5,66,290_2422
2026-05-04,35,0.0,64,290_2422
2026-05-05,34,0.6,62,290_2422
2026-05-06,35,0.2,61,290_2422
2026-05-07,35,0.0,63,290_2422
2026-05-08,35,0.2,62,290_2422
2026-05-09,35,1.8,64,290_2422
2026-05-10,35,0.1,62,290_2422
2026-05-11,35,0.7,64,290_2422
2026-05-12,35,1.0,66,290_2422
2026-05-13,34,0.0,66,290_2422
2026-05-14,35,4.4,66,290_2422
2026-05-15,35,2.7,69,290_2422
2026-05-16,34,15.5,67,290_2422
2026-05-17,34,4.3,70,290_2422
2026-05-18,33,4.6,68,290_2422
2026-05-19,32,8.5,72,290_2422
2026-05-20,34,1.8,67,290_2422
2026-05-21,35,1.4,67,290_2422
2026-05-22,35,2.0,66,290_2422
2026-05-23,35,2.8,65,290_2422
2026-05-24,35,1.0,65,290_2422
2026-05-25,35,5.2,65,290_2422
2026-05-26,35,0.8,66,290_2422
2026-05-27,35,0.2,66,290_2422
2026-05-28,35,3.1,69,290_2422
2026-05-29,34,9.8,72,290_2422
2026-05-30,32,9.9,73,290_2422
2026-05-31,32,15.9,74,290_2422
2025-06-01,32,4.9,71,291_2420
2025-06-02,31,8.2,75,291_2420
2025-06-03,32,3.0,72,291_2420
2025-06-04,32,2.4,72,291_2420
2025-06-05,31,3.2,73,291_2420
2025-06-06,32,5.6,74,291_2420
2025-06-07,32,14.8,73,291_2420
2025-06-08,31,18.3,76,291_2420
2025-06-09,30,33.7,83,291_2420
2025-06-10,28,10.8,86,291_2420
2025-06-11,26,39.3,91,291_2420
2025-06-12,28,47.9,89,291_2420
2025-06-13,30,0.8,77,291_2420
2025-06-14,32,0.1,72,291_2420
2025-06-15,33,3.4,73,291_2420
2025-06-16,34,5.7,71,291_2420
2025-06-17,31,17.8,75,291_2420
2025-06-18,31,10.0,74,291_2420
2025-06-19,32,0.9,70,291_2420
2025-06-20,34,3.8,67,291_2420
2025-06-21,34,4.5,71,291_2420
2025-06-22,28,16.6,83,291_2420
2025-06-23,30,9.9,78,291_2420
2025-06-24,30,11.0,80,291_2420
2025-06-25,31,16.9,77,291_2420
2025-06-26,31,13.5,78,291_2420
2025-06-27,29,8.4,83,291_2420
2025-06-28,30,3.1,75,291_2420
2025-06-29,31,28.3,80,291_2420
2025-06-30,30,14.5,81,291_2420
2025-07-01,30,10.8,79,291_2420
2025-07-02,30,36.9,83,291_2420
2025-07-03,27,79.7,91,291_2420
2025-07-04,29,35.2,86,291_2420
2025-07-05,29,27.6,83,291_2420
2025-07-06,30,8.1,77,291_2420
2025-07-07,31,0.3,74,291_2420
2025-07-08,30,5.8,79,291_2420
2025-07-09,30,7.6,77,291_2420
2025-07-10,30,7.9,77,291_2420
2025-07-11,30,6.1,77,291_2420
2025-07-12,30,1.6,76,291_2420
2025-07-13,30,4.2,77,291_2420
2025-07-14,31,0.4,74,291_2420
2025-07-15,31,1.0,75,291_2420
2025-07-16,30,3.0,77,291_2420
2025-07-17,29,22.3,82,291_2420
2025-07-18,27,45.2,88,291_2420
2025-07-19,27,31.7,88,291_2420
2025-07-20,29,28.4,85,291_2420
2025-07-21,28,33.1,86,291_2420
2025-07-22,27,40.7,90,291_2420
2025-07-23,27,42.3,91,291_2420
2025-07-24,27,57.6,90,291_2420
2025-07-25,28,29.3,89,291_2420
2025-07-26,29,10.3,82,291_2420
2025-07-27,29,16.3,83,291_2420
2025-07-28,30,15.7,82,291_2420
2025-07-29,29,20.0,81,291_2420
2025-07-30,30,1.6,72,291_2420
2025-07-31,31,1.8,72,291_2420
2025-08-01,30,2.5,76,291_2420
2025-08-02,31,0.0,75,291_2420
2025-08-03,31,0.0,75,291_2420
2025-08-04,31,0.0,71,291_2420
2025-08-05,32,3.9,71,291_2420
2025-08-06,32,5.3,72,291_2420
2025-08-07,30,8.9,77,291_2420
2025-08-08,29,9.1,80,291_2420
2025-08-09,30,0.1,73,291_2420
2025-08-10,31,0.0,73,291_2420
2025-08-11,31,0.1,73,291_2420
2025-08-12,32,7.3,75,291_2420
2025-08-13,31,6.9,75,291_2420
2025-08-14,30,10.4,76,291_2420
2025-08-15,29,28.3,79,291_2420
2025-08-16,29,27.4,83,291_2420
2025-08-17,31,10.7,78,291_2420
2025-08-18,33,3.2,73,291_2420
2025-08-19,32,7.5,74,291_2420
2025-08-20,31,0.1,74,291_2420
2025-08-21,29,6.5,81,291_2420
2025-08-22,29,19.0,83,291_2420
2025-08-23,27,4.4,83,291_2420
2025-08-24,30,5.9,74,291_2420
2025-08-25,30,19.0,78,291_2420
2025-08-26,26,30.2,90,291_2420
2025-08-27,29,4.0,82,291_2420
2025-08-28,28,14.3,84,291_2420
2025-08-29,29,20.9,86,291_2420
2025-08-30,30,16.3,83,291_2420
2025-08-31,29,9.3,82,291_2420
2025-09-01,29,22.5,86,291_2420
2025-09-02,29,18.9,87,291_2420
2025-09-03,29,18.3,82,291_2420
2025-09-04,29,21.5,84,291_2420
2025-09-05,27,21.1,88,291_2420
2025-09-06,26,8.3,87,291_2420
2025-09-07,30,8.8,80,291_2420
2025-09-08,30,0.8,78,291_2420
2025-09-09,32,2.4,70,291_2420
2025-09-10,31,6.3,73,291_2420
2025-09-11,30,0.6,75,291_2420
2025-09-12,31,18.2,77,291_2420
2025-09-13,31,5.9,79,291_2420
2025-09-14,29,4.2,79,291_2420
2025-09-15,31,5.9,78,291_2420
2025-09-16,30,7.7,77,291_2420
2025-09-17,30,20.1,81,291_2420
2025-09-18,30,3.6,80,291_2420
2025-09-19,30,13.9,78,291_2420
2025-09-20,28,11.1,84,291_2420
2025-09-21,27,41.3,88,291_2420
2025-09-22,27,69.7,91,291_2420
2025-09-23,30,27.1,84,291_2420
2025-09-24,30,15.9,81,291_2420
2025-09-25,29,10.1,80,291_2420
2025-09-26,28,9.3,86,291_2420
2025-09-27,31,1.1,77,291_2420
2025-09-28,31,4.4,77,291_2420
2025-09-29,30,11.7,79,291_2420
2025-09-30,31,1.2,75,291_2420
2025-10-01,29,5.9,82,291_2420
2025-10-02,30,3.0,77,291_2420
2025-10-03,29,26.3,84,291_2420
2025-10-04,30,1.7,78,291_2420
2025-10-05,29,8.6,79,291_2420
2025-10-06,30,0.1,75,291_2420
2025-10-07,30,0.0,75,291_2420
2025-10-08,30,3.8,75,291_2420
2025-10-09,31,5.7,74,291_2420
2025-10-10,29,7.8,81,291_2420
2025-10-11,30,18.2,83,291_2420
2025-10-12,30,4.7,80,291_2420
2025-10-13,31,1.5,78,291_2420
2025-10-14,30,0.2,76,291_2420
2025-10-15,30,0.0,76,291_2420
2025-10-16,31,0.0,75,291_2420
2025-10-17,32,0.0,72,291_2420
2025-10-18,32,1.9,73,291_2420
2025-10-19,29,6.5,78,291_2420
2025-10-20,31,2.1,80,291_2420
2025-10-21,31,2.2,78,291_2420
2025-10-22,31,1.4,76,291_2420
2025-10-23,32,0.1,73,291_2420
2025-10-24,31,1.4,74,291_2420
2025-10-25,31,2.3,74,291_2420
2025-10-26,31,7.4,78,291_2420
2025-10-27,32,0.1,72,291_2420
2025-10-28,31,3.4,74,291_2420
2025-10-29,31,14.2,79,291_2420
2025-10-30,30,0.6,77,291_2420
2025-10-31,32,1.2,76,291_2420
2025-11-01,31,0.7,75,291_2420
2025-11-02,31,2.2,74,291_2420
2025-11-03,29,43.8,84,291_2420
2025-11-04,30,30.0,81,291_2420
2025-11-05,31,2.1,74,291_2420
2025-11-06,32,2.8,74,291_2420
2025-11-07,30,8.5,78,291_2420
2025-11-08,30,2.8,78,291_2420
2025-11-09,27,15.9,84,291_2420
2025-11-10,28,24.6,86,291_2420
2025-11-11,29,19.3,83,291_2420
2025-11-12,30,0.1,78,291_2420
2025-11-13,30,3.3,80,291_2420
2025-11-14,29,0.0,78,291_2420
2025-11-15,30,0.0,75,291_2420
2025-11-16,31,0.0,72,291_2420
2025-11-17,31,0.0,72,291_2420
2025-11-18,32,0.0,71,291_2420
2025-11-19,31,0.4,69,291_2420
2025-11-20,31,0.0,71,291_2420
2025-11-21,29,0.0,75,291_2420
2025-11-22,31,0.0,71,291_2420
2025-11-23,30,0.0,70,291_2420
2025-11-24,31,0.0,68,291_2420
2025-11-25,27,32.0,77,291_2420
2025-11-26,30,5.4,78,291_2420
2025-11-27,30,4.6,78,291_2420
2025-11-28,30,8.9,79,291_2420
2025-11-29,26,20.3,90,291_2420
2025-11-30,30,6.6,77,291_2420
2025-12-01,30,11.2,81,291_2420
2025-12-02,30,4.3,79,291_2420
2025-12-03,30,4.2,76,291_2420
2025-12-04,29,2.4,71,291_2420
2025-12-05,28,0.0,68,291_2420
2025-12-06,28,0.0,67,291_2420
2025-12-07,25,34.8,81,291_2420
2025-12-08,27,9.2,87,291_2420
2025-12-09,31,0.0,75,291_2420
2025-12-10,31,0.4,75,291_2420
2025-12-11,30,0.1,76,291_2420
2025-12-12,30,0.0,72,291_2420
2025-12-13,28,0.0,78,291_2420
2025-12-14,30,0.0,70,291_2420
2025-12-15,29,0.5,73,291_2420
2025-12-16,29,2.4,76,291_2420
2025-12-17,27,5.1,79,291_2420
2025-12-18,29,0.5,74,291_2420
2025-12-19,28,0.6,75,291_2420
2025-12-20,27,1.0,78,291_2420
2025-12-21,28,0.0,73,291_2420
2025-12-22,28,0.4,75,291_2420
2025-12-23,29,0.0,71,291_2420
2025-12-24,29,0.0,76,291_2420
2025-12-25,30,0.6,74,291_2420
2025-12-26,30,0.0,71,291_2420
2025-12-27,30,0.0,71,291_2420
2025-12-28,30,0.0,73,291_2420
2025-12-29,30,0.1,73,291_2420
2025-12-30,30,0.4,72,291_2420
2025-12-31,29,1.7,74,291_2420
2026-01-01,26,1.1,80,291_2420
2026-01-02,25,10.3,88,291_2420
2026-01-03,25,0.6,77,291_2420
2026-01-04,26,0.0,72,291_2420
2026-01-05,25,0.4,80,291_2420
2026-01-06,27,0.3,76,291_2420
2026-01-07,28,0.6,72,291_2420
2026-01-08,26,12.2,83,291_2420
2026-01-09,26,3.2,81,291_2420
2026-01-10,29,1.8,75,291_2420
2026-01-11,29,2.0,73,291_2420
2026-01-12,29,0.0,68,291_2420
2026-01-13,28,7.9,76,291_2420
2026-01-14,29,6.4,77,291_2420
2026-01-15,27,4.3,79,291_2420
2026-01-16,28,0.0,73,291_2420
2026-01-17,28,0.0,74,291_2420
2026-01-18,26,0.2,76,291_2420
2026-01-19,29,0.6,73,291_2420
2026-01-20,29,0.0,69,291_2420
2026-01-21,29,0.3,67,291_2420
2026-01-22,28,0.0,64,291_2420
2026-01-23,27,0.0,65,291_2420
2026-01-24,27,0.7,68,291_2420
2026-01-25,28,0.1,68,291_2420
2026-01-26,27,0.0,69,291_2420
2026-01-27,29,0.4,75,291_2420
2026-01-28,28,0.0,70,291_2420
2026-01-29,28,0.0,65,291_2420
2026-01-30,28,0.4,69,291_2420
2026-01-31,29,0.0,65,291_2420
2026-02-01,29,0.0,63,291_2420
2026-02-02,29,0.0,63,291_2420
2026-02-03,30,0.0,62,291_2420
2026-02-04,28,0.5,69,291_2420
2026-02-05,30,0.0,61,291_2420
2026-02-06,29,0.0,69,291_2420
2026-02-07,28,1.0,76,291_2420
2026-02-08,27,3.6,77,291_2420
2026-02-09,26,0.0,68,291_2420
2026-02-10,28,0.0,70,291_2420
2026-02-11,27,0.5,77,291_2420
2026-02-12,29,0.0,70,291_2420
2026-02-13,29,1.8,73,291_2420
2026-02-14,30,0.0,74,291_2420
2026-02-15,31,0.0,71,291_2420
2026-02-16,31,0.0,70,291_2420
2026-02-17,31,0.1,70,291_2420
2026-02-18,29,0.0,68,291_2420
2026-02-19,29,0.0,65,291_2420
2026-02-20,29,0.0,66,291_2420
2026-02-21,29,0.0,68,291_2420
2026-02-22,30,0.0,66,291_2420
2026-02-23,31,0.0,65,291_2420
2026-02-24,30,0.0,70,291_2420
2026-02-25,31,0.0,67,291_2420
2026-02-26,31,0.0,65,291_2420
2026-02-27,31,0.0,65,291_2420
2026-02-28,31,0.0,65,291_2420
2026-03-01,31,0.0,66,291_2420
2026-03-02,31,0.0,69,291_2420
2026-03-03,32,0.0,70,291_2420
2026-03-04,32,0.0,65,291_2420
2026-03-05,31,0.0,67,291_2420
2026-03-06,31,0.0,67,291_2420
2026-03-07,32,0.0,64,291_2420
2026-03-08,30,0.3,66,291_2420
2026-03-09,30,0.0,64,291_2420
2026-03-10,30,0.0,59,291_2420
2026-03-11,30,0.0,62,291_2420
2026-03-12,29,0.0,66,291_2420
2026-03-13,27,0.0,63,291_2420
2026-03-14,27,0.0,56,291_2420
2026-03-15,29,0.0,56,291_2420
2026-03-16,29,0.0,59,291_2420
2026-03-17,29,0.0,68,291_2420
2026-03-18,30,0.0,66,291_2420
2026-03-19,30,0.0,64,291_2420
2026-03-20,31,0.0,63,291_2420
2026-03-21,31,0.0,62,291_2420
2026-03-22,31,0.2,62,291_2420
2026-03-23,31,0.0,58,291_2420
2026-03-24,31,0.0,58,291_2420
2026-03-25,31,0.0,63,291_2420
2026-03-26,32,0.0,68,291_2420
2026-03-27,32,0.0,67,291_2420
2026-03-28,32,0.0,65,291_2420
2026-03-29,32,0.0,64,291_2420
2026-03-30,32,0.0,64,291_2420
2026-03-31,32,0.0,63,291_2420
2026-04-01,32,0.0,61,291_2420
2026-04-02,33,0.0,60,291_2420
2026-04-03,33,0.0,57,291_2420
2026-04-04,33,0.0,55,291_2420
2026-04-05,34,0.0,56,291_2420
2026-04-06,34,0.0,60,291_2420
2026-04-07,34,0.0,60,291_2420
2026-04-08,34,0.1,54,291_2420
2026-04-09,34,0.6,61,291_2420
2026-04-10,34,0.1,62,291_2420
2026-04-11,34,0.1,61,291_2420
2026-04-12,33,0.0,57,291_2420
2026-04-13,33,0.0,59,291_2420
2026-04-14,33,0.0,59,291_2420
2026-04-15,33,0.0,55,291_2420
2026-04-16,34,0.2,55,291_2420
2026-04-17,34,0.3,58,291_2420
2026-04-18,34,0.3,61,291_2420
2026-04-19,34,2.5,61,291_2420
2026-04-20,34,0.3,58,291_2420
2026-04-21,34,0.0,58,291_2420
2026-04-22,34,0.0,58,291_2420
2026-04-23,35,0.0,58,291_2420
2026-04-24,35,0.0,58,291_2420
2026-04-25,35,0.7,60,291_2420
2026-04-26,35,0.3,61,291_2420
2026-04-27,35,0.5,62,291_2420
2026-04-28,34,1.9,61,291_2420
2026-04-29,35,0.0,59,291_2420
2026-04-30,34,0.0,61,291_2420
2026-05-01,35,0.0,59,291_2420
2026-05-02,35,0.4,61,291_2420
2026-05-03,34,0.0,63,291_2420
2026-05-04,34,0.0,62,291_2420
2026-05-05,34,1.0,59,291_2420
2026-05-06,35,0.0,58,291_2420
2026-05-07,35,0.1,61,291_2420
2026-05-08,35,0.1,60,291_2420
2026-05-09,35,0.9,61,291_2420
2026-05-10,35,0.0,59,291_2420
2026-05-11,35,0.1,61,291_2420
2026-05-12,34,0.4,64,291_2420
2026-05-13,34,0.0,65,291_2420
2026-05-14,34,3.3,64,291_2420
2026-05-15,34,8.6,67,291_2420
2026-05-16,35,12.5,65,291_2420
2026-05-17,34,4.3,68,291_2420
2026-05-18,34,7.3,66,291_2420
2026-05-19,33,5.9,70,291_2420
2026-05-20,35,1.4,65,291_2420
2026-05-21,34,1.2,65,291_2420
2026-05-22,35,0.9,64,291_2420
2026-05-23,35,1.6,63,291_2420
2026-05-24,35,4.2,62,291_2420
2026-05-25,35,3.0,64,291_2420
2026-05-26,34,2.6,64,291_2420
2026-05-27,34,0.0,65,291_2420
2026-05-28,33,3.8,67,291_2420
2026-05-29,32,3.1,71,291_2420
2026-05-30,33,8.1,72,291_2420
2026-05-31,32,15.7,73,291_2420
2025-06-01,32,5.3,71,291_2421
2025-06-02,30,8.3,76,291_2421
2025-06-03,32,3.3,73,291_2421
2025-06-04,32,2.5,72,291_2421
2025-06-05,31,3.8,73,291_2421
2025-06-06,32,5.4,74,291_2421
2025-06-07,32,14.7,73,291_2421
2025-06-08,31,18.3,77,291_2421
2025-06-09,30,36.9,83,291_2421
2025-06-10,27,10.9,86,291_2421
2025-06-11,26,38.2,91,291_2421
2025-06-12,28,49.8,90,291_2421
2025-06-13,30,1.0,77,291_2421
2025-06-14,32,0.2,73,291_2421
2025-06-15,33,3.4,74,291_2421
2025-06-16,34,5.7,72,291_2421
2025-06-17,31,18.8,76,291_2421
2025-06-18,31,9.8,75,291_2421
2025-06-19,32,0.8,71,291_2421
2025-06-20,33,3.7,68,291_2421
2025-06-21,34,4.4,72,291_2421
2025-06-22,27,15.9,84,291_2421
2025-06-23,29,10.5,79,291_2421
2025-06-24,30,11.2,81,291_2421
2025-06-25,31,14.6,76,291_2421
2025-06-26,31,12.8,78,291_2421
2025-06-27,29,7.8,83,291_2421
2025-06-28,30,2.7,75,291_2421
2025-06-29,30,28.2,81,291_2421
2025-06-30,30,15.1,82,291_2421
2025-07-01,30,10.5,79,291_2421
2025-07-02,30,35.5,83,291_2421
2025-07-03,27,78.1,91,291_2421
2025-07-04,29,35.3,86,291_2421
2025-07-05,29,28.2,84,291_2421
2025-07-06,30,9.1,78,291_2421
2025-07-07,31,0.5,75,291_2421
2025-07-08,30,6.6,80,291_2421
2025-07-09,30,7.4,77,291_2421
2025-07-10,30,7.6,78,291_2421
2025-07-11,30,6.3,78,291_2421
2025-07-12,30,1.9,77,291_2421
2025-07-13,30,4.3,78,291_2421
2025-07-14,31,0.5,75,291_2421
2025-07-15,31,1.1,76,291_2421
2025-07-16,30,3.2,78,291_2421
2025-07-17,29,22.1,83,291_2421
2025-07-18,27,42.6,88,291_2421
2025-07-19,27,35.0,88,291_2421
2025-07-20,29,31.0,86,291_2421
2025-07-21,28,34.3,87,291_2421
2025-07-22,27,41.4,90,291_2421
2025-07-23,26,41.8,92,291_2421
2025-07-24,27,57.7,91,291_2421
2025-07-25,28,31.1,89,291_2421
2025-07-26,29,12.1,83,291_2421
2025-07-27,29,17.6,84,291_2421
2025-07-28,29,18.6,83,291_2421
2025-07-29,29,21.8,82,291_2421
2025-07-30,30,1.9,73,291_2421
2025-07-31,31,2.2,73,291_2421
2025-08-01,30,2.6,77,291_2421
2025-08-02,31,0.0,76,291_2421
2025-08-03,31,0.0,75,291_2421
2025-08-04,31,0.0,71,291_2421
2025-08-05,32,4.0,72,291_2421
2025-08-06,31,5.9,72,291_2421
2025-08-07,30,9.1,78,291_2421
2025-08-08,29,10.4,81,291_2421
2025-08-09,30,0.2,73,291_2421
2025-08-10,31,0.0,73,291_2421
2025-08-11,31,0.3,74,291_2421
2025-08-12,31,8.0,76,291_2421
2025-08-13,31,7.5,76,291_2421
2025-08-14,30,10.5,77,291_2421
2025-08-15,29,31.5,80,291_2421
2025-08-16,29,24.9,83,291_2421
2025-08-17,31,10.4,79,291_2421
2025-08-18,33,3.2,74,291_2421
2025-08-19,32,7.6,74,291_2421
2025-08-20,31,0.2,75,291_2421
2025-08-21,29,6.7,82,291_2421
2025-08-22,28,18.9,84,291_2421
2025-08-23,27,4.0,83,291_2421
2025-08-24,30,6.3,75,291_2421
2025-08-25,29,19.5,79,291_2421
2025-08-26,26,34.1,91,291_2421
2025-08-27,29,4.6,82,291_2421
2025-08-28,28,15.6,84,291_2421
2025-08-29,29,22.0,86,291_2421
2025-08-30,30,16.7,83,291_2421
2025-08-31,29,9.2,82,291_2421
2025-09-01,29,23.4,86,291_2421
2025-09-02,28,17.7,87,291_2421
2025-09-03,29,17.5,82,291_2421
2025-09-04,29,21.7,85,291_2421
2025-09-05,27,19.9,88,291_2421
2025-09-06,26,7.3,87,291_2421
2025-09-07,29,8.3,81,291_2421
2025-09-08,30,1.0,79,291_2421
2025-09-09,32,2.0,71,291_2421
2025-09-10,31,5.9,73,291_2421
2025-09-11,29,0.5,76,291_2421
2025-09-12,31,19.8,78,291_2421
2025-09-13,31,6.1,79,291_2421
2025-09-14,28,3.5,80,291_2421
2025-09-15,31,5.7,78,291_2421
2025-09-16,29,7.0,77,291_2421
2025-09-17,29,20.0,81,291_2421
2025-09-18,30,3.9,81,291_2421
2025-09-19,30,12.1,78,291_2421
2025-09-20,28,11.2,84,291_2421
2025-09-21,27,37.9,89,291_2421
2025-09-22,27,69.3,92,291_2421
2025-09-23,29,29.3,85,291_2421
2025-09-24,29,15.9,81,291_2421
2025-09-25,29,9.8,80,291_2421
2025-09-26,28,8.7,86,291_2421
2025-09-27,31,1.3,77,291_2421
2025-09-28,31,4.0,77,291_2421
2025-09-29,30,10.4,79,291_2421
2025-09-30,31,1.5,75,291_2421
2025-10-01,29,7.2,82,291_2421
2025-10-02,30,3.1,78,291_2421
2025-10-03,29,26.3,84,291_2421
2025-10-04,30,2.3,79,291_2421
2025-10-05,29,8.7,79,291_2421
2025-10-06,30,0.4,75,291_2421
2025-10-07,30,0.0,75,291_2421
2025-10-08,30,4.0,75,291_2421
2025-10-09,31,5.7,75,291_2421
2025-10-10,29,7.6,81,291_2421
2025-10-11,29,18.6,83,291_2421
2025-10-12,30,5.7,80,291_2421
2025-10-13,31,2.0,78,291_2421
2025-10-14,30,0.2,77,291_2421
2025-10-15,30,0.0,77,291_2421
2025-10-16,31,0.0,76,291_2421
2025-10-17,32,0.0,73,291_2421
2025-10-18,32,1.8,73,291_2421
2025-10-19,28,6.5,79,291_2421
2025-10-20,31,1.9,80,291_2421
2025-10-21,31,2.7,78,291_2421
2025-10-22,31,1.7,76,291_2421
2025-10-23,31,0.1,74,291_2421
2025-10-24,31,1.5,75,291_2421
2025-10-25,31,2.6,75,291_2421
2025-10-26,31,7.2,78,291_2421
2025-10-27,32,0.2,73,291_2421
2025-10-28,31,4.6,75,291_2421
2025-10-29,31,13.4,79,291_2421
2025-10-30,30,0.3,77,291_2421
2025-10-31,31,1.2,77,291_2421
2025-11-01,31,0.7,75,291_2421
2025-11-02,31,1.9,75,291_2421
2025-11-03,29,39.6,85,291_2421
2025-11-04,30,27.5,81,291_2421
2025-11-05,31,1.9,75,291_2421
2025-11-06,32,3.3,75,291_2421
2025-11-07,30,8.4,78,291_2421
2025-11-08,30,2.8,78,291_2421
2025-11-09,27,16.2,85,291_2421
2025-11-10,27,27.1,86,291_2421
2025-11-11,29,21.4,84,291_2421
2025-11-12,30,0.1,78,291_2421
2025-11-13,30,3.0,81,291_2421
2025-11-14,29,0.0,79,291_2421
2025-11-15,30,0.0,76,291_2421
2025-11-16,31,0.0,73,291_2421
2025-11-17,31,0.0,73,291_2421
2025-11-18,31,0.0,72,291_2421
2025-11-19,30,0.4,70,291_2421
2025-11-20,30,0.0,72,291_2421
2025-11-21,28,0.0,77,291_2421
2025-11-22,31,0.0,72,291_2421
2025-11-23,30,0.0,72,291_2421
2025-11-24,31,0.0,69,291_2421
2025-11-25,27,28.6,78,291_2421
2025-11-26,30,4.8,79,291_2421
2025-11-27,30,5.0,79,291_2421
2025-11-28,30,8.8,80,291_2421
2025-11-29,26,18.6,90,291_2421
2025-11-30,30,6.1,78,291_2421
2025-12-01,29,11.7,81,291_2421
2025-12-02,29,4.1,80,291_2421
2025-12-03,30,3.9,76,291_2421
2025-12-04,28,2.2,72,291_2421
2025-12-05,28,0.0,69,291_2421
2025-12-06,28,0.0,68,291_2421
2025-12-07,25,35.1,82,291_2421
2025-12-08,27,9.0,87,291_2421
2025-12-09,31,0.0,76,291_2421
2025-12-10,30,0.5,76,291_2421
2025-12-11,30,0.2,77,291_2421
2025-12-12,30,0.0,73,291_2421
2025-12-13,27,0.0,79,291_2421
2025-12-14,29,0.0,72,291_2421
2025-12-15,28,0.5,74,291_2421
2025-12-16,29,2.0,77,291_2421
2025-12-17,27,5.0,80,291_2421
2025-12-18,28,0.4,76,291_2421
2025-12-19,28,0.4,76,291_2421
2025-12-20,27,1.0,79,291_2421
2025-12-21,27,0.0,74,291_2421
2025-12-22,28,0.4,76,291_2421
2025-12-23,29,0.0,72,291_2421
2025-12-24,29,0.0,77,291_2421
2025-12-25,30,0.7,75,291_2421
2025-12-26,29,0.0,72,291_2421
2025-12-27,30,0.0,72,291_2421
2025-12-28,30,0.0,74,291_2421
2025-12-29,30,0.1,74,291_2421
2025-12-30,30,0.5,73,291_2421
2025-12-31,29,1.5,75,291_2421
2026-01-01,26,1.1,81,291_2421
2026-01-02,25,9.9,88,291_2421
2026-01-03,25,0.4,77,291_2421
2026-01-04,26,0.0,74,291_2421
2026-01-05,25,0.3,80,291_2421
2026-01-06,27,0.3,77,291_2421
2026-01-07,28,0.6,73,291_2421
2026-01-08,25,12.5,84,291_2421
2026-01-09,25,3.5,82,291_2421
2026-01-10,29,1.7,77,291_2421
2026-01-11,29,1.8,74,291_2421
2026-01-12,28,0.0,69,291_2421
2026-01-13,28,8.0,77,291_2421
2026-01-14,29,6.1,77,291_2421
2026-01-15,27,3.9,79,291_2421
2026-01-16,28,0.0,74,291_2421
2026-01-17,28,0.0,74,291_2421
2026-01-18,26,0.3,77,291_2421
2026-01-19,29,0.6,74,291_2421
2026-01-20,29,0.0,70,291_2421
2026-01-21,29,0.3,68,291_2421
2026-01-22,27,0.0,65,291_2421
2026-01-23,27,0.0,67,291_2421
2026-01-24,26,0.7,70,291_2421
2026-01-25,28,0.0,69,291_2421
2026-01-26,28,0.0,70,291_2421
2026-01-27,28,0.3,76,291_2421
2026-01-28,28,0.0,71,291_2421
2026-01-29,28,0.0,66,291_2421
2026-01-30,28,0.4,71,291_2421
2026-01-31,29,0.0,66,291_2421
2026-02-01,29,0.0,64,291_2421
2026-02-02,29,0.0,64,291_2421
2026-02-03,30,0.0,63,291_2421
2026-02-04,28,0.5,70,291_2421
2026-02-05,30,0.0,62,291_2421
2026-02-06,29,0.0,70,291_2421
2026-02-07,28,0.8,77,291_2421
2026-02-08,27,3.5,77,291_2421
2026-02-09,26,0.0,69,291_2421
2026-02-10,28,0.0,71,291_2421
2026-02-11,26,0.5,78,291_2421
2026-02-12,28,0.0,71,291_2421
2026-02-13,29,2.0,74,291_2421
2026-02-14,30,0.0,75,291_2421
2026-02-15,31,0.0,72,291_2421
2026-02-16,31,0.0,71,291_2421
2026-02-17,31,0.1,71,291_2421
2026-02-18,29,0.0,69,291_2421
2026-02-19,29,0.0,66,291_2421
2026-02-20,29,0.1,66,291_2421
2026-02-21,29,0.0,69,291_2421
2026-02-22,30,0.0,67,291_2421
2026-02-23,30,0.0,66,291_2421
2026-02-24,30,0.0,71,291_2421
2026-02-25,31,0.0,68,291_2421
2026-02-26,31,0.0,66,291_2421
2026-02-27,31,0.0,66,291_2421
2026-02-28,31,0.0,65,291_2421
2026-03-01,31,0.0,66,291_2421
2026-03-02,31,0.0,70,291_2421
2026-03-03,32,0.0,70,291_2421
2026-03-04,32,0.0,66,291_2421
2026-03-05,31,0.0,68,291_2421
2026-03-06,31,0.0,68,291_2421
2026-03-07,31,0.0,65,291_2421
2026-03-08,30,0.3,67,291_2421
2026-03-09,29,0.0,65,291_2421
2026-03-10,30,0.0,60,291_2421
2026-03-11,30,0.0,63,291_2421
2026-03-12,29,0.0,67,291_2421
2026-03-13,27,0.0,63,291_2421
2026-03-14,27,0.0,57,291_2421
2026-03-15,28,0.0,57,291_2421
2026-03-16,29,0.0,60,291_2421
2026-03-17,29,0.0,69,291_2421
2026-03-18,30,0.0,67,291_2421
2026-03-19,30,0.0,65,291_2421
2026-03-20,31,0.0,64,291_2421
2026-03-21,31,0.0,62,291_2421
2026-03-22,31,0.2,63,291_2421
2026-03-23,31,0.0,59,291_2421
2026-03-24,31,0.0,59,291_2421
2026-03-25,31,0.0,64,291_2421
2026-03-26,32,0.0,68,291_2421
2026-03-27,32,0.0,68,291_2421
2026-03-28,32,0.0,65,291_2421
2026-03-29,32,0.0,64,291_2421
2026-03-30,32,0.0,64,291_2421
2026-03-31,32,0.0,63,291_2421
2026-04-01,33,0.0,61,291_2421
2026-04-02,33,0.0,61,291_2421
2026-04-03,33,0.0,57,291_2421
2026-04-04,33,0.0,55,291_2421
2026-04-05,34,0.0,56,291_2421
2026-04-06,34,0.0,61,291_2421
2026-04-07,34,0.0,60,291_2421
2026-04-08,34,0.1,54,291_2421
2026-04-09,33,0.6,62,291_2421
2026-04-10,34,0.1,63,291_2421
2026-04-11,34,0.1,61,291_2421
2026-04-12,33,0.0,57,291_2421
2026-04-13,33,0.0,59,291_2421
2026-04-14,33,0.0,59,291_2421
2026-04-15,33,0.0,55,291_2421
2026-04-16,34,0.2,55,291_2421
2026-04-17,33,0.3,59,291_2421
2026-04-18,34,0.3,61,291_2421
2026-04-19,34,2.5,61,291_2421
2026-04-20,34,0.3,58,291_2421
2026-04-21,34,0.0,58,291_2421
2026-04-22,34,0.0,58,291_2421
2026-04-23,35,0.0,59,291_2421
2026-04-24,35,0.0,58,291_2421
2026-04-25,35,0.7,60,291_2421
2026-04-26,35,0.3,61,291_2421
2026-04-27,35,0.5,63,291_2421
2026-04-28,34,1.9,62,291_2421
2026-04-29,35,0.0,60,291_2421
2026-04-30,34,0.0,61,291_2421
2026-05-01,35,0.0,60,291_2421
2026-05-02,35,0.4,62,291_2421
2026-05-03,34,0.0,64,291_2421
2026-05-04,35,0.0,62,291_2421
2026-05-05,35,1.0,60,291_2421
2026-05-06,35,0.0,59,291_2421
2026-05-07,35,0.1,61,291_2421
2026-05-08,35,0.1,60,291_2421
2026-05-09,35,0.9,61,291_2421
2026-05-10,35,0.0,59,291_2421
2026-05-11,35,0.1,62,291_2421
2026-05-12,34,0.4,64,291_2421
2026-05-13,34,0.0,65,291_2421
2026-05-14,34,3.3,65,291_2421
2026-05-15,35,8.6,68,291_2421
2026-05-16,34,12.5,66,291_2421
2026-05-17,34,4.3,69,291_2421
2026-05-18,33,7.3,67,291_2421
2026-05-19,32,5.9,71,291_2421
2026-05-20,35,1.4,66,291_2421
2026-05-21,34,1.2,65,291_2421
2026-05-22,35,0.9,64,291_2421
2026-05-23,35,1.6,64,291_2421
2026-05-24,35,4.2,63,291_2421
2026-05-25,35,3.0,64,291_2421
2026-05-26,34,2.6,65,291_2421
2026-05-27,34,0.0,65,291_2421
2026-05-28,33,3.8,68,291_2421
2026-05-29,32,3.1,71,291_2421
2026-05-30,33,10.6,72,291_2421
2026-05-31,32,15.6,74,291_2421
2025-06-01,32,4.7,71,291_2422
2025-06-02,31,7.8,76,291_2422
2025-06-03,32,2.5,73,291_2422
2025-06-04,32,2.8,74,291_2422
2025-06-05,31,3.7,73,291_2422
2025-06-06,32,6.1,75,291_2422
2025-06-07,31,15.6,74,291_2422
2025-06-08,30,19.9,78,291_2422
2025-06-09,30,37.3,83,291_2422
2025-06-10,27,12.3,86,291_2422
2025-06-11,26,31.8,90,291_2422
2025-06-12,28,45.1,89,291_2422
2025-06-13,30,0.8,77,291_2422
2025-06-14,32,0.2,74,291_2422
2025-06-15,33,3.0,74,291_2422
2025-06-16,34,5.7,73,291_2422
2025-06-17,30,18.6,76,291_2422
2025-06-18,31,8.9,75,291_2422
2025-06-19,32,0.6,71,291_2422
2025-06-20,34,4.1,69,291_2422
2025-06-21,33,4.2,73,291_2422
2025-06-22,27,15.3,83,291_2422
2025-06-23,29,10.5,80,291_2422
2025-06-24,29,11.9,81,291_2422
2025-06-25,31,15.7,77,291_2422
2025-06-26,31,13.3,78,291_2422
2025-06-27,29,7.3,83,291_2422
2025-06-28,30,2.8,76,291_2422
2025-06-29,30,27.4,81,291_2422
2025-06-30,29,15.7,82,291_2422
2025-07-01,30,10.9,79,291_2422
2025-07-02,30,34.0,84,291_2422
2025-07-03,27,75.8,91,291_2422
2025-07-04,29,32.6,85,291_2422
2025-07-05,29,25.5,83,291_2422
2025-07-06,30,7.3,78,291_2422
2025-07-07,31,0.4,75,291_2422
2025-07-08,30,4.8,80,291_2422
2025-07-09,30,6.5,78,291_2422
2025-07-10,30,6.5,78,291_2422
2025-07-11,30,4.7,78,291_2422
2025-07-12,30,1.7,77,291_2422
2025-07-13,30,3.9,78,291_2422
2025-07-14,31,0.5,75,291_2422
2025-07-15,31,1.2,76,291_2422
2025-07-16,30,3.7,79,291_2422
2025-07-17,29,21.9,83,291_2422
2025-07-18,27,45.0,88,291_2422
2025-07-19,27,33.4,88,291_2422
2025-07-20,29,30.7,85,291_2422
2025-07-21,28,32.9,87,291_2422
2025-07-22,27,40.2,90,291_2422
2025-07-23,26,41.9,91,291_2422
2025-07-24,27,55.0,90,291_2422
2025-07-25,28,33.3,90,291_2422
2025-07-26,29,13.4,84,291_2422
2025-07-27,29,15.2,83,291_2422
2025-07-28,29,14.2,82,291_2422
2025-07-29,29,17.7,81,291_2422
2025-07-30,30,0.9,72,291_2422
2025-07-31,31,1.1,72,291_2422
2025-08-01,30,1.9,76,291_2422
2025-08-02,31,0.0,76,291_2422
2025-08-03,31,0.0,76,291_2422
2025-08-04,31,0.0,72,291_2422
2025-08-05,32,3.9,72,291_2422
2025-08-06,31,5.8,72,291_2422
2025-08-07,30,10.6,78,291_2422
2025-08-08,29,11.6,81,291_2422
2025-08-09,30,0.0,74,291_2422
2025-08-10,31,0.0,74,291_2422
2025-08-11,30,0.2,74,291_2422
2025-08-12,31,8.9,77,291_2422
2025-08-13,30,8.7,77,291_2422
2025-08-14,29,10.0,77,291_2422
2025-08-15,29,27.1,80,291_2422
2025-08-16,29,24.0,83,291_2422
2025-08-17,30,10.7,79,291_2422
2025-08-18,33,2.4,74,291_2422
2025-08-19,32,7.9,75,291_2422
2025-08-20,30,0.1,76,291_2422
2025-08-21,28,6.8,82,291_2422
2025-08-22,28,17.7,84,291_2422
2025-08-23,27,4.1,82,291_2422
2025-08-24,30,6.7,75,291_2422
2025-08-25,29,20.3,80,291_2422
2025-08-26,26,41.2,91,291_2422
2025-08-27,29,5.9,82,291_2422
2025-08-28,28,16.0,84,291_2422
2025-08-29,28,20.7,86,291_2422
2025-08-30,29,17.6,84,291_2422
2025-08-31,29,9.3,83,291_2422
2025-09-01,29,23.8,86,291_2422
2025-09-02,28,15.9,88,291_2422
2025-09-03,29,16.7,82,291_2422
2025-09-04,29,20.9,86,291_2422
2025-09-05,27,20.0,87,291_2422
2025-09-06,26,7.4,86,291_2422
2025-09-07,30,7.4,80,291_2422
2025-09-08,30,1.2,79,291_2422
2025-09-09,31,2.2,71,291_2422
2025-09-10,31,5.1,74,291_2422
2025-09-11,29,0.5,78,291_2422
2025-09-12,30,18.9,78,291_2422
2025-09-13,30,5.6,79,291_2422
2025-09-14,28,3.9,80,291_2422
2025-09-15,30,5.5,78,291_2422
2025-09-16,29,7.2,78,291_2422
2025-09-17,29,20.7,81,291_2422
2025-09-18,29,4.8,81,291_2422
2025-09-19,30,11.2,79,291_2422
2025-09-20,28,11.4,84,291_2422
2025-09-21,27,37.3,89,291_2422
2025-09-22,27,67.0,91,291_2422
2025-09-23,29,26.8,84,291_2422
2025-09-24,29,14.8,80,291_2422
2025-09-25,28,9.5,80,291_2422
2025-09-26,28,9.2,86,291_2422
2025-09-27,30,0.7,78,291_2422
2025-09-28,31,3.8,78,291_2422
2025-09-29,30,9.3,79,291_2422
2025-09-30,31,1.3,76,291_2422
2025-10-01,29,8.1,83,291_2422
2025-10-02,30,3.3,78,291_2422
2025-10-03,29,28.1,84,291_2422
2025-10-04,29,2.6,79,291_2422
2025-10-05,29,9.0,80,291_2422
2025-10-06,30,0.4,76,291_2422
2025-10-07,30,0.0,75,291_2422
2025-10-08,31,3.8,76,291_2422
2025-10-09,30,6.1,76,291_2422
2025-10-10,29,8.5,81,291_2422
2025-10-11,29,19.9,83,291_2422
2025-10-12,30,4.6,80,291_2422
2025-10-13,31,1.2,78,291_2422
2025-10-14,30,0.5,78,291_2422
2025-10-15,30,0.0,78,291_2422
2025-10-16,30,0.0,77,291_2422
2025-10-17,32,0.0,74,291_2422
2025-10-18,32,1.9,74,291_2422
2025-10-19,28,6.7,79,291_2422
2025-10-20,31,1.7,80,291_2422
2025-10-21,31,1.7,78,291_2422
2025-10-22,31,1.6,76,291_2422
2025-10-23,31,0.0,75,291_2422
2025-10-24,31,1.4,77,291_2422
2025-10-25,31,1.7,76,291_2422
2025-10-26,31,6.9,79,291_2422
2025-10-27,31,0.3,74,291_2422
2025-10-28,31,5.5,76,291_2422
2025-10-29,31,13.7,79,291_2422
2025-10-30,30,0.3,77,291_2422
2025-10-31,31,1.0,77,291_2422
2025-11-01,31,0.7,76,291_2422
2025-11-02,31,1.8,76,291_2422
2025-11-03,29,41.0,84,291_2422
2025-11-04,29,26.1,82,291_2422
2025-11-05,31,2.0,75,291_2422
2025-11-06,32,1.7,76,291_2422
2025-11-07,30,8.0,79,291_2422
2025-11-08,29,2.8,79,291_2422
2025-11-09,26,17.3,85,291_2422
2025-11-10,28,25.5,86,291_2422
2025-11-11,29,20.4,83,291_2422
2025-11-12,30,0.1,79,291_2422
2025-11-13,29,2.8,81,291_2422
2025-11-14,29,0.0,79,291_2422
2025-11-15,30,0.0,76,291_2422
2025-11-16,31,0.0,74,291_2422
2025-11-17,31,0.0,74,291_2422
2025-11-18,31,0.0,74,291_2422
2025-11-19,30,0.4,71,291_2422
2025-11-20,30,0.0,73,291_2422
2025-11-21,28,0.0,77,291_2422
2025-11-22,30,0.0,73,291_2422
2025-11-23,30,0.0,74,291_2422
2025-11-24,31,0.1,70,291_2422
2025-11-25,27,32.1,78,291_2422
2025-11-26,29,5.3,80,291_2422
2025-11-27,30,3.7,79,291_2422
2025-11-28,30,7.1,79,291_2422
2025-11-29,26,19.5,89,291_2422
2025-11-30,30,4.7,78,291_2422
2025-12-01,29,12.4,81,291_2422
2025-12-02,29,4.5,80,291_2422
2025-12-03,30,3.7,77,291_2422
2025-12-04,28,2.4,72,291_2422
2025-12-05,28,0.0,69,291_2422
2025-12-06,28,0.0,70,291_2422
2025-12-07,25,39.0,82,291_2422
2025-12-08,27,9.4,87,291_2422
2025-12-09,31,0.0,77,291_2422
2025-12-10,30,0.5,77,291_2422
2025-12-11,30,0.5,78,291_2422
2025-12-12,30,0.0,74,291_2422
2025-12-13,27,0.0,80,291_2422
2025-12-14,29,0.0,73,291_2422
2025-12-15,28,0.3,74,291_2422
2025-12-16,29,2.0,77,291_2422
2025-12-17,27,5.5,80,291_2422
2025-12-18,28,0.4,76,291_2422
2025-12-19,28,0.4,76,291_2422
2025-12-20,27,1.0,79,291_2422
2025-12-21,27,0.0,75,291_2422
2025-12-22,28,0.4,77,291_2422
2025-12-23,29,0.0,73,291_2422
2025-12-24,28,0.2,78,291_2422
2025-12-25,30,0.7,76,291_2422
2025-12-26,29,0.0,74,291_2422
2025-12-27,30,0.0,73,291_2422
2025-12-28,30,0.0,75,291_2422
2025-12-29,30,0.0,75,291_2422
2025-12-30,30,0.4,74,291_2422
2025-12-31,29,1.2,75,291_2422
2026-01-01,26,1.2,81,291_2422
2026-01-02,25,8.7,87,291_2422
2026-01-03,25,0.6,77,291_2422
2026-01-04,26,0.0,74,291_2422
2026-01-05,25,0.3,80,291_2422
2026-01-06,27,0.4,77,291_2422
2026-01-07,27,0.7,74,291_2422
2026-01-08,25,13.9,85,291_2422
2026-01-09,25,4.4,83,291_2422
2026-01-10,29,1.9,76,291_2422
2026-01-11,29,1.6,74,291_2422
2026-01-12,28,0.0,71,291_2422
2026-01-13,28,8.1,78,291_2422
2026-01-14,29,5.2,77,291_2422
2026-01-15,27,4.7,80,291_2422
2026-01-16,28,0.0,74,291_2422
2026-01-17,28,0.0,75,291_2422
2026-01-18,26,0.4,78,291_2422
2026-01-19,29,0.4,74,291_2422
2026-01-20,29,0.0,71,291_2422
2026-01-21,29,0.3,69,291_2422
2026-01-22,27,0.0,66,291_2422
2026-01-23,27,0.0,68,291_2422
2026-01-24,26,0.7,70,291_2422
2026-01-25,27,0.1,70,291_2422
2026-01-26,27,0.0,71,291_2422
2026-01-27,28,0.3,77,291_2422
2026-01-28,28,0.0,71,291_2422
2026-01-29,28,0.0,67,291_2422
2026-01-30,28,0.4,71,291_2422
2026-01-31,28,0.0,67,291_2422
2026-02-01,29,0.0,65,291_2422
2026-02-02,29,0.0,64,291_2422
2026-02-03,29,0.0,64,291_2422
2026-02-04,27,0.5,71,291_2422
2026-02-05,29,0.0,64,291_2422
2026-02-06,28,0.0,71,291_2422
2026-02-07,28,0.7,78,291_2422
2026-02-08,27,3.6,77,291_2422
2026-02-09,26,0.0,70,291_2422
2026-02-10,28,0.0,72,291_2422
2026-02-11,26,0.6,79,291_2422
2026-02-12,28,0.0,72,291_2422
2026-02-13,28,1.3,75,291_2422
2026-02-14,30,0.0,76,291_2422
2026-02-15,30,0.0,73,291_2422
2026-02-16,30,0.0,73,291_2422
2026-02-17,30,0.2,73,291_2422
2026-02-18,29,0.0,71,291_2422
2026-02-19,29,0.0,67,291_2422
2026-02-20,29,0.1,68,291_2422
2026-02-21,29,0.0,70,291_2422
2026-02-22,30,0.0,69,291_2422
2026-02-23,30,0.0,67,291_2422
2026-02-24,29,0.0,73,291_2422
2026-02-25,31,0.0,69,291_2422
2026-02-26,31,0.0,68,291_2422
2026-02-27,31,0.0,68,291_2422
2026-02-28,31,0.0,67,291_2422
2026-03-01,31,0.0,68,291_2422
2026-03-02,31,0.0,72,291_2422
2026-03-03,32,0.0,71,291_2422
2026-03-04,31,0.0,67,291_2422
2026-03-05,31,0.0,70,291_2422
2026-03-06,31,0.0,69,291_2422
2026-03-07,31,0.0,67,291_2422
2026-03-08,30,0.4,68,291_2422
2026-03-09,29,0.1,66,291_2422
2026-03-10,29,0.0,61,291_2422
2026-03-11,30,0.0,64,291_2422
2026-03-12,28,0.0,68,291_2422
2026-03-13,27,0.2,65,291_2422
2026-03-14,27,0.0,58,291_2422
2026-03-15,28,0.0,58,291_2422
2026-03-16,29,0.0,62,291_2422
2026-03-17,29,0.4,70,291_2422
2026-03-18,30,0.0,68,291_2422
2026-03-19,30,0.0,67,291_2422
2026-03-20,30,0.0,65,291_2422
2026-03-21,31,0.0,64,291_2422
2026-03-22,31,0.2,65,291_2422
2026-03-23,31,0.0,61,291_2422
2026-03-24,31,0.0,60,291_2422
2026-03-25,31,0.0,66,291_2422
2026-03-26,32,0.0,70,291_2422
2026-03-27,31,0.0,70,291_2422
2026-03-28,32,0.0,67,291_2422
2026-03-29,31,0.0,66,291_2422
2026-03-30,32,0.0,66,291_2422
2026-03-31,32,0.0,66,291_2422
2026-04-01,32,0.0,64,291_2422
2026-04-02,32,0.0,63,291_2422
2026-04-03,32,0.0,59,291_2422
2026-04-04,34,0.0,56,291_2422
2026-04-05,35,0.0,59,291_2422
2026-04-06,34,0.0,63,291_2422
2026-04-07,35,0.0,62,291_2422
2026-04-08,34,0.2,57,291_2422
2026-04-09,34,0.2,65,291_2422
2026-04-10,34,0.1,64,291_2422
2026-04-11,34,0.1,63,291_2422
2026-04-12,33,0.0,59,291_2422
2026-04-13,34,0.0,61,291_2422
2026-04-14,33,0.0,61,291_2422
2026-04-15,33,0.0,57,291_2422
2026-04-16,34,0.0,57,291_2422
2026-04-17,33,0.3,60,291_2422
2026-04-18,33,0.2,63,291_2422
2026-04-19,33,2.1,62,291_2422
2026-04-20,34,0.9,60,291_2422
2026-04-21,34,0.1,60,291_2422
2026-04-22,33,0.0,60,291_2422
2026-04-23,35,0.0,60,291_2422
2026-04-24,35,0.0,60,291_2422
2026-04-25,36,1.6,62,291_2422
2026-04-26,36,2.1,63,291_2422
2026-04-27,34,0.3,64,291_2422
2026-04-28,34,1.6,64,291_2422
2026-04-29,34,0.0,61,291_2422
2026-04-30,34,0.0,63,291_2422
2026-05-01,34,0.2,61,291_2422
2026-05-02,35,0.6,64,291_2422
2026-05-03,35,0.5,66,291_2422
2026-05-04,35,0.0,64,291_2422
2026-05-05,34,0.6,62,291_2422
2026-05-06,35,0.2,61,291_2422
2026-05-07,35,0.0,63,291_2422
2026-05-08,35,0.2,62,291_2422
2026-05-09,35,1.8,64,291_2422
2026-05-10,35,0.1,62,291_2422
2026-05-11,35,0.7,64,291_2422
2026-05-12,35,1.0,66,291_2422
2026-05-13,34,0.0,66,291_2422
2026-05-14,35,4.4,66,291_2422
2026-05-15,35,2.7,69,291_2422
2026-05-16,34,15.5,67,291_2422
2026-05-17,35,5.8,70,291_2422
2026-05-18,33,4.6,68,291_2422
2026-05-19,32,8.5,72,291_2422
2026-05-20,34,1.8,67,291_2422
2026-05-21,35,1.4,67,291_2422
2026-05-22,35,2.0,66,291_2422
2026-05-23,35,2.8,65,291_2422
2026-05-24,36,5.7,65,291_2422
2026-05-25,35,5.2,65,291_2422
2026-05-26,35,0.8,66,291_2422
2026-05-27,35,0.2,66,291_2422
2026-05-28,35,2.6,69,291_2422
2026-05-29,34,9.8,72,291_2422
2026-05-30,32,9.9,73,291_2422
2026-05-31,32,15.5,75,291_2422
2025-06-01,32,6.5,73,292_2419
2025-06-02,30,8.5,77,292_2419
2025-06-03,32,4.0,73,292_2419
2025-06-04,32,2.1,72,292_2419
2025-06-05,32,4.8,73,292_2419
2025-06-06,32,5.2,74,292_2419
2025-06-07,32,13.6,73,292_2419
2025-06-08,31,16.2,77,292_2419
2025-06-09,30,39.7,83,292_2419
2025-06-10,27,10.5,86,292_2419
2025-06-11,26,53.7,91,292_2419
2025-06-12,28,61.5,91,292_2419
2025-06-13,31,1.1,76,292_2419
2025-06-14,32,1.0,72,292_2419
2025-06-15,33,3.8,74,292_2419
2025-06-16,34,5.6,72,292_2419
2025-06-17,32,23.8,77,292_2419
2025-06-18,31,12.2,75,292_2419
2025-06-19,32,1.2,71,292_2419
2025-06-20,33,2.9,67,292_2419
2025-06-21,34,4.8,71,292_2419
2025-06-22,27,16.1,84,292_2419
2025-06-23,30,13.1,78,292_2419
2025-06-24,30,9.1,79,292_2419
2025-06-25,32,10.6,75,292_2419
2025-06-26,31,11.3,77,292_2419
2025-06-27,29,8.9,82,292_2419
2025-06-28,30,1.9,75,292_2419
2025-06-29,31,27.3,80,292_2419
2025-06-30,30,14.8,82,292_2419
2025-07-01,30,8.9,78,292_2419
2025-07-02,31,37.1,82,292_2419
2025-07-03,26,78.1,91,292_2419
2025-07-04,29,40.7,87,292_2419
2025-07-05,29,32.1,84,292_2419
2025-07-06,29,11.8,79,292_2419
2025-07-07,31,0.7,75,292_2419
2025-07-08,30,8.4,79,292_2419
2025-07-09,30,7.5,77,292_2419
2025-07-10,30,8.3,78,292_2419
2025-07-11,30,8.3,79,292_2419
2025-07-12,30,2.6,77,292_2419
2025-07-13,30,4.4,78,292_2419
2025-07-14,31,0.5,74,292_2419
2025-07-15,31,1.2,76,292_2419
2025-07-16,31,2.9,77,292_2419
2025-07-17,30,21.7,82,292_2419
2025-07-18,27,35.0,87,292_2419
2025-07-19,27,39.3,88,292_2419
2025-07-20,29,34.0,86,292_2419
2025-07-21,28,38.8,87,292_2419
2025-07-22,27,45.3,90,292_2419
2025-07-23,27,42.8,91,292_2419
2025-07-24,27,60.1,91,292_2419
2025-07-25,28,32.8,89,292_2419
2025-07-26,29,16.8,83,292_2419
2025-07-27,29,21.6,84,292_2419
2025-07-28,29,23.3,84,292_2419
2025-07-29,29,27.4,84,292_2419
2025-07-30,30,3.7,76,292_2419
2025-07-31,30,3.8,74,292_2419
2025-08-01,30,3.4,78,292_2419
2025-08-02,32,0.0,74,292_2419
2025-08-03,31,0.0,74,292_2419
2025-08-04,32,0.0,71,292_2419
2025-08-05,32,4.3,71,292_2419
2025-08-06,32,6.6,73,292_2419
2025-08-07,30,7.2,77,292_2419
2025-08-08,29,8.3,79,292_2419
2025-08-09,31,0.5,73,292_2419
2025-08-10,31,0.0,72,292_2419
2025-08-11,31,0.8,73,292_2419
2025-08-12,32,7.8,76,292_2419
2025-08-13,31,7.3,75,292_2419
2025-08-14,30,11.8,77,292_2419
2025-08-15,30,38.7,79,292_2419
2025-08-16,29,22.2,81,292_2419
2025-08-17,31,8.4,78,292_2419
2025-08-18,33,4.4,73,292_2419
2025-08-19,32,7.2,74,292_2419
2025-08-20,31,0.7,74,292_2419
2025-08-21,29,7.6,81,292_2419
2025-08-22,29,20.4,84,292_2419
2025-08-23,27,7.1,83,292_2419
2025-08-24,30,6.3,74,292_2419
2025-08-25,30,21.2,79,292_2419
2025-08-26,26,28.3,90,292_2419
2025-08-27,29,2.9,82,292_2419
2025-08-28,29,17.0,84,292_2419
2025-08-29,29,23.2,86,292_2419
2025-08-30,30,15.1,82,292_2419
2025-08-31,29,7.9,82,292_2419
2025-09-01,29,24.2,86,292_2419
2025-09-02,29,16.7,87,292_2419
2025-09-03,30,18.7,82,292_2419
2025-09-04,29,22.2,84,292_2419
2025-09-05,27,17.8,88,292_2419
2025-09-06,26,6.5,88,292_2419
2025-09-07,29,9.5,81,292_2419
2025-09-08,30,2.0,78,292_2419
2025-09-09,32,2.3,70,292_2419
2025-09-10,31,7.3,74,292_2419
2025-09-11,30,1.3,74,292_2419
2025-09-12,31,20.1,78,292_2419
2025-09-13,31,6.7,80,292_2419
2025-09-14,28,2.6,81,292_2419
2025-09-15,31,6.7,78,292_2419
2025-09-16,30,6.6,77,292_2419
2025-09-17,30,18.4,81,292_2419
2025-09-18,30,3.8,80,292_2419
2025-09-19,30,11.1,77,292_2419
2025-09-20,29,10.7,83,292_2419
2025-09-21,27,36.9,88,292_2419
2025-09-22,27,78.7,92,292_2419
2025-09-23,29,34.2,86,292_2419
2025-09-24,29,17.2,81,292_2419
2025-09-25,29,10.0,80,292_2419
2025-09-26,29,7.2,86,292_2419
2025-09-27,31,2.9,77,292_2419
2025-09-28,31,3.3,77,292_2419
2025-09-29,31,9.9,78,292_2419
2025-09-30,31,4.0,76,292_2419
2025-10-01,29,6.9,81,292_2419
2025-10-02,31,2.9,77,292_2419
2025-10-03,29,22.5,84,292_2419
2025-10-04,30,1.9,78,292_2419
2025-10-05,30,7.5,79,292_2419
2025-10-06,30,0.5,75,292_2419
2025-10-07,31,0.0,74,292_2419
2025-10-08,30,4.8,75,292_2419
2025-10-09,31,5.0,74,292_2419
2025-10-10,30,6.6,80,292_2419
2025-10-11,30,16.6,83,292_2419
2025-10-12,30,7.5,80,292_2419
2025-10-13,31,3.5,78,292_2419
2025-10-14,30,0.1,76,292_2419
2025-10-15,30,0.0,76,292_2419
2025-10-16,31,0.0,74,292_2419
2025-10-17,32,0.0,71,292_2419
2025-10-18,32,1.5,73,292_2419
2025-10-19,28,6.2,79,292_2419
2025-10-20,31,2.8,80,292_2419
2025-10-21,31,3.8,79,292_2419
2025-10-22,31,2.1,77,292_2419
2025-10-23,31,0.5,74,292_2419
2025-10-24,31,1.3,74,292_2419
2025-10-25,31,4.0,75,292_2419
2025-10-26,31,9.1,79,292_2419
2025-10-27,32,0.5,73,292_2419
2025-10-28,31,8.7,76,292_2419
2025-10-29,31,11.3,78,292_2419
2025-10-30,30,0.6,77,292_2419
2025-10-31,31,1.9,77,292_2419
2025-11-01,31,1.3,75,292_2419
2025-11-02,31,1.7,73,292_2419
2025-11-03,29,32.2,84,292_2419
2025-11-04,30,22.5,80,292_2419
2025-11-05,32,2.0,74,292_2419
2025-11-06,32,5.2,75,292_2419
2025-11-07,31,9.8,79,292_2419
2025-11-08,30,3.2,78,292_2419
2025-11-09,27,13.9,85,292_2419
2025-11-10,27,31.6,87,292_2419
2025-11-11,29,23.2,84,292_2419
2025-11-12,30,0.0,78,292_2419
2025-11-13,30,3.3,81,292_2419
2025-11-14,29,0.0,79,292_2419
2025-11-15,30,0.0,75,292_2419
2025-11-16,31,0.0,72,292_2419
2025-11-17,31,0.0,72,292_2419
2025-11-18,32,0.0,71,292_2419
2025-11-19,31,0.2,69,292_2419
2025-11-20,31,0.0,71,292_2419
2025-11-21,29,0.0,75,292_2419
2025-11-22,31,0.0,71,292_2419
2025-11-23,30,0.0,71,292_2419
2025-11-24,31,0.0,68,292_2419
2025-11-25,27,21.5,76,292_2419
2025-11-26,30,3.2,77,292_2419
2025-11-27,30,7.7,79,292_2419
2025-11-28,30,11.4,80,292_2419
2025-11-29,26,15.9,90,292_2419
2025-11-30,30,8.3,78,292_2419
2025-12-01,30,10.6,81,292_2419
2025-12-02,30,3.1,79,292_2419
2025-12-03,30,4.0,77,292_2419
2025-12-04,29,1.4,71,292_2419
2025-12-05,28,0.0,69,292_2419
2025-12-06,28,0.0,69,292_2419
2025-12-07,25,27.9,83,292_2419
2025-12-08,28,8.5,87,292_2419
2025-12-09,31,0.0,76,292_2419
2025-12-10,31,0.1,76,292_2419
2025-12-11,30,0.0,77,292_2419
2025-12-12,30,0.0,73,292_2419
2025-12-13,28,0.0,77,292_2419
2025-12-14,30,0.0,71,292_2419
2025-12-15,29,0.8,74,292_2419
2025-12-16,28,1.4,78,292_2419
2025-12-17,27,3.9,80,292_2419
2025-12-18,28,0.3,76,292_2419
2025-12-19,28,0.3,76,292_2419
2025-12-20,27,0.6,79,292_2419
2025-12-21,27,0.0,74,292_2419
2025-12-22,28,0.2,75,292_2419
2025-12-23,29,0.0,72,292_2419
2025-12-24,29,0.0,77,292_2419
2025-12-25,30,0.4,75,292_2419
2025-12-26,30,0.0,72,292_2419
2025-12-27,30,0.0,70,292_2419
2025-12-28,30,0.0,73,292_2419
2025-12-29,30,0.1,74,292_2419
2025-12-30,30,0.8,72,292_2419
2025-12-31,29,2.5,75,292_2419
2026-01-01,26,0.7,80,292_2419
2026-01-02,25,12.9,90,292_2419
2026-01-03,25,0.1,77,292_2419
2026-01-04,26,0.0,74,292_2419
2026-01-05,25,0.4,80,292_2419
2026-01-06,27,0.1,76,292_2419
2026-01-07,28,0.5,71,292_2419
2026-01-08,26,10.1,82,292_2419
2026-01-09,25,3.2,82,292_2419
2026-01-10,29,1.5,78,292_2419
2026-01-11,29,1.5,74,292_2419
2026-01-12,29,0.0,69,292_2419
2026-01-13,29,7.8,77,292_2419
2026-01-14,29,7.0,77,292_2419
2026-01-15,27,2.4,79,292_2419
2026-01-16,29,0.0,73,292_2419
2026-01-17,29,0.0,74,292_2419
2026-01-18,27,0.1,76,292_2419
2026-01-19,29,1.4,74,292_2419
2026-01-20,30,0.0,70,292_2419
2026-01-21,29,0.2,68,292_2419
2026-01-22,28,0.0,64,292_2419
2026-01-23,28,0.0,65,292_2419
2026-01-24,26,0.6,69,292_2419
2026-01-25,28,0.0,68,292_2419
2026-01-26,28,0.0,69,292_2419
2026-01-27,29,0.1,75,292_2419
2026-01-28,28,0.0,70,292_2419
2026-01-29,28,0.0,65,292_2419
2026-01-30,28,0.1,70,292_2419
2026-01-31,29,0.0,64,292_2419
2026-02-01,29,0.0,63,292_2419
2026-02-02,29,0.0,63,292_2419
2026-02-03,30,0.0,62,292_2419
2026-02-04,28,0.6,70,292_2419
2026-02-05,30,0.0,62,292_2419
2026-02-06,29,0.0,69,292_2419
2026-02-07,29,0.8,77,292_2419
2026-02-08,27,3.2,78,292_2419
2026-02-09,26,0.0,69,292_2419
2026-02-10,28,0.0,70,292_2419
2026-02-11,27,0.4,76,292_2419
2026-02-12,29,0.0,70,292_2419
2026-02-13,29,2.6,73,292_2419
2026-02-14,31,0.0,73,292_2419
2026-02-15,31,0.0,70,292_2419
2026-02-16,31,0.0,69,292_2419
2026-02-17,31,0.3,70,292_2419
2026-02-18,29,0.0,68,292_2419
2026-02-19,29,0.0,65,292_2419
2026-02-20,30,0.0,65,292_2419
2026-02-21,29,0.0,68,292_2419
2026-02-22,30,0.0,66,292_2419
2026-02-23,31,0.0,65,292_2419
2026-02-24,30,0.0,70,292_2419
2026-02-25,32,0.0,67,292_2419
2026-02-26,31,0.0,65,292_2419
2026-02-27,31,0.0,65,292_2419
2026-02-28,31,0.0,64,292_2419
2026-03-01,31,0.0,65,292_2419
2026-03-02,32,0.0,69,292_2419
2026-03-03,32,0.0,69,292_2419
2026-03-04,32,0.0,64,292_2419
2026-03-05,31,0.0,67,292_2419
2026-03-06,31,0.1,67,292_2419
2026-03-07,32,0.0,64,292_2419
2026-03-08,30,0.1,66,292_2419
2026-03-09,30,0.0,64,292_2419
2026-03-10,30,0.0,59,292_2419
2026-03-11,31,0.0,62,292_2419
2026-03-12,29,0.0,66,292_2419
2026-03-13,28,0.0,62,292_2419
2026-03-14,27,0.0,56,292_2419
2026-03-15,28,0.0,57,292_2419
2026-03-16,30,0.0,59,292_2419
2026-03-17,29,0.0,69,292_2419
2026-03-18,30,0.0,66,292_2419
2026-03-19,30,0.0,64,292_2419
2026-03-20,31,0.0,62,292_2419
2026-03-21,32,0.0,61,292_2419
2026-03-22,32,0.0,62,292_2419
2026-03-23,32,0.0,57,292_2419
2026-03-24,32,0.0,57,292_2419
2026-03-25,32,0.0,62,292_2419
2026-03-26,33,0.0,67,292_2419
2026-03-27,32,0.0,66,292_2419
2026-03-28,33,0.0,63,292_2419
2026-03-29,32,0.0,63,292_2419
2026-03-30,33,0.0,62,292_2419
2026-03-31,33,0.0,62,292_2419
2026-04-01,33,0.0,59,292_2419
2026-04-02,34,0.0,58,292_2419
2026-04-03,33,0.0,56,292_2419
2026-04-04,33,0.0,54,292_2419
2026-04-05,34,0.0,54,292_2419
2026-04-06,35,0.0,58,292_2419
2026-04-07,34,0.0,59,292_2419
2026-04-08,35,0.0,52,292_2419
2026-04-09,34,0.7,59,292_2419
2026-04-10,34,0.0,62,292_2419
2026-04-11,34,0.0,60,292_2419
2026-04-12,34,0.2,56,292_2419
2026-04-13,34,0.0,57,292_2419
2026-04-14,34,0.0,57,292_2419
2026-04-15,34,0.0,54,292_2419
2026-04-16,34,0.0,53,292_2419
2026-04-17,34,0.3,57,292_2419
2026-04-18,34,0.3,60,292_2419
2026-04-19,34,0.9,61,292_2419
2026-04-20,34,0.7,57,292_2419
2026-04-21,35,0.0,56,292_2419
2026-04-22,35,0.0,57,292_2419
2026-04-23,35,0.4,57,292_2419
2026-04-24,35,0.0,57,292_2419
2026-04-25,35,0.6,59,292_2419
2026-04-26,35,0.8,60,292_2419
2026-04-27,35,1.3,61,292_2419
2026-04-28,34,2.1,61,292_2419
2026-04-29,35,0.1,59,292_2419
2026-04-30,35,0.0,59,292_2419
2026-05-01,36,0.0,58,292_2419
2026-05-02,35,0.6,60,292_2419
2026-05-03,36,0.0,62,292_2419
2026-05-04,36,0.0,60,292_2419
2026-05-05,35,1.7,57,292_2419
2026-05-06,36,0.2,57,292_2419
2026-05-07,37,0.0,59,292_2419
2026-05-08,36,0.0,58,292_2419
2026-05-09,36,0.3,59,292_2419
2026-05-10,36,0.0,57,292_2419
2026-05-11,36,0.2,60,292_2419
2026-05-12,35,0.3,63,292_2419
2026-05-13,34,0.0,64,292_2419
2026-05-14,34,1.2,64,292_2419
2026-05-15,35,5.7,67,292_2419
2026-05-16,34,13.0,66,292_2419
2026-05-17,35,7.9,69,292_2419
2026-05-18,33,10.1,66,292_2419
2026-05-19,33,6.2,70,292_2419
2026-05-20,35,2.4,65,292_2419
2026-05-21,35,1.9,64,292_2419
2026-05-22,35,2.7,64,292_2419
2026-05-23,35,2.8,63,292_2419
2026-05-24,36,2.2,61,292_2419
2026-05-25,35,2.3,64,292_2419
2026-05-26,34,2.2,65,292_2419
2026-05-27,34,0.0,65,292_2419
2026-05-28,35,2.5,67,292_2419
2026-05-29,33,3.3,71,292_2419
2026-05-30,33,11.3,72,292_2419
2026-05-31,32,15.3,73,292_2419
2025-06-01,32,5.5,72,292_2420
2025-06-02,30,8.5,77,292_2420
2025-06-03,32,4.1,73,292_2420
2025-06-04,32,2.0,72,292_2420
2025-06-05,31,3.9,73,292_2420
2025-06-06,32,5.3,74,292_2420
2025-06-07,32,13.8,74,292_2420
2025-06-08,31,16.2,77,292_2420
2025-06-09,30,40.2,84,292_2420
2025-06-10,27,10.8,86,292_2420
2025-06-11,26,39.0,91,292_2420
2025-06-12,28,56.9,91,292_2420
2025-06-13,30,1.0,77,292_2420
2025-06-14,32,1.0,72,292_2420
2025-06-15,33,3.8,74,292_2420
2025-06-16,34,5.6,72,292_2420
2025-06-17,32,23.8,77,292_2420
2025-06-18,31,10.4,75,292_2420
2025-06-19,32,0.8,71,292_2420
2025-06-20,33,3.7,68,292_2420
2025-06-21,34,4.7,71,292_2420
2025-06-22,27,15.9,84,292_2420
2025-06-23,30,12.7,79,292_2420
2025-06-24,30,11.1,81,292_2420
2025-06-25,32,12.4,75,292_2420
2025-06-26,31,11.3,77,292_2420
2025-06-27,29,7.8,83,292_2420
2025-06-28,30,2.0,75,292_2420
2025-06-29,30,28.2,81,292_2420
2025-06-30,30,15.1,82,292_2420
2025-07-01,30,10.3,79,292_2420
2025-07-02,30,33.9,82,292_2420
2025-07-03,27,78.1,91,292_2420
2025-07-04,28,38.6,88,292_2420
2025-07-05,29,28.2,84,292_2420
2025-07-06,29,11.8,79,292_2420
2025-07-07,31,0.7,75,292_2420
2025-07-08,30,8.4,79,292_2420
2025-07-09,30,7.4,78,292_2420
2025-07-10,30,8.5,78,292_2420
2025-07-11,30,8.0,79,292_2420
2025-07-12,30,2.6,77,292_2420
2025-07-13,30,4.4,78,292_2420
2025-07-14,31,0.5,74,292_2420
2025-07-15,31,1.2,76,292_2420
2025-07-16,31,2.9,77,292_2420
2025-07-17,30,21.7,82,292_2420
2025-07-18,27,41.7,88,292_2420
2025-07-19,27,39.3,88,292_2420
2025-07-20,29,31.5,86,292_2420
2025-07-21,28,37.3,88,292_2420
2025-07-22,27,41.7,90,292_2420
2025-07-23,27,42.8,91,292_2420
2025-07-24,27,60.5,91,292_2420
2025-07-25,28,31.5,89,292_2420
2025-07-26,29,16.8,83,292_2420
2025-07-27,29,21.2,85,292_2420
2025-07-28,29,23.2,84,292_2420
2025-07-29,29,22.8,82,292_2420
2025-07-30,30,2.1,73,292_2420
2025-07-31,30,2.3,73,292_2420
2025-08-01,30,3.4,78,292_2420
2025-08-02,31,0.0,75,292_2420
2025-08-03,31,0.0,74,292_2420
2025-08-04,31,0.0,71,292_2420
2025-08-05,32,4.2,72,292_2420
2025-08-06,32,6.3,72,292_2420
2025-08-07,30,8.1,77,292_2420
2025-08-08,29,9.7,80,292_2420
2025-08-09,31,0.5,73,292_2420
2025-08-10,31,0.0,72,292_2420
2025-08-11,31,0.7,73,292_2420
2025-08-12,32,8.4,76,292_2420
2025-08-13,31,7.3,75,292_2420
2025-08-14,30,10.6,77,292_2420
2025-08-15,30,38.7,79,292_2420
2025-08-16,29,22.2,81,292_2420
2025-08-17,31,9.4,79,292_2420
2025-08-18,33,4.4,73,292_2420
2025-08-19,32,7.6,75,292_2420
2025-08-20,31,0.2,75,292_2420
2025-08-21,29,7.3,82,292_2420
2025-08-22,29,20.4,84,292_2420
2025-08-23,27,3.9,83,292_2420
2025-08-24,30,6.4,75,292_2420
2025-08-25,30,20.4,79,292_2420
2025-08-26,26,28.3,90,292_2420
2025-08-27,29,3.6,82,292_2420
2025-08-28,28,17.5,85,292_2420
2025-08-29,29,22.7,86,292_2420
2025-08-30,30,15.8,83,292_2420
2025-08-31,29,9.0,82,292_2420
2025-09-01,29,23.9,87,292_2420
2025-09-02,29,17.4,87,292_2420
2025-09-03,29,17.5,82,292_2420
2025-09-04,29,21.7,85,292_2420
2025-09-05,27,19.6,88,292_2420
2025-09-06,26,7.1,87,292_2420
2025-09-07,29,8.5,81,292_2420
2025-09-08,30,1.5,79,292_2420
2025-09-09,32,2.0,70,292_2420
2025-09-10,31,6.0,73,292_2420
2025-09-11,30,0.6,75,292_2420
2025-09-12,31,19.8,78,292_2420
2025-09-13,31,6.1,79,292_2420
2025-09-14,28,3.5,80,292_2420
2025-09-15,31,5.8,78,292_2420
2025-09-16,30,6.4,78,292_2420
2025-09-17,30,19.3,82,292_2420
2025-09-18,30,3.4,80,292_2420
2025-09-19,30,11.1,78,292_2420
2025-09-20,29,10.7,83,292_2420
2025-09-21,27,34.8,89,292_2420
2025-09-22,27,71.0,92,292_2420
2025-09-23,29,30.4,85,292_2420
2025-09-24,29,16.8,82,292_2420
2025-09-25,29,9.8,80,292_2420
2025-09-26,28,8.5,86,292_2420
2025-09-27,31,2.9,77,292_2420
2025-09-28,31,3.3,77,292_2420
2025-09-29,30,10.6,79,292_2420
2025-09-30,31,1.6,76,292_2420
2025-10-01,29,7.2,82,292_2420
2025-10-02,30,3.2,78,292_2420
2025-10-03,29,26.2,84,292_2420
2025-10-04,30,2.1,79,292_2420
2025-10-05,30,7.5,79,292_2420
2025-10-06,30,0.4,75,292_2420
2025-10-07,30,0.0,75,292_2420
2025-10-08,30,4.2,75,292_2420
2025-10-09,31,5.2,75,292_2420
2025-10-10,29,6.9,81,292_2420
2025-10-11,29,18.7,83,292_2420
2025-10-12,30,7.5,80,292_2420
2025-10-13,31,3.1,78,292_2420
2025-10-14,30,0.1,76,292_2420
2025-10-15,30,0.0,77,292_2420
2025-10-16,31,0.0,75,292_2420
2025-10-17,32,0.0,72,292_2420
2025-10-18,32,1.5,73,292_2420
2025-10-19,28,6.0,79,292_2420
2025-10-20,31,2.0,80,292_2420
2025-10-21,31,2.7,78,292_2420
2025-10-22,31,2.1,77,292_2420
2025-10-23,31,0.4,74,292_2420
2025-10-24,31,1.4,75,292_2420
2025-10-25,31,4.0,75,292_2420
2025-10-26,31,9.1,79,292_2420
2025-10-27,32,0.2,73,292_2420
2025-10-28,31,8.7,76,292_2420
2025-10-29,31,12.2,79,292_2420
2025-10-30,30,0.3,77,292_2420
2025-10-31,31,1.9,77,292_2420
2025-11-01,31,0.7,75,292_2420
2025-11-02,31,1.7,73,292_2420
2025-11-03,29,39.6,85,292_2420
2025-11-04,30,26.9,81,292_2420
2025-11-05,31,2.0,75,292_2420
2025-11-06,32,4.8,75,292_2420
2025-11-07,30,8.6,79,292_2420
2025-11-08,30,2.9,78,292_2420
2025-11-09,27,13.9,85,292_2420
2025-11-10,27,27.8,87,292_2420
2025-11-11,29,24.3,85,292_2420
2025-11-12,30,0.1,79,292_2420
2025-11-13,30,3.3,81,292_2420
2025-11-14,29,0.0,79,292_2420
2025-11-15,30,0.0,76,292_2420
2025-11-16,31,0.0,72,292_2420
2025-11-17,31,0.0,73,292_2420
2025-11-18,32,0.0,71,292_2420
2025-11-19,30,0.3,70,292_2420
2025-11-20,31,0.0,71,292_2420
2025-11-21,28,0.0,77,292_2420
2025-11-22,31,0.0,72,292_2420
2025-11-23,30,0.0,71,292_2420
2025-11-24,31,0.0,69,292_2420
2025-11-25,27,28.6,78,292_2420
2025-11-26,30,4.6,78,292_2420
2025-11-27,30,7.7,79,292_2420
2025-11-28,30,9.9,80,292_2420
2025-11-29,26,15.2,90,292_2420
2025-11-30,30,6.9,78,292_2420
2025-12-01,30,10.6,81,292_2420
2025-12-02,30,3.1,79,292_2420
2025-12-03,30,3.8,76,292_2420
2025-12-04,29,1.4,71,292_2420
2025-12-05,28,0.0,69,292_2420
2025-12-06,28,0.0,69,292_2420
2025-12-07,24,31.4,83,292_2420
2025-12-08,27,8.7,88,292_2420
2025-12-09,31,0.0,76,292_2420
2025-12-10,30,0.2,76,292_2420
2025-12-11,30,0.3,77,292_2420
2025-12-12,30,0.0,73,292_2420
2025-12-13,27,0.0,79,292_2420
2025-12-14,29,0.0,71,292_2420
2025-12-15,28,0.8,75,292_2420
2025-12-16,29,2.0,77,292_2420
2025-12-17,27,4.9,80,292_2420
2025-12-18,28,0.4,76,292_2420
2025-12-19,28,0.4,76,292_2420
2025-12-20,27,0.6,79,292_2420
2025-12-21,27,0.0,75,292_2420
2025-12-22,28,0.2,75,292_2420
2025-12-23,29,0.0,73,292_2420
2025-12-24,29,0.0,77,292_2420
2025-12-25,30,0.5,75,292_2420
2025-12-26,29,0.0,72,292_2420
2025-12-27,30,0.0,71,292_2420
2025-12-28,30,0.0,73,292_2420
2025-12-29,30,0.1,74,292_2420
2025-12-30,30,0.5,73,292_2420
2025-12-31,29,2.5,75,292_2420
2026-01-01,26,1.0,81,292_2420
2026-01-02,25,10.9,90,292_2420
2026-01-03,25,0.1,78,292_2420
2026-01-04,26,0.0,74,292_2420
2026-01-05,25,0.4,81,292_2420
2026-01-06,27,0.1,76,292_2420
2026-01-07,28,0.5,72,292_2420
2026-01-08,25,12.5,84,292_2420
2026-01-09,25,3.2,82,292_2420
2026-01-10,29,1.7,77,292_2420
2026-01-11,29,1.8,74,292_2420
2026-01-12,28,0.0,69,292_2420
2026-01-13,28,8.2,78,292_2420
2026-01-14,29,7.0,77,292_2420
2026-01-15,27,2.4,79,292_2420
2026-01-16,29,0.0,73,292_2420
2026-01-17,28,0.0,74,292_2420
2026-01-18,26,0.2,77,292_2420
2026-01-19,29,1.1,74,292_2420
2026-01-20,30,0.0,70,292_2420
2026-01-21,29,0.2,68,292_2420
2026-01-22,28,0.0,65,292_2420
2026-01-23,28,0.0,65,292_2420
2026-01-24,26,0.6,69,292_2420
2026-01-25,28,0.0,68,292_2420
2026-01-26,28,0.0,70,292_2420
2026-01-27,29,0.2,75,292_2420
2026-01-28,28,0.0,70,292_2420
2026-01-29,28,0.0,66,292_2420
2026-01-30,28,0.1,70,292_2420
2026-01-31,29,0.0,64,292_2420
2026-02-01,29,0.0,64,292_2420
2026-02-02,29,0.0,64,292_2420
2026-02-03,30,0.0,63,292_2420
2026-02-04,28,0.5,70,292_2420
2026-02-05,30,0.0,62,292_2420
2026-02-06,29,0.0,70,292_2420
2026-02-07,28,0.8,77,292_2420
2026-02-08,27,3.7,78,292_2420
2026-02-09,25,0.0,70,292_2420
2026-02-10,28,0.0,71,292_2420
2026-02-11,27,0.5,77,292_2420
2026-02-12,29,0.0,70,292_2420
2026-02-13,29,2.0,74,292_2420
2026-02-14,31,0.0,73,292_2420
2026-02-15,31,0.0,70,292_2420
2026-02-16,31,0.0,69,292_2420
2026-02-17,31,0.1,71,292_2420
2026-02-18,29,0.0,68,292_2420
2026-02-19,29,0.0,66,292_2420
2026-02-20,29,0.0,66,292_2420
2026-02-21,29,0.0,68,292_2420
2026-02-22,30,0.0,67,292_2420
2026-02-23,30,0.0,66,292_2420
2026-02-24,30,0.0,71,292_2420
2026-02-25,32,0.0,67,292_2420
2026-02-26,31,0.0,65,292_2420
2026-02-27,31,0.0,66,292_2420
2026-02-28,31,0.0,64,292_2420
2026-03-01,31,0.0,65,292_2420
2026-03-02,31,0.0,70,292_2420
2026-03-03,32,0.0,69,292_2420
2026-03-04,32,0.0,66,292_2420
2026-03-05,31,0.0,68,292_2420
2026-03-06,31,0.0,68,292_2420
2026-03-07,32,0.0,65,292_2420
2026-03-08,30,0.2,67,292_2420
2026-03-09,29,0.0,65,292_2420
2026-03-10,30,0.0,59,292_2420
2026-03-11,31,0.0,62,292_2420
2026-03-12,29,0.0,67,292_2420
2026-03-13,27,0.0,63,292_2420
2026-03-14,27,0.0,57,292_2420
2026-03-15,28,0.0,57,292_2420
2026-03-16,30,0.0,59,292_2420
2026-03-17,29,0.0,69,292_2420
2026-03-18,30,0.0,66,292_2420
2026-03-19,30,0.0,65,292_2420
2026-03-20,31,0.0,63,292_2420
2026-03-21,32,0.0,61,292_2420
2026-03-22,31,0.1,62,292_2420
2026-03-23,31,0.0,59,292_2420
2026-03-24,32,0.0,57,292_2420
2026-03-25,32,0.0,62,292_2420
2026-03-26,33,0.0,67,292_2420
2026-03-27,32,0.0,68,292_2420
2026-03-28,33,0.0,63,292_2420
2026-03-29,32,0.0,63,292_2420
2026-03-30,33,0.0,62,292_2420
2026-03-31,32,0.0,63,292_2420
2026-04-01,33,0.0,61,292_2420
2026-04-02,33,0.0,58,292_2420
2026-04-03,33,0.0,56,292_2420
2026-04-04,33,0.0,54,292_2420
2026-04-05,34,0.0,54,292_2420
2026-04-06,35,0.0,59,292_2420
2026-04-07,35,0.0,59,292_2420
2026-04-08,34,0.1,54,292_2420
2026-04-09,34,0.7,60,292_2420
2026-04-10,34,0.0,62,292_2420
2026-04-11,34,0.0,60,292_2420
2026-04-12,34,0.2,55,292_2420
2026-04-13,33,0.0,59,292_2420
2026-04-14,33,0.0,59,292_2420
2026-04-15,33,0.0,55,292_2420
2026-04-16,34,0.2,55,292_2420
2026-04-17,34,0.3,57,292_2420
2026-04-18,34,0.3,60,292_2420
2026-04-19,34,0.9,60,292_2420
2026-04-20,34,0.3,58,292_2420
2026-04-21,35,0.0,56,292_2420
2026-04-22,35,0.0,57,292_2420
2026-04-23,35,0.0,59,292_2420
2026-04-24,35,0.0,57,292_2420
2026-04-25,35,0.6,59,292_2420
2026-04-26,35,0.8,60,292_2420
2026-04-27,36,1.3,61,292_2420
2026-04-28,34,2.1,61,292_2420
2026-04-29,35,0.1,59,292_2420
2026-04-30,35,0.0,60,292_2420
2026-05-01,36,0.0,58,292_2420
2026-05-02,35,0.4,62,292_2420
2026-05-03,36,0.0,62,292_2420
2026-05-04,35,0.0,62,292_2420
2026-05-05,35,1.0,60,292_2420
2026-05-06,35,0.2,57,292_2420
2026-05-07,37,0.0,59,292_2420
2026-05-08,36,0.0,59,292_2420
2026-05-09,35,0.9,61,292_2420
2026-05-10,35,0.0,59,292_2420
2026-05-11,36,0.2,60,292_2420
2026-05-12,35,0.3,63,292_2420
2026-05-13,34,0.0,64,292_2420
2026-05-14,34,1.2,64,292_2420
2026-05-15,35,5.7,67,292_2420
2026-05-16,34,13.0,66,292_2420
2026-05-17,34,4.3,69,292_2420
2026-05-18,33,7.3,67,292_2420
2026-05-19,33,6.2,70,292_2420
2026-05-20,35,1.4,66,292_2420
2026-05-21,34,1.2,65,292_2420
2026-05-22,35,0.9,64,292_2420
2026-05-23,35,1.6,64,292_2420
2026-05-24,36,2.2,62,292_2420
2026-05-25,35,3.0,64,292_2420
2026-05-26,34,2.6,65,292_2420
2026-05-27,34,0.0,65,292_2420
2026-05-28,33,3.8,68,292_2420
2026-05-29,33,3.3,71,292_2420
2026-05-30,33,10.7,72,292_2420
2026-05-31,32,15.5,74,292_2420
2025-06-01,32,5.5,72,292_2421
2025-06-02,30,8.5,77,292_2421
2025-06-03,32,3.3,73,292_2421
2025-06-04,32,2.4,72,292_2421
2025-06-05,31,3.9,73,292_2421
2025-06-06,32,5.5,75,292_2421
2025-06-07,32,14.6,74,292_2421
2025-06-08,30,18.9,78,292_2421
2025-06-09,30,37.6,83,292_2421
2025-06-10,27,10.8,86,292_2421
2025-06-11,26,34.2,91,292_2421
2025-06-12,28,50.9,90,292_2421
2025-06-13,30,1.0,77,292_2421
2025-06-14,32,0.2,73,292_2421
2025-06-15,33,3.4,74,292_2421
2025-06-16,34,5.7,73,292_2421
2025-06-17,30,19.8,78,292_2421
2025-06-18,31,9.8,75,292_2421
2025-06-19,32,0.7,72,292_2421
2025-06-20,33,4.1,70,292_2421
2025-06-21,34,4.4,72,292_2421
2025-06-22,27,15.9,84,292_2421
2025-06-23,29,10.9,79,292_2421
2025-06-24,30,11.1,81,292_2421
2025-06-25,31,13.6,77,292_2421
2025-06-26,31,12.6,78,292_2421
2025-06-27,29,7.8,83,292_2421
2025-06-28,30,2.6,75,292_2421
2025-06-29,30,28.2,81,292_2421
2025-06-30,30,15.1,82,292_2421
2025-07-01,30,10.3,79,292_2421
2025-07-02,30,34.0,84,292_2421
2025-07-03,27,78.1,91,292_2421
2025-07-04,29,35.8,87,292_2421
2025-07-05,29,28.2,84,292_2421
2025-07-06,30,9.5,79,292_2421
2025-07-07,31,0.5,75,292_2421
2025-07-08,30,6.3,81,292_2421
2025-07-09,30,7.4,78,292_2421
2025-07-10,30,7.8,78,292_2421
2025-07-11,30,5.8,79,292_2421
2025-07-12,30,2.1,77,292_2421
2025-07-13,30,4.3,78,292_2421
2025-07-14,31,0.5,75,292_2421
2025-07-15,31,1.2,76,292_2421
2025-07-16,30,3.2,78,292_2421
2025-07-17,29,22.1,83,292_2421
2025-07-18,27,41.7,88,292_2421
2025-07-19,27,35.8,88,292_2421
2025-07-20,29,31.5,86,292_2421
2025-07-21,28,34.8,87,292_2421
2025-07-22,27,41.7,90,292_2421
2025-07-23,26,41.8,92,292_2421
2025-07-24,27,58.2,91,292_2421
2025-07-25,28,31.5,89,292_2421
2025-07-26,29,12.8,83,292_2421
2025-07-27,29,18.2,84,292_2421
2025-07-28,29,18.6,83,292_2421
2025-07-29,29,22.8,82,292_2421
2025-07-30,30,2.1,73,292_2421
2025-07-31,30,2.3,73,292_2421
2025-08-01,30,2.8,77,292_2421
2025-08-02,31,0.0,75,292_2421
2025-08-03,31,0.0,75,292_2421
2025-08-04,31,0.0,71,292_2421
2025-08-05,32,4.2,72,292_2421
2025-08-06,31,5.9,72,292_2421
2025-08-07,30,9.0,78,292_2421
2025-08-08,29,10.4,81,292_2421
2025-08-09,30,0.1,74,292_2421
2025-08-10,31,0.0,74,292_2421
2025-08-11,31,0.4,74,292_2421
2025-08-12,31,8.3,76,292_2421
2025-08-13,31,7.5,76,292_2421
2025-08-14,30,10.6,77,292_2421
2025-08-15,29,33.6,81,292_2421
2025-08-16,29,24.5,83,292_2421
2025-08-17,31,10.0,79,292_2421
2025-08-18,33,3.3,74,292_2421
2025-08-19,32,7.6,75,292_2421
2025-08-20,31,0.2,75,292_2421
2025-08-21,28,7.2,83,292_2421
2025-08-22,28,17.8,84,292_2421
2025-08-23,27,4.0,83,292_2421
2025-08-24,30,6.4,75,292_2421
2025-08-25,29,19.8,79,292_2421
2025-08-26,26,41.2,91,292_2421
2025-08-27,29,4.2,82,292_2421
2025-08-28,28,15.9,84,292_2421
2025-08-29,28,23.7,87,292_2421
2025-08-30,30,16.4,83,292_2421
2025-08-31,29,9.0,82,292_2421
2025-09-01,29,24.3,87,292_2421
2025-09-02,29,17.4,87,292_2421
2025-09-03,29,17.5,82,292_2421
2025-09-04,29,20.9,86,292_2421
2025-09-05,27,18.1,88,292_2421
2025-09-06,26,7.1,87,292_2421
2025-09-07,29,7.4,81,292_2421
2025-09-08,30,1.2,79,292_2421
2025-09-09,32,2.0,70,292_2421
2025-09-10,31,5.3,74,292_2421
2025-09-11,29,0.5,76,292_2421
2025-09-12,31,19.8,78,292_2421
2025-09-13,31,6.1,79,292_2421
2025-09-14,28,3.5,80,292_2421
2025-09-15,30,5.5,79,292_2421
2025-09-16,29,7.1,77,292_2421
2025-09-17,29,20.3,82,292_2421
2025-09-18,30,3.9,81,292_2421
2025-09-19,30,12.0,78,292_2421
2025-09-20,28,11.2,84,292_2421
2025-09-21,27,36.9,89,292_2421
2025-09-22,27,69.5,92,292_2421
2025-09-23,29,30.9,85,292_2421
2025-09-24,29,15.9,81,292_2421
2025-09-25,29,9.8,80,292_2421
2025-09-26,28,8.7,86,292_2421
2025-09-27,31,1.3,77,292_2421
2025-09-28,30,3.5,78,292_2421
2025-09-29,30,8.8,79,292_2421
2025-09-30,31,1.6,76,292_2421
2025-10-01,29,7.2,82,292_2421
2025-10-02,30,3.2,78,292_2421
2025-10-03,29,26.2,84,292_2421
2025-10-04,30,2.3,79,292_2421
2025-10-05,29,8.5,80,292_2421
2025-10-06,30,0.4,75,292_2421
2025-10-07,31,0.0,76,292_2421
2025-10-08,30,4.2,75,292_2421
2025-10-09,31,5.3,75,292_2421
2025-10-10,29,7.5,81,292_2421
2025-10-11,29,18.7,83,292_2421
2025-10-12,30,5.9,81,292_2421
2025-10-13,31,2.2,78,292_2421
2025-10-14,30,0.2,77,292_2421
2025-10-15,30,0.0,79,292_2421
2025-10-16,31,0.0,76,292_2421
2025-10-17,32,0.0,73,292_2421
2025-10-18,32,1.8,74,292_2421
2025-10-19,28,6.3,79,292_2421
2025-10-20,31,2.0,80,292_2421
2025-10-21,31,2.5,79,292_2421
2025-10-22,31,2.0,77,292_2421
2025-10-23,31,0.1,74,292_2421
2025-10-24,31,1.4,75,292_2421
2025-10-25,31,2.5,77,292_2421
2025-10-26,31,7.2,79,292_2421
2025-10-27,32,0.2,73,292_2421
2025-10-28,31,5.0,75,292_2421
2025-10-29,31,12.3,79,292_2421
2025-10-30,30,0.3,77,292_2421
2025-10-31,31,1.1,77,292_2421
2025-11-01,31,0.8,76,292_2421
2025-11-02,31,1.8,76,292_2421
2025-11-03,29,39.6,85,292_2421
2025-11-04,30,26.9,81,292_2421
2025-11-05,31,2.0,75,292_2421
2025-11-06,32,3.3,75,292_2421
2025-11-07,30,8.6,79,292_2421
2025-11-08,30,2.9,79,292_2421
2025-11-09,27,16.2,85,292_2421
2025-11-10,27,29.6,87,292_2421
2025-11-11,29,21.9,84,292_2421
2025-11-12,30,0.1,79,292_2421
2025-11-13,30,3.2,81,292_2421
2025-11-14,29,0.0,79,292_2421
2025-11-15,30,0.0,76,292_2421
2025-11-16,31,0.0,73,292_2421
2025-11-17,31,0.0,73,292_2421
2025-11-18,31,0.0,74,292_2421
2025-11-19,30,0.4,70,292_2421
2025-11-20,30,0.0,72,292_2421
2025-11-21,28,0.0,77,292_2421
2025-11-22,31,0.0,72,292_2421
2025-11-23,30,0.0,72,292_2421
2025-11-24,31,0.0,69,292_2421
2025-11-25,27,28.6,78,292_2421
2025-11-26,29,4.4,80,292_2421
2025-11-27,30,5.2,79,292_2421
2025-11-28,30,7.9,80,292_2421
2025-11-29,26,18.0,90,292_2421
2025-11-30,30,6.3,78,292_2421
2025-12-01,29,11.9,81,292_2421
2025-12-02,29,4.1,80,292_2421
2025-12-03,30,3.8,76,292_2421
2025-12-04,28,2.2,72,292_2421
2025-12-05,28,0.0,69,292_2421
2025-12-06,28,0.0,69,292_2421
2025-12-07,25,34.3,82,292_2421
2025-12-08,27,8.7,88,292_2421
2025-12-09,31,0.0,76,292_2421
2025-12-10,30,0.5,76,292_2421
2025-12-11,29,0.6,79,292_2421
2025-12-12,29,0.0,75,292_2421
2025-12-13,27,0.0,79,292_2421
2025-12-14,29,0.0,72,292_2421
2025-12-15,28,0.5,74,292_2421
2025-12-16,29,2.0,77,292_2421
2025-12-17,27,4.9,80,292_2421
2025-12-18,28,0.3,77,292_2421
2025-12-19,28,0.4,76,292_2421
2025-12-20,27,0.8,81,292_2421
2025-12-21,27,0.0,75,292_2421
2025-12-22,28,0.4,76,292_2421
2025-12-23,29,0.0,73,292_2421
2025-12-24,28,0.1,79,292_2421
2025-12-25,30,0.6,75,292_2421
2025-12-26,29,0.0,72,292_2421
2025-12-27,30,0.0,71,292_2421
2025-12-28,30,0.0,74,292_2421
2025-12-29,30,0.1,75,292_2421
2025-12-30,30,0.5,73,292_2421
2025-12-31,29,1.3,76,292_2421
2026-01-01,26,1.2,81,292_2421
2026-01-02,25,10.0,88,292_2421
2026-01-03,25,0.5,79,292_2421
2026-01-04,26,0.0,74,292_2421
2026-01-05,25,0.3,80,292_2421
2026-01-06,27,0.3,77,292_2421
2026-01-07,28,0.7,73,292_2421
2026-01-08,25,13.9,85,292_2421
2026-01-09,25,4.4,83,292_2421
2026-01-10,29,2.2,78,292_2421
2026-01-11,29,1.5,75,292_2421
2026-01-12,28,0.0,69,292_2421
2026-01-13,28,8.3,79,292_2421
2026-01-14,29,6.1,77,292_2421
2026-01-15,27,3.7,80,292_2421
2026-01-16,29,0.0,74,292_2421
2026-01-17,28,0.0,74,292_2421
2026-01-18,26,0.3,77,292_2421
2026-01-19,29,0.6,75,292_2421
2026-01-20,29,0.0,70,292_2421
2026-01-21,29,0.3,68,292_2421
2026-01-22,27,0.0,67,292_2421
2026-01-23,27,0.0,67,292_2421
2026-01-24,26,0.7,70,292_2421
2026-01-25,27,0.0,71,292_2421
2026-01-26,28,0.0,72,292_2421
2026-01-27,28,0.3,76,292_2421
2026-01-28,28,0.0,71,292_2421
2026-01-29,28,0.0,66,292_2421
2026-01-30,28,0.4,71,292_2421
2026-01-31,29,0.0,65,292_2421
2026-02-01,29,0.0,64,292_2421
2026-02-02,29,0.0,64,292_2421
2026-02-03,29,0.0,65,292_2421
2026-02-04,28,0.5,70,292_2421
2026-02-05,30,0.0,64,292_2421
2026-02-06,29,0.0,70,292_2421
2026-02-07,28,0.8,77,292_2421
2026-02-08,27,3.4,78,292_2421
2026-02-09,26,0.0,69,292_2421
2026-02-10,28,0.0,71,292_2421
2026-02-11,26,0.5,78,292_2421
2026-02-12,28,0.0,71,292_2421
2026-02-13,29,2.0,74,292_2421
2026-02-14,30,0.0,75,292_2421
2026-02-15,31,0.0,72,292_2421
2026-02-16,31,0.0,71,292_2421
2026-02-17,31,0.1,71,292_2421
2026-02-18,29,0.0,69,292_2421
2026-02-19,29,0.0,66,292_2421
2026-02-20,29,0.1,66,292_2421
2026-02-21,29,0.0,69,292_2421
2026-02-22,30,0.0,67,292_2421
2026-02-23,30,0.0,66,292_2421
2026-02-24,30,0.0,71,292_2421
2026-02-25,31,0.0,70,292_2421
2026-02-26,31,0.0,66,292_2421
2026-02-27,31,0.0,66,292_2421
2026-02-28,31,0.0,65,292_2421
2026-03-01,31,0.0,66,292_2421
2026-03-02,31,0.0,70,292_2421
2026-03-03,32,0.0,70,292_2421
2026-03-04,32,0.0,66,292_2421
2026-03-05,31,0.0,70,292_2421
2026-03-06,31,0.0,70,292_2421
2026-03-07,32,0.0,65,292_2421
2026-03-08,30,0.3,67,292_2421
2026-03-09,29,0.0,65,292_2421
2026-03-10,30,0.0,60,292_2421
2026-03-11,30,0.0,63,292_2421
2026-03-12,29,0.0,67,292_2421
2026-03-13,27,0.0,63,292_2421
2026-03-14,27,0.0,57,292_2421
2026-03-15,28,0.0,59,292_2421
2026-03-16,29,0.0,60,292_2421
2026-03-17,29,0.0,69,292_2421
2026-03-18,30,0.0,67,292_2421
2026-03-19,30,0.0,65,292_2421
2026-03-20,30,0.0,65,292_2421
2026-03-21,31,0.0,62,292_2421
2026-03-22,31,0.2,65,292_2421
2026-03-23,31,0.0,59,292_2421
2026-03-24,31,0.0,60,292_2421
2026-03-25,32,0.0,64,292_2421
2026-03-26,33,0.0,68,292_2421
2026-03-27,32,0.0,68,292_2421
2026-03-28,32,0.0,65,292_2421
2026-03-29,32,0.0,64,292_2421
2026-03-30,32,0.0,64,292_2421
2026-03-31,32,0.0,63,292_2421
2026-04-01,33,0.0,63,292_2421
2026-04-02,33,0.0,60,292_2421
2026-04-03,33,0.0,57,292_2421
2026-04-04,33,0.0,55,292_2421
2026-04-05,35,0.0,57,292_2421
2026-04-06,34,0.0,62,292_2421
2026-04-07,35,0.0,62,292_2421
2026-04-08,34,0.1,54,292_2421
2026-04-09,33,0.6,62,292_2421
2026-04-10,34,0.1,62,292_2421
2026-04-11,34,0.1,61,292_2421
2026-04-12,34,0.0,57,292_2421
2026-04-13,33,0.0,59,292_2421
2026-04-14,33,0.0,59,292_2421
2026-04-15,33,0.0,55,292_2421
2026-04-16,34,0.2,55,292_2421
2026-04-17,34,0.3,58,292_2421
2026-04-18,33,0.3,62,292_2421
2026-04-19,34,1.4,62,292_2421
2026-04-20,34,0.5,60,292_2421
2026-04-21,34,0.0,58,292_2421
2026-04-22,34,0.0,58,292_2421
2026-04-23,35,0.0,60,292_2421
2026-04-24,35,0.0,58,292_2421
2026-04-25,35,0.7,60,292_2421
2026-04-26,36,2.1,63,292_2421
2026-04-27,35,0.5,62,292_2421
2026-04-28,34,0.6,64,292_2421
2026-04-29,35,0.0,61,292_2421
2026-04-30,34,0.0,63,292_2421
2026-05-01,35,0.0,59,292_2421
2026-05-02,35,0.4,62,292_2421
2026-05-03,37,0.1,65,292_2421
2026-05-04,35,0.0,62,292_2421
2026-05-05,35,1.0,60,292_2421
2026-05-06,35,0.0,58,292_2421
2026-05-07,35,0.1,61,292_2421
2026-05-08,35,0.1,60,292_2421
2026-05-09,35,0.9,61,292_2421
2026-05-10,35,0.0,59,292_2421
2026-05-11,36,0.3,63,292_2421
2026-05-12,35,2.2,65,292_2421
2026-05-13,34,0.0,65,292_2421
2026-05-14,34,3.3,65,292_2421
2026-05-15,35,8.6,68,292_2421
2026-05-16,34,14.8,68,292_2421
2026-05-17,34,4.3,69,292_2421
2026-05-18,33,7.3,67,292_2421
2026-05-19,32,5.9,71,292_2421
2026-05-20,35,1.4,66,292_2421
2026-05-21,34,1.2,65,292_2421
2026-05-22,35,0.9,64,292_2421
2026-05-23,35,1.6,64,292_2421
2026-05-24,35,4.2,63,292_2421
2026-05-25,35,3.0,64,292_2421
2026-05-26,34,2.6,65,292_2421
2026-05-27,34,0.0,65,292_2421
2026-05-28,33,3.8,68,292_2421
2026-05-29,32,3.1,71,292_2421
2026-05-30,33,10.7,72,292_2421
2026-05-31,32,15.6,74,292_2421
2025-06-01,32,5.5,72,292_2422
2025-06-02,30,8.5,77,292_2422
2025-06-03,32,3.2,74,292_2422
2025-06-04,32,2.8,74,292_2422
2025-06-05,31,4.4,74,292_2422
2025-06-06,32,5.5,75,292_2422
2025-06-07,31,14.8,75,292_2422
2025-06-08,30,18.9,78,292_2422
2025-06-09,30,40.5,84,292_2422
2025-06-10,27,11.6,87,292_2422
2025-06-11,26,34.2,91,292_2422
2025-06-12,28,49.8,90,292_2422
2025-06-13,30,1.1,77,292_2422
2025-06-14,32,0.2,74,292_2422
2025-06-15,33,3.2,75,292_2422
2025-06-16,34,5.7,73,292_2422
2025-06-17,30,19.8,78,292_2422
2025-06-18,31,9.1,76,292_2422
2025-06-19,32,0.7,72,292_2422
2025-06-20,33,4.1,70,292_2422
2025-06-21,33,4.2,73,292_2422
2025-06-22,27,14.9,84,292_2422
2025-06-23,29,10.5,80,292_2422
2025-06-24,30,11.7,82,292_2422
2025-06-25,31,13.6,77,292_2422
2025-06-26,31,12.2,78,292_2422
2025-06-27,29,7.2,84,292_2422
2025-06-28,30,2.2,76,292_2422
2025-06-29,30,28.3,82,292_2422
2025-06-30,30,16.1,83,292_2422
2025-07-01,30,10.2,80,292_2422
2025-07-02,30,34.0,84,292_2422
2025-07-03,26,75.3,92,292_2422
2025-07-04,29,34.1,87,292_2422
2025-07-05,29,26.9,84,292_2422
2025-07-06,30,9.5,80,292_2422
2025-07-07,31,0.7,76,292_2422
2025-07-08,30,6.3,81,292_2422
2025-07-09,30,6.8,79,292_2422
2025-07-10,30,7.0,79,292_2422
2025-07-11,30,5.8,79,292_2422
2025-07-12,30,2.3,78,292_2422
2025-07-13,30,4.4,80,292_2422
2025-07-14,31,0.6,76,292_2422
2025-07-15,31,1.3,77,292_2422
2025-07-16,30,3.7,79,292_2422
2025-07-17,29,21.5,84,292_2422
2025-07-18,27,40.3,89,292_2422
2025-07-19,27,38.2,89,292_2422
2025-07-20,29,33.7,86,292_2422
2025-07-21,28,35.0,88,292_2422
2025-07-22,27,41.1,91,292_2422
2025-07-23,26,40.9,92,292_2422
2025-07-24,27,57.0,91,292_2422
2025-07-25,28,33.3,90,292_2422
2025-07-26,29,13.4,84,292_2422
2025-07-27,29,18.3,85,292_2422
2025-07-28,29,18.6,83,292_2422
2025-07-29,29,22.5,83,292_2422
2025-07-30,30,1.9,74,292_2422
2025-07-31,30,2.2,74,292_2422
2025-08-01,30,2.4,78,292_2422
2025-08-02,31,0.0,76,292_2422
2025-08-03,31,0.0,76,292_2422
2025-08-04,32,0.0,72,292_2422
2025-08-05,32,4.6,73,292_2422
2025-08-06,31,5.9,73,292_2422
2025-08-07,30,9.6,79,292_2422
2025-08-08,29,11.8,82,292_2422
2025-08-09,30,0.1,74,292_2422
2025-08-10,31,0.0,74,292_2422
2025-08-11,31,0.5,75,292_2422
2025-08-12,31,9.5,77,292_2422
2025-08-13,30,8.7,77,292_2422
2025-08-14,29,10.3,78,292_2422
2025-08-15,29,33.6,81,292_2422
2025-08-16,29,22.1,83,292_2422
2025-08-17,30,10.3,79,292_2422
2025-08-18,33,3.0,74,292_2422
2025-08-19,32,7.9,75,292_2422
2025-08-20,30,0.1,76,292_2422
2025-08-21,28,7.2,83,292_2422
2025-08-22,28,17.8,84,292_2422
2025-08-23,27,3.9,83,292_2422
2025-08-24,30,7.0,76,292_2422
2025-08-25,29,20.3,80,292_2422
2025-08-26,26,41.2,91,292_2422
2025-08-27,29,5.4,83,292_2422
2025-08-28,28,17.1,85,292_2422
2025-08-29,28,23.7,87,292_2422
2025-08-30,29,17.6,84,292_2422
2025-08-31,29,9.3,83,292_2422
2025-09-01,29,24.3,87,292_2422
2025-09-02,28,15.9,88,292_2422
2025-09-03,29,16.1,83,292_2422
2025-09-04,29,20.9,86,292_2422
2025-09-05,27,18.1,88,292_2422
2025-09-06,26,6.4,87,292_2422
2025-09-07,29,7.4,81,292_2422
2025-09-08,29,1.3,79,292_2422
2025-09-09,32,1.8,71,292_2422
2025-09-10,31,5.3,74,292_2422
2025-09-11,29,0.5,78,292_2422
2025-09-12,30,20.5,79,292_2422
2025-09-13,30,6.0,80,292_2422
2025-09-14,28,3.0,81,292_2422
2025-09-15,30,5.5,79,292_2422
2025-09-16,29,6.2,78,292_2422
2025-09-17,29,20.3,82,292_2422
2025-09-18,29,4.7,81,292_2422
2025-09-19,30,10.1,79,292_2422
2025-09-20,28,11.2,84,292_2422
2025-09-21,27,33.7,89,292_2422
2025-09-22,27,68.0,92,292_2422
2025-09-23,29,30.9,85,292_2422
2025-09-24,29,15.5,81,292_2422
2025-09-25,28,9.5,81,292_2422
2025-09-26,28,8.7,86,292_2422
2025-09-27,31,0.9,78,292_2422
2025-09-28,30,3.5,78,292_2422
2025-09-29,30,8.8,79,292_2422
2025-09-30,31,1.7,76,292_2422
2025-10-01,29,9.3,83,292_2422
2025-10-02,30,3.7,79,292_2422
2025-10-03,29,26.7,85,292_2422
2025-10-04,29,2.9,80,292_2422
2025-10-05,29,8.6,81,292_2422
2025-10-06,30,0.8,76,292_2422
2025-10-07,31,0.0,76,292_2422
2025-10-08,30,4.2,76,292_2422
2025-10-09,30,5.6,76,292_2422
2025-10-10,29,8.2,82,292_2422
2025-10-11,29,19.7,84,292_2422
2025-10-12,30,6.3,81,292_2422
2025-10-13,31,1.9,79,292_2422
2025-10-14,29,0.4,78,292_2422
2025-10-15,30,0.0,79,292_2422
2025-10-16,30,0.0,77,292_2422
2025-10-17,32,0.0,75,292_2422
2025-10-18,32,1.8,74,292_2422
2025-10-19,28,6.4,81,292_2422
2025-10-20,31,1.8,81,292_2422
2025-10-21,31,2.5,79,292_2422
2025-10-22,31,2.0,77,292_2422
2025-10-23,31,0.2,75,292_2422
2025-10-24,31,1.4,77,292_2422
2025-10-25,31,2.5,77,292_2422
2025-10-26,31,6.9,79,292_2422
2025-10-27,32,0.3,74,292_2422
2025-10-28,31,5.5,76,292_2422
2025-10-29,31,12.3,79,292_2422
2025-10-30,30,0.3,78,292_2422
2025-10-31,31,1.2,78,292_2422
2025-11-01,31,0.8,76,292_2422
2025-11-02,31,1.8,76,292_2422
2025-11-03,29,38.3,85,292_2422
2025-11-04,29,26.1,82,292_2422
2025-11-05,31,1.9,76,292_2422
2025-11-06,32,3.0,76,292_2422
2025-11-07,30,8.1,79,292_2422
2025-11-08,30,2.9,79,292_2422
2025-11-09,26,17.3,85,292_2422
2025-11-10,27,29.6,87,292_2422
2025-11-11,29,23.3,85,292_2422
2025-11-12,30,0.1,79,292_2422
2025-11-13,29,2.9,82,292_2422
2025-11-14,29,0.0,80,292_2422
2025-11-15,30,0.0,77,292_2422
2025-11-16,31,0.0,75,292_2422
2025-11-17,31,0.0,75,292_2422
2025-11-18,31,0.0,74,292_2422
2025-11-19,30,0.3,72,292_2422
2025-11-20,30,0.0,74,292_2422
2025-11-21,28,0.0,78,292_2422
2025-11-22,30,0.0,74,292_2422
2025-11-23,30,0.0,74,292_2422
2025-11-24,30,0.1,71,292_2422
2025-11-25,27,28.5,79,292_2422
2025-11-26,29,4.4,80,292_2422
2025-11-27,30,4.8,80,292_2422
2025-11-28,30,7.9,80,292_2422
2025-11-29,26,17.1,90,292_2422
2025-11-30,30,5.0,79,292_2422
2025-12-01,29,12.8,82,292_2422
2025-12-02,29,4.1,80,292_2422
2025-12-03,30,3.7,77,292_2422
2025-12-04,28,2.0,73,292_2422
2025-12-05,28,0.0,71,292_2422
2025-12-06,28,0.0,70,292_2422
2025-12-07,25,36.7,83,292_2422
2025-12-08,27,8.7,88,292_2422
2025-12-09,30,0.0,78,292_2422
2025-12-10,30,0.4,78,292_2422
2025-12-11,29,0.6,79,292_2422
2025-12-12,29,0.0,75,292_2422
2025-12-13,27,0.1,80,292_2422
2025-12-14,29,0.0,73,292_2422
2025-12-15,28,0.5,76,292_2422
2025-12-16,29,1.7,79,292_2422
2025-12-17,27,4.9,81,292_2422
2025-12-18,28,0.3,77,292_2422
2025-12-19,27,0.4,78,292_2422
2025-12-20,27,0.8,81,292_2422
2025-12-21,27,0.0,76,292_2422
2025-12-22,28,0.4,78,292_2422
2025-12-23,29,0.0,74,292_2422
2025-12-24,28,0.1,79,292_2422
2025-12-25,30,0.7,77,292_2422
2025-12-26,29,0.0,74,292_2422
2025-12-27,30,0.0,73,292_2422
2025-12-28,30,0.0,75,292_2422
2025-12-29,30,0.1,75,292_2422
2025-12-30,30,0.5,74,292_2422
2025-12-31,29,1.3,76,292_2422
2026-01-01,26,1.0,82,292_2422
2026-01-02,25,9.1,88,292_2422
2026-01-03,25,0.5,79,292_2422
2026-01-04,26,0.0,75,292_2422
2026-01-05,25,0.3,81,292_2422
2026-01-06,27,0.3,78,292_2422
2026-01-07,27,0.8,75,292_2422
2026-01-08,25,13.9,85,292_2422
2026-01-09,25,4.4,83,292_2422
2026-01-10,29,2.2,78,292_2422
2026-01-11,29,1.5,75,292_2422
2026-01-12,28,0.0,71,292_2422
2026-01-13,28,8.3,79,292_2422
2026-01-14,29,5.6,78,292_2422
2026-01-15,27,4.0,81,292_2422
2026-01-16,29,0.0,75,292_2422
2026-01-17,28,0.0,76,292_2422
2026-01-18,26,0.3,79,292_2422
2026-01-19,29,0.6,75,292_2422
2026-01-20,29,0.0,71,292_2422
2026-01-21,29,0.2,70,292_2422
2026-01-22,27,0.0,67,292_2422
2026-01-23,27,0.0,69,292_2422
2026-01-24,26,0.7,72,292_2422
2026-01-25,27,0.0,71,292_2422
2026-01-26,28,0.0,72,292_2422
2026-01-27,28,0.3,78,292_2422
2026-01-28,28,0.0,73,292_2422
2026-01-29,28,0.0,68,292_2422
2026-01-30,28,0.4,73,292_2422
2026-01-31,28,0.0,68,292_2422
2026-02-01,28,0.0,66,292_2422
2026-02-02,29,0.0,65,292_2422
2026-02-03,29,0.0,65,292_2422
2026-02-04,27,0.5,72,292_2422
2026-02-05,30,0.0,64,292_2422
2026-02-06,28,0.0,72,292_2422
2026-02-07,28,0.8,79,292_2422
2026-02-08,27,3.4,78,292_2422
2026-02-09,25,0.0,71,292_2422
2026-02-10,28,0.0,73,292_2422
2026-02-11,26,0.6,80,292_2422
2026-02-12,28,0.0,73,292_2422
2026-02-13,28,2.2,76,292_2422
2026-02-14,30,0.0,76,292_2422
2026-02-15,30,0.0,74,292_2422
2026-02-16,31,0.0,72,292_2422
2026-02-17,30,0.2,73,292_2422
2026-02-18,28,0.0,71,292_2422
2026-02-19,29,0.0,67,292_2422
2026-02-20,29,0.1,68,292_2422
2026-02-21,29,0.0,70,292_2422
2026-02-22,30,0.0,69,292_2422
2026-02-23,30,0.0,68,292_2422
2026-02-24,29,0.0,73,292_2422
2026-02-25,31,0.0,70,292_2422
2026-02-26,31,0.0,68,292_2422
2026-02-27,31,0.0,68,292_2422
2026-02-28,31,0.0,67,292_2422
2026-03-01,31,0.0,68,292_2422
2026-03-02,31,0.0,72,292_2422
2026-03-03,32,0.0,71,292_2422
2026-03-04,32,0.0,67,292_2422
2026-03-05,31,0.0,70,292_2422
2026-03-06,31,0.0,70,292_2422
2026-03-07,31,0.0,67,292_2422
2026-03-08,30,0.2,69,292_2422
2026-03-09,29,0.1,67,292_2422
2026-03-10,29,0.0,62,292_2422
2026-03-11,30,0.0,65,292_2422
2026-03-12,29,0.0,69,292_2422
2026-03-13,27,0.2,65,292_2422
2026-03-14,26,0.0,59,292_2422
2026-03-15,28,0.0,59,292_2422
2026-03-16,29,0.0,62,292_2422
2026-03-17,29,0.4,71,292_2422
2026-03-18,30,0.0,68,292_2422
2026-03-19,30,0.0,67,292_2422
2026-03-20,30,0.0,65,292_2422
2026-03-21,31,0.0,64,292_2422
2026-03-22,31,0.2,65,292_2422
2026-03-23,31,0.0,60,292_2422
2026-03-24,31,0.0,60,292_2422
2026-03-25,31,0.0,66,292_2422
2026-03-26,32,0.0,70,292_2422
2026-03-27,32,0.0,70,292_2422
2026-03-28,32,0.0,66,292_2422
2026-03-29,32,0.0,66,292_2422
2026-03-30,32,0.0,65,292_2422
2026-03-31,32,0.0,65,292_2422
2026-04-01,33,0.0,63,292_2422
2026-04-02,34,0.0,62,292_2422
2026-04-03,34,0.0,59,292_2422
2026-04-04,34,0.0,56,292_2422
2026-04-05,35,0.0,57,292_2422
2026-04-06,34,0.0,62,292_2422
2026-04-07,35,0.0,62,292_2422
2026-04-08,35,0.0,55,292_2422
2026-04-09,34,0.3,64,292_2422
2026-04-10,34,0.1,64,292_2422
2026-04-11,34,0.0,62,292_2422
2026-04-12,34,0.3,58,292_2422
2026-04-13,35,0.0,61,292_2422
2026-04-14,33,0.1,60,292_2422
2026-04-15,33,0.0,57,292_2422
2026-04-16,34,0.0,57,292_2422
2026-04-17,33,0.8,60,292_2422
2026-04-18,33,0.3,62,292_2422
2026-04-19,34,1.4,62,292_2422
2026-04-20,34,0.5,60,292_2422
2026-04-21,34,0.1,60,292_2422
2026-04-22,34,0.0,60,292_2422
2026-04-23,35,0.0,60,292_2422
2026-04-24,35,0.0,60,292_2422
2026-04-25,36,1.6,62,292_2422
2026-04-26,36,2.1,63,292_2422
2026-04-27,36,0.8,64,292_2422
2026-04-28,34,0.6,64,292_2422
2026-04-29,35,0.0,61,292_2422
2026-04-30,34,0.0,63,292_2422
2026-05-01,36,0.0,61,292_2422
2026-05-02,37,0.6,64,292_2422
2026-05-03,37,0.1,65,292_2422
2026-05-04,37,0.0,64,292_2422
2026-05-05,34,1.3,61,292_2422
2026-05-06,36,0.0,60,292_2422
2026-05-07,36,0.0,63,292_2422
2026-05-08,36,0.6,62,292_2422
2026-05-09,36,2.0,63,292_2422
2026-05-10,37,0.3,61,292_2422
2026-05-11,36,0.3,63,292_2422
2026-05-12,35,2.2,65,292_2422
2026-05-13,34,0.0,66,292_2422
2026-05-14,35,2.7,66,292_2422
2026-05-15,35,3.3,70,292_2422
2026-05-16,34,14.8,68,292_2422
2026-05-17,35,5.8,70,292_2422
2026-05-18,33,6.5,69,292_2422
2026-05-19,32,10.2,73,292_2422
2026-05-20,35,3.0,68,292_2422
2026-05-21,36,1.2,67,292_2422
2026-05-22,35,0.8,66,292_2422
2026-05-23,36,2.8,65,292_2422
2026-05-24,36,5.7,65,292_2422
2026-05-25,35,3.9,65,292_2422
2026-05-26,35,2.2,66,292_2422
2026-05-27,35,0.3,67,292_2422
2026-05-28,35,2.6,69,292_2422
2026-05-29,33,4.6,72,292_2422
2026-05-30,33,11.7,73,292_2422
2026-05-31,32,15.5,75,292_2422
2025-06-01,32,6.5,73,293_2419
2025-06-02,30,8.5,77,293_2419
2025-06-03,32,4.0,73,293_2419
2025-06-04,32,2.1,72,293_2419
2025-06-05,32,4.8,73,293_2419
2025-06-06,32,5.2,74,293_2419
2025-06-07,32,13.6,73,293_2419
2025-06-08,31,16.2,77,293_2419
2025-06-09,30,39.7,83,293_2419
2025-06-10,27,10.5,86,293_2419
2025-06-11,26,53.7,91,293_2419
2025-06-12,28,61.5,91,293_2419
2025-06-13,31,1.1,76,293_2419
2025-06-14,32,1.0,72,293_2419
2025-06-15,33,3.8,74,293_2419
2025-06-16,34,5.6,72,293_2419
2025-06-17,32,23.8,77,293_2419
2025-06-18,31,12.2,75,293_2419
2025-06-19,32,1.2,71,293_2419
2025-06-20,33,2.9,67,293_2419
2025-06-21,34,4.8,71,293_2419
2025-06-22,27,16.1,84,293_2419
2025-06-23,30,13.1,78,293_2419
2025-06-24,30,9.1,79,293_2419
2025-06-25,32,10.6,75,293_2419
2025-06-26,31,11.3,77,293_2419
2025-06-27,29,8.9,82,293_2419
2025-06-28,30,1.9,75,293_2419
2025-06-29,31,26.9,80,293_2419
2025-06-30,30,14.8,82,293_2419
2025-07-01,30,8.3,78,293_2419
2025-07-02,31,37.1,82,293_2419
2025-07-03,26,78.1,91,293_2419
2025-07-04,29,40.7,87,293_2419
2025-07-05,29,32.1,84,293_2419
2025-07-06,29,11.8,79,293_2419
2025-07-07,31,0.7,75,293_2419
2025-07-08,30,8.4,79,293_2419
2025-07-09,30,7.5,77,293_2419
2025-07-10,30,8.3,78,293_2419
2025-07-11,30,8.3,79,293_2419
2025-07-12,30,2.6,77,293_2419
2025-07-13,30,4.4,78,293_2419
2025-07-14,31,0.5,74,293_2419
2025-07-15,31,1.2,76,293_2419
2025-07-16,31,2.9,77,293_2419
2025-07-17,30,21.0,81,293_2419
2025-07-18,27,35.0,87,293_2419
2025-07-19,27,39.9,88,293_2419
2025-07-20,29,34.0,86,293_2419
2025-07-21,28,38.8,87,293_2419
2025-07-22,27,45.3,90,293_2419
2025-07-23,27,42.8,91,293_2419
2025-07-24,27,60.1,91,293_2419
2025-07-25,28,32.8,89,293_2419
2025-07-26,29,16.8,83,293_2419
2025-07-27,29,21.6,84,293_2419
2025-07-28,29,23.3,84,293_2419
2025-07-29,29,27.4,84,293_2419
2025-07-30,30,3.7,76,293_2419
2025-07-31,30,3.8,74,293_2419
2025-08-01,30,3.4,78,293_2419
2025-08-02,32,0.0,74,293_2419
2025-08-03,31,0.0,74,293_2419
2025-08-04,32,0.0,71,293_2419
2025-08-05,32,4.3,71,293_2419
2025-08-06,32,6.6,73,293_2419
2025-08-07,30,7.2,77,293_2419
2025-08-08,29,8.3,79,293_2419
2025-08-09,31,0.5,73,293_2419
2025-08-10,31,0.0,72,293_2419
2025-08-11,31,0.8,73,293_2419
2025-08-12,32,7.8,76,293_2419
2025-08-13,31,7.3,75,293_2419
2025-08-14,30,11.8,77,293_2419
2025-08-15,30,38.7,79,293_2419
2025-08-16,29,22.2,81,293_2419
2025-08-17,31,7.8,77,293_2419
2025-08-18,33,4.4,73,293_2419
2025-08-19,32,7.2,74,293_2419
2025-08-20,31,0.7,74,293_2419
2025-08-21,29,7.6,81,293_2419
2025-08-22,29,20.4,84,293_2419
2025-08-23,27,7.1,83,293_2419
2025-08-24,30,6.3,74,293_2419
2025-08-25,30,21.2,79,293_2419
2025-08-26,26,28.3,90,293_2419
2025-08-27,29,2.7,82,293_2419
2025-08-28,29,17.0,84,293_2419
2025-08-29,29,23.2,86,293_2419
2025-08-30,30,15.1,82,293_2419
2025-08-31,29,7.9,81,293_2419
2025-09-01,29,24.2,86,293_2419
2025-09-02,29,16.7,87,293_2419
2025-09-03,30,19.2,82,293_2419
2025-09-04,29,22.2,84,293_2419
2025-09-05,27,17.8,88,293_2419
2025-09-06,26,6.5,88,293_2419
2025-09-07,29,9.5,81,293_2419
2025-09-08,30,2.2,78,293_2419
2025-09-09,32,2.3,70,293_2419
2025-09-10,31,7.3,74,293_2419
2025-09-11,30,1.3,74,293_2419
2025-09-12,31,20.1,78,293_2419
2025-09-13,31,6.7,80,293_2419
2025-09-14,28,2.6,81,293_2419
2025-09-15,31,6.7,78,293_2419
2025-09-16,30,6.6,77,293_2419
2025-09-17,30,18.4,81,293_2419
2025-09-18,30,3.8,80,293_2419
2025-09-19,30,10.5,77,293_2419
2025-09-20,29,9.9,83,293_2419
2025-09-21,27,36.9,88,293_2419
2025-09-22,27,82.7,92,293_2419
2025-09-23,29,34.2,86,293_2419
2025-09-24,29,17.2,81,293_2419
2025-09-25,29,10.0,80,293_2419
2025-09-26,29,7.2,86,293_2419
2025-09-27,31,3.4,77,293_2419
2025-09-28,31,3.3,77,293_2419
2025-09-29,31,9.9,78,293_2419
2025-09-30,31,4.0,76,293_2419
2025-10-01,29,7.0,80,293_2419
2025-10-02,31,2.9,77,293_2419
2025-10-03,29,22.5,84,293_2419
2025-10-04,30,1.8,78,293_2419
2025-10-05,30,7.5,79,293_2419
2025-10-06,30,0.5,75,293_2419
2025-10-07,31,0.0,74,293_2419
2025-10-08,30,5.4,76,293_2419
2025-10-09,31,5.0,74,293_2419
2025-10-10,30,6.6,80,293_2419
2025-10-11,30,16.6,83,293_2419
2025-10-12,30,7.5,80,293_2419
2025-10-13,31,3.5,78,293_2419
2025-10-14,30,0.1,76,293_2419
2025-10-15,30,0.0,76,293_2419
2025-10-16,31,0.0,74,293_2419
2025-10-17,32,0.0,71,293_2419
2025-10-18,32,1.5,73,293_2419
2025-10-19,28,6.2,79,293_2419
2025-10-20,31,2.8,80,293_2419
2025-10-21,31,3.8,79,293_2419
2025-10-22,31,2.1,77,293_2419
2025-10-23,31,0.5,74,293_2419
2025-10-24,31,1.3,74,293_2419
2025-10-25,31,4.0,75,293_2419
2025-10-26,31,9.1,79,293_2419
2025-10-27,32,0.5,73,293_2419
2025-10-28,31,10.0,77,293_2419
2025-10-29,31,11.3,78,293_2419
2025-10-30,30,0.6,77,293_2419
2025-10-31,31,1.9,77,293_2419
2025-11-01,31,1.3,75,293_2419
2025-11-02,31,1.8,73,293_2419
2025-11-03,29,32.2,84,293_2419
2025-11-04,30,22.5,80,293_2419
2025-11-05,32,2.0,74,293_2419
2025-11-06,32,5.2,75,293_2419
2025-11-07,31,9.8,79,293_2419
2025-11-08,30,3.2,78,293_2419
2025-11-09,27,13.9,85,293_2419
2025-11-10,27,31.6,87,293_2419
2025-11-11,29,23.2,84,293_2419
2025-11-12,30,0.0,78,293_2419
2025-11-13,30,3.3,81,293_2419
2025-11-14,29,0.0,79,293_2419
2025-11-15,30,0.0,75,293_2419
2025-11-16,31,0.0,72,293_2419
2025-11-17,31,0.0,72,293_2419
2025-11-18,32,0.0,71,293_2419
2025-11-19,31,0.2,69,293_2419
2025-11-20,31,0.0,71,293_2419
2025-11-21,29,0.0,75,293_2419
2025-11-22,31,0.0,71,293_2419
2025-11-23,30,0.0,71,293_2419
2025-11-24,31,0.0,68,293_2419
2025-11-25,27,21.5,76,293_2419
2025-11-26,30,3.2,77,293_2419
2025-11-27,30,7.7,79,293_2419
2025-11-28,30,11.4,80,293_2419
2025-11-29,26,15.9,90,293_2419
2025-11-30,30,8.3,78,293_2419
2025-12-01,30,10.6,81,293_2419
2025-12-02,30,3.1,79,293_2419
2025-12-03,30,4.3,77,293_2419
2025-12-04,29,1.4,71,293_2419
2025-12-05,28,0.0,69,293_2419
2025-12-06,28,0.0,69,293_2419
2025-12-07,25,27.9,83,293_2419
2025-12-08,28,8.5,87,293_2419
2025-12-09,31,0.0,76,293_2419
2025-12-10,31,0.1,76,293_2419
2025-12-11,30,0.0,77,293_2419
2025-12-12,30,0.0,73,293_2419
2025-12-13,28,0.0,77,293_2419
2025-12-14,30,0.0,71,293_2419
2025-12-15,29,0.8,74,293_2419
2025-12-16,28,1.4,78,293_2419
2025-12-17,27,3.6,80,293_2419
2025-12-18,28,0.3,76,293_2419
2025-12-19,28,0.3,76,293_2419
2025-12-20,27,0.6,79,293_2419
2025-12-21,27,0.0,74,293_2419
2025-12-22,28,0.2,75,293_2419
2025-12-23,29,0.0,72,293_2419
2025-12-24,29,0.0,77,293_2419
2025-12-25,30,0.4,75,293_2419
2025-12-26,30,0.0,72,293_2419
2025-12-27,30,0.0,70,293_2419
2025-12-28,30,0.0,73,293_2419
2025-12-29,30,0.1,74,293_2419
2025-12-30,30,0.8,72,293_2419
2025-12-31,29,2.5,75,293_2419
2026-01-01,26,0.7,81,293_2419
2026-01-02,25,12.9,90,293_2419
2026-01-03,25,0.1,77,293_2419
2026-01-04,26,0.0,74,293_2419
2026-01-05,25,0.4,80,293_2419
2026-01-06,28,0.1,76,293_2419
2026-01-07,28,0.5,71,293_2419
2026-01-08,26,10.1,82,293_2419
2026-01-09,25,3.2,82,293_2419
2026-01-10,29,1.5,78,293_2419
2026-01-11,29,1.5,74,293_2419
2026-01-12,29,0.0,69,293_2419
2026-01-13,29,7.8,77,293_2419
2026-01-14,29,7.0,77,293_2419
2026-01-15,27,2.4,79,293_2419
2026-01-16,29,0.0,73,293_2419
2026-01-17,29,0.0,74,293_2419
2026-01-18,27,0.1,76,293_2419
2026-01-19,29,1.4,74,293_2419
2026-01-20,30,0.1,70,293_2419
2026-01-21,29,0.2,68,293_2419
2026-01-22,28,0.0,64,293_2419
2026-01-23,28,0.0,65,293_2419
2026-01-24,26,0.6,69,293_2419
2026-01-25,28,0.0,68,293_2419
2026-01-26,28,0.0,69,293_2419
2026-01-27,29,0.1,75,293_2419
2026-01-28,28,0.0,70,293_2419
2026-01-29,28,0.0,65,293_2419
2026-01-30,28,0.0,70,293_2419
2026-01-31,29,0.0,64,293_2419
2026-02-01,29,0.0,63,293_2419
2026-02-02,29,0.0,63,293_2419
2026-02-03,30,0.0,63,293_2419
2026-02-04,28,0.6,70,293_2419
2026-02-05,30,0.0,62,293_2419
2026-02-06,29,0.0,69,293_2419
2026-02-07,29,0.8,77,293_2419
2026-02-08,27,3.2,78,293_2419
2026-02-09,26,0.0,69,293_2419
2026-02-10,28,0.0,70,293_2419
2026-02-11,27,0.4,76,293_2419
2026-02-12,29,0.0,70,293_2419
2026-02-13,29,2.6,73,293_2419
2026-02-14,31,0.0,73,293_2419
2026-02-15,31,0.0,70,293_2419
2026-02-16,31,0.0,69,293_2419
2026-02-17,31,0.3,70,293_2419
2026-02-18,29,0.0,68,293_2419
2026-02-19,29,0.0,65,293_2419
2026-02-20,30,0.0,65,293_2419
2026-02-21,29,0.0,68,293_2419
2026-02-22,30,0.0,66,293_2419
2026-02-23,31,0.0,65,293_2419
2026-02-24,30,0.0,70,293_2419
2026-02-25,32,0.0,67,293_2419
2026-02-26,31,0.0,65,293_2419
2026-02-27,31,0.0,65,293_2419
2026-02-28,31,0.0,64,293_2419
2026-03-01,31,0.0,65,293_2419
2026-03-02,32,0.0,69,293_2419
2026-03-03,32,0.0,69,293_2419
2026-03-04,32,0.0,64,293_2419
2026-03-05,31,0.0,67,293_2419
2026-03-06,31,0.1,67,293_2419
2026-03-07,32,0.0,64,293_2419
2026-03-08,30,0.1,66,293_2419
2026-03-09,30,0.0,64,293_2419
2026-03-10,30,0.0,59,293_2419
2026-03-11,30,0.0,62,293_2419
2026-03-12,29,0.0,66,293_2419
2026-03-13,28,0.0,62,293_2419
2026-03-14,27,0.0,56,293_2419
2026-03-15,28,0.0,57,293_2419
2026-03-16,30,0.0,59,293_2419
2026-03-17,29,0.0,69,293_2419
2026-03-18,30,0.0,66,293_2419
2026-03-19,30,0.0,64,293_2419
2026-03-20,31,0.0,62,293_2419
2026-03-21,32,0.0,61,293_2419
2026-03-22,32,0.0,62,293_2419
2026-03-23,32,0.0,57,293_2419
2026-03-24,32,0.0,57,293_2419
2026-03-25,32,0.0,62,293_2419
2026-03-26,33,0.0,67,293_2419
2026-03-27,32,0.0,66,293_2419
2026-03-28,33,0.0,63,293_2419
2026-03-29,32,0.0,63,293_2419
2026-03-30,33,0.0,62,293_2419
2026-03-31,33,0.0,62,293_2419
2026-04-01,33,0.0,59,293_2419
2026-04-02,34,0.0,58,293_2419
2026-04-03,33,0.0,56,293_2419
2026-04-04,33,0.0,54,293_2419
2026-04-05,34,0.0,55,293_2419
2026-04-06,35,0.0,58,293_2419
2026-04-07,34,0.0,59,293_2419
2026-04-08,35,0.0,52,293_2419
2026-04-09,34,0.7,59,293_2419
2026-04-10,34,0.0,62,293_2419
2026-04-11,34,0.0,60,293_2419
2026-04-12,34,0.1,56,293_2419
2026-04-13,34,0.0,57,293_2419
2026-04-14,34,0.0,57,293_2419
2026-04-15,34,0.0,54,293_2419
2026-04-16,34,0.0,53,293_2419
2026-04-17,34,0.3,57,293_2419
2026-04-18,34,0.0,60,293_2419
2026-04-19,34,0.9,61,293_2419
2026-04-20,34,0.7,57,293_2419
2026-04-21,35,0.0,56,293_2419
2026-04-22,35,0.0,57,293_2419
2026-04-23,35,0.4,57,293_2419
2026-04-24,35,0.0,57,293_2419
2026-04-25,35,0.6,59,293_2419
2026-04-26,35,0.8,60,293_2419
2026-04-27,35,1.3,61,293_2419
2026-04-28,34,2.1,61,293_2419
2026-04-29,35,0.1,59,293_2419
2026-04-30,35,0.0,59,293_2419
2026-05-01,36,0.0,58,293_2419
2026-05-02,35,0.6,60,293_2419
2026-05-03,36,0.0,62,293_2419
2026-05-04,36,0.0,60,293_2419
2026-05-05,35,1.7,57,293_2419
2026-05-06,36,0.2,57,293_2419
2026-05-07,37,0.0,59,293_2419
2026-05-08,36,0.0,58,293_2419
2026-05-09,35,1.0,59,293_2419
2026-05-10,36,0.0,57,293_2419
2026-05-11,36,0.2,60,293_2419
2026-05-12,35,0.3,63,293_2419
2026-05-13,34,0.0,64,293_2419
2026-05-14,34,1.2,64,293_2419
2026-05-15,35,5.7,67,293_2419
2026-05-16,34,12.5,66,293_2419
2026-05-17,35,7.9,69,293_2419
2026-05-18,33,10.1,66,293_2419
2026-05-19,33,6.2,70,293_2419
2026-05-20,35,2.4,65,293_2419
2026-05-21,35,1.9,64,293_2419
2026-05-22,35,3.3,64,293_2419
2026-05-23,35,2.8,63,293_2419
2026-05-24,36,2.2,61,293_2419
2026-05-25,35,2.3,64,293_2419
2026-05-26,34,2.2,65,293_2419
2026-05-27,34,0.0,65,293_2419
2026-05-28,35,3.3,68,293_2419
2026-05-29,33,3.0,71,293_2419
2026-05-30,33,11.3,72,293_2419
2026-05-31,32,15.3,73,293_2419
2025-06-01,32,6.5,72,293_2420
2025-06-02,30,8.9,77,293_2420
2025-06-03,32,4.1,73,293_2420
2025-06-04,32,2.0,72,293_2420
2025-06-05,32,4.6,73,293_2420
2025-06-06,32,4.5,74,293_2420
2025-06-07,32,13.8,74,293_2420
2025-06-08,31,16.5,77,293_2420
2025-06-09,30,40.2,84,293_2420
2025-06-10,27,9.8,86,293_2420
2025-06-11,26,44.0,92,293_2420
2025-06-12,28,56.9,91,293_2420
2025-06-13,31,1.1,76,293_2420
2025-06-14,32,0.3,73,293_2420
2025-06-15,33,3.7,74,293_2420
2025-06-16,34,5.5,72,293_2420
2025-06-17,31,20.1,77,293_2420
2025-06-18,31,10.4,75,293_2420
2025-06-19,32,1.0,71,293_2420
2025-06-20,33,3.1,67,293_2420
2025-06-21,34,4.7,71,293_2420
2025-06-22,27,15.8,84,293_2420
2025-06-23,30,12.7,79,293_2420
2025-06-24,30,10.4,80,293_2420
2025-06-25,32,12.4,75,293_2420
2025-06-26,31,11.5,78,293_2420
2025-06-27,29,7.8,83,293_2420
2025-06-28,30,2.0,75,293_2420
2025-06-29,31,28.3,81,293_2420
2025-06-30,30,14.9,82,293_2420
2025-07-01,30,9.6,79,293_2420
2025-07-02,30,33.9,82,293_2420
2025-07-03,26,78.7,92,293_2420
2025-07-04,28,38.6,88,293_2420
2025-07-05,29,30.7,85,293_2420
2025-07-06,29,11.9,80,293_2420
2025-07-07,31,0.7,75,293_2420
2025-07-08,30,8.3,80,293_2420
2025-07-09,30,7.9,78,293_2420
2025-07-10,30,8.5,78,293_2420
2025-07-11,30,8.0,79,293_2420
2025-07-12,30,2.6,77,293_2420
2025-07-13,30,4.5,79,293_2420
2025-07-14,31,0.5,75,293_2420
2025-07-15,31,1.2,76,293_2420
2025-07-16,30,3.2,78,293_2420
2025-07-17,29,22.3,83,293_2420
2025-07-18,27,37.6,88,293_2420
2025-07-19,27,39.8,89,293_2420
2025-07-20,29,33.9,87,293_2420
2025-07-21,28,37.3,88,293_2420
2025-07-22,27,43.9,91,293_2420
2025-07-23,26,41.7,92,293_2420
2025-07-24,27,60.5,91,293_2420
2025-07-25,28,32.8,90,293_2420
2025-07-26,29,16.3,84,293_2420
2025-07-27,29,21.2,85,293_2420
2025-07-28,29,23.2,84,293_2420
2025-07-29,29,27.8,84,293_2420
2025-07-30,30,3.3,75,293_2420
2025-07-31,30,3.6,74,293_2420
2025-08-01,29,3.4,78,293_2420
2025-08-02,32,0.0,75,293_2420
2025-08-03,31,0.0,75,293_2420
2025-08-04,32,0.0,71,293_2420
2025-08-05,32,4.2,71,293_2420
2025-08-06,32,6.3,72,293_2420
2025-08-07,30,8.1,77,293_2420
2025-08-08,29,9.7,80,293_2420
2025-08-09,31,0.4,73,293_2420
2025-08-10,31,0.0,73,293_2420
2025-08-11,31,0.7,73,293_2420
2025-08-12,32,8.4,76,293_2420
2025-08-13,31,7.6,75,293_2420
2025-08-14,30,11.1,78,293_2420
2025-08-15,30,39.0,80,293_2420
2025-08-16,29,22.6,82,293_2420
2025-08-17,31,9.4,79,293_2420
2025-08-18,33,4.0,73,293_2420
2025-08-19,32,7.4,75,293_2420
2025-08-20,31,0.3,74,293_2420
2025-08-21,29,7.3,82,293_2420
2025-08-22,28,19.7,84,293_2420
2025-08-23,27,3.9,83,293_2420
2025-08-24,30,6.7,75,293_2420
2025-08-25,30,20.4,79,293_2420
2025-08-26,26,31.9,91,293_2420
2025-08-27,29,3.6,82,293_2420
2025-08-28,28,17.5,85,293_2420
2025-08-29,29,24.4,87,293_2420
2025-08-30,30,15.8,83,293_2420
2025-08-31,29,8.4,82,293_2420
2025-09-01,29,23.9,87,293_2420
2025-09-02,29,17.0,88,293_2420
2025-09-03,30,17.3,83,293_2420
2025-09-04,29,22.7,85,293_2420
2025-09-05,27,18.4,88,293_2420
2025-09-06,26,6.1,88,293_2420
2025-09-07,29,8.5,81,293_2420
2025-09-08,30,1.5,79,293_2420
2025-09-09,32,1.7,70,293_2420
2025-09-10,31,6.6,74,293_2420
2025-09-11,30,0.6,75,293_2420
2025-09-12,31,21.0,78,293_2420
2025-09-13,31,6.5,80,293_2420
2025-09-14,28,2.8,81,293_2420
2025-09-15,31,6.2,78,293_2420
2025-09-16,30,6.4,78,293_2420
2025-09-17,30,19.3,82,293_2420
2025-09-18,30,3.4,80,293_2420
2025-09-19,30,11.1,78,293_2420
2025-09-20,29,11.0,84,293_2420
2025-09-21,27,34.8,89,293_2420
2025-09-22,27,71.0,92,293_2420
2025-09-23,29,34.0,86,293_2420
2025-09-24,29,16.8,82,293_2420
2025-09-25,29,10.0,81,293_2420
2025-09-26,28,7.4,86,293_2420
2025-09-27,31,2.0,77,293_2420
2025-09-28,31,3.7,77,293_2420
2025-09-29,31,9.9,79,293_2420
2025-09-30,31,2.3,76,293_2420
2025-10-01,29,7.6,81,293_2420
2025-10-02,30,3.1,78,293_2420
2025-10-03,29,25.1,85,293_2420
2025-10-04,30,2.1,79,293_2420
2025-10-05,29,7.6,80,293_2420
2025-10-06,30,0.5,75,293_2420
2025-10-07,31,0.0,75,293_2420
2025-10-08,30,4.2,75,293_2420
2025-10-09,31,5.2,75,293_2420
2025-10-10,29,6.9,81,293_2420
2025-10-11,30,17.9,83,293_2420
2025-10-12,30,7.5,81,293_2420
2025-10-13,31,3.1,78,293_2420
2025-10-14,30,0.2,76,293_2420
2025-10-15,30,0.0,77,293_2420
2025-10-16,31,0.0,75,293_2420
2025-10-17,32,0.0,72,293_2420
2025-10-18,32,1.5,73,293_2420
2025-10-19,28,6.0,79,293_2420
2025-10-20,31,2.2,80,293_2420
2025-10-21,31,3.6,79,293_2420
2025-10-22,31,2.1,77,293_2420
2025-10-23,31,0.4,74,293_2420
2025-10-24,31,1.4,75,293_2420
2025-10-25,31,3.4,75,293_2420
2025-10-26,31,7.5,79,293_2420
2025-10-27,32,0.2,73,293_2420
2025-10-28,31,7.3,76,293_2420
2025-10-29,31,12.2,79,293_2420
2025-10-30,30,0.4,77,293_2420
2025-10-31,31,1.5,77,293_2420
2025-11-01,31,0.9,75,293_2420
2025-11-02,31,1.3,74,293_2420
2025-11-03,28,35.4,85,293_2420
2025-11-04,30,23.7,80,293_2420
2025-11-05,32,1.6,75,293_2420
2025-11-06,32,4.8,75,293_2420
2025-11-07,30,9.1,79,293_2420
2025-11-08,30,3.1,78,293_2420
2025-11-09,26,15.0,85,293_2420
2025-11-10,27,31.7,87,293_2420
2025-11-11,29,24.3,85,293_2420
2025-11-12,30,0.1,79,293_2420
2025-11-13,30,3.5,81,293_2420
2025-11-14,29,0.0,79,293_2420
2025-11-15,30,0.0,76,293_2420
2025-11-16,31,0.0,73,293_2420
2025-11-17,31,0.0,73,293_2420
2025-11-18,31,0.0,72,293_2420
2025-11-19,30,0.3,70,293_2420
2025-11-20,30,0.0,72,293_2420
2025-11-21,29,0.0,76,293_2420
2025-11-22,31,0.0,71,293_2420
2025-11-23,30,0.0,71,293_2420
2025-11-24,31,0.0,68,293_2420
2025-11-25,27,24.1,77,293_2420
2025-11-26,30,3.6,77,293_2420
2025-11-27,30,6.7,79,293_2420
2025-11-28,30,9.9,80,293_2420
2025-11-29,26,15.2,90,293_2420
2025-11-30,30,6.9,78,293_2420
2025-12-01,30,11.5,81,293_2420
2025-12-02,30,3.3,79,293_2420
2025-12-03,30,3.7,77,293_2420
2025-12-04,28,1.6,71,293_2420
2025-12-05,28,0.0,69,293_2420
2025-12-06,28,0.0,69,293_2420
2025-12-07,24,31.4,83,293_2420
2025-12-08,27,7.9,88,293_2420
2025-12-09,31,0.0,77,293_2420
2025-12-10,30,0.2,76,293_2420
2025-12-11,30,0.3,77,293_2420
2025-12-12,30,0.0,73,293_2420
2025-12-13,28,0.0,78,293_2420
2025-12-14,29,0.0,71,293_2420
2025-12-15,28,0.8,75,293_2420
2025-12-16,28,1.6,78,293_2420
2025-12-17,27,4.1,80,293_2420
2025-12-18,28,0.3,76,293_2420
2025-12-19,28,0.4,77,293_2420
2025-12-20,27,0.7,80,293_2420
2025-12-21,27,0.0,75,293_2420
2025-12-22,28,0.3,76,293_2420
2025-12-23,29,0.0,72,293_2420
2025-12-24,29,0.0,77,293_2420
2025-12-25,30,0.5,75,293_2420
2025-12-26,29,0.0,72,293_2420
2025-12-27,30,0.0,71,293_2420
2025-12-28,30,0.0,73,293_2420
2025-12-29,30,0.1,74,293_2420
2025-12-30,30,0.8,72,293_2420
2025-12-31,29,1.8,75,293_2420
2026-01-01,26,1.0,81,293_2420
2026-01-02,25,10.9,90,293_2420
2026-01-03,25,0.1,78,293_2420
2026-01-04,26,0.0,74,293_2420
2026-01-05,25,0.4,81,293_2420
2026-01-06,27,0.2,76,293_2420
2026-01-07,28,0.5,72,293_2420
2026-01-08,25,11.9,84,293_2420
2026-01-09,25,3.7,82,293_2420
2026-01-10,29,1.6,78,293_2420
2026-01-11,29,1.8,74,293_2420
2026-01-12,29,0.0,69,293_2420
2026-01-13,28,8.3,78,293_2420
2026-01-14,29,6.9,77,293_2420
2026-01-15,27,2.9,80,293_2420
2026-01-16,29,0.0,74,293_2420
2026-01-17,28,0.0,74,293_2420
2026-01-18,26,0.2,77,293_2420
2026-01-19,29,1.1,74,293_2420
2026-01-20,30,0.0,70,293_2420
2026-01-21,29,0.0,68,293_2420
2026-01-22,28,0.0,65,293_2420
2026-01-23,27,0.0,66,293_2420
2026-01-24,26,0.6,70,293_2420
2026-01-25,28,0.0,69,293_2420
2026-01-26,28,0.0,70,293_2420
2026-01-27,29,0.2,75,293_2420
2026-01-28,28,0.0,71,293_2420
2026-01-29,28,0.0,66,293_2420
2026-01-30,28,0.3,70,293_2420
2026-01-31,29,0.0,65,293_2420
2026-02-01,29,0.0,64,293_2420
2026-02-02,29,0.0,64,293_2420
2026-02-03,30,0.0,63,293_2420
2026-02-04,28,0.6,70,293_2420
2026-02-05,30,0.0,62,293_2420
2026-02-06,29,0.0,70,293_2420
2026-02-07,28,0.9,77,293_2420
2026-02-08,27,3.2,78,293_2420
2026-02-09,25,0.0,70,293_2420
2026-02-10,28,0.0,71,293_2420
2026-02-11,27,0.5,77,293_2420
2026-02-12,28,0.0,70,293_2420
2026-02-13,29,2.6,74,293_2420
2026-02-14,31,0.0,74,293_2420
2026-02-15,31,0.0,71,293_2420
2026-02-16,31,0.0,69,293_2420
2026-02-17,31,0.2,70,293_2420
2026-02-18,29,0.0,69,293_2420
2026-02-19,29,0.0,65,293_2420
2026-02-20,29,0.0,66,293_2420
2026-02-21,29,0.0,68,293_2420
2026-02-22,30,0.0,67,293_2420
2026-02-23,31,0.0,65,293_2420
2026-02-24,30,0.0,71,293_2420
2026-02-25,32,0.0,67,293_2420
2026-02-26,31,0.0,65,293_2420
2026-02-27,31,0.0,65,293_2420
2026-02-28,31,0.0,64,293_2420
2026-03-01,31,0.0,65,293_2420
2026-03-02,32,0.0,69,293_2420
2026-03-03,32,0.0,69,293_2420
2026-03-04,32,0.0,65,293_2420
2026-03-05,31,0.0,67,293_2420
2026-03-06,31,0.0,67,293_2420
2026-03-07,32,0.0,64,293_2420
2026-03-08,30,0.2,67,293_2420
2026-03-09,29,0.0,65,293_2420
2026-03-10,30,0.0,59,293_2420
2026-03-11,31,0.0,62,293_2420
2026-03-12,29,0.0,67,293_2420
2026-03-13,27,0.0,63,293_2420
2026-03-14,27,0.0,56,293_2420
2026-03-15,28,0.0,57,293_2420
2026-03-16,29,0.0,60,293_2420
2026-03-17,29,0.0,69,293_2420
2026-03-18,30,0.0,66,293_2420
2026-03-19,30,0.0,64,293_2420
2026-03-20,31,0.0,62,293_2420
2026-03-21,32,0.0,61,293_2420
2026-03-22,31,0.1,62,293_2420
2026-03-23,32,0.0,57,293_2420
2026-03-24,32,0.0,57,293_2420
2026-03-25,32,0.0,63,293_2420
2026-03-26,33,0.0,67,293_2420
2026-03-27,32,0.0,66,293_2420
2026-03-28,33,0.0,63,293_2420
2026-03-29,32,0.0,63,293_2420
2026-03-30,33,0.0,62,293_2420
2026-03-31,33,0.0,62,293_2420
2026-04-01,33,0.0,60,293_2420
2026-04-02,33,0.0,58,293_2420
2026-04-03,34,0.0,56,293_2420
2026-04-04,34,0.0,53,293_2420
2026-04-05,34,0.0,54,293_2420
2026-04-06,35,0.0,59,293_2420
2026-04-07,35,0.0,59,293_2420
2026-04-08,35,0.0,52,293_2420
2026-04-09,34,0.7,60,293_2420
2026-04-10,34,0.0,61,293_2420
2026-04-11,34,0.0,60,293_2420
2026-04-12,34,0.2,55,293_2420
2026-04-13,34,0.0,58,293_2420
2026-04-14,34,0.0,57,293_2420
2026-04-15,34,0.0,54,293_2420
2026-04-16,34,0.0,53,293_2420
2026-04-17,34,0.3,57,293_2420
2026-04-18,34,0.3,60,293_2420
2026-04-19,34,0.9,60,293_2420
2026-04-20,34,0.7,57,293_2420
2026-04-21,35,0.0,57,293_2420
2026-04-22,35,0.0,57,293_2420
2026-04-23,35,0.4,57,293_2420
2026-04-24,35,0.0,57,293_2420
2026-04-25,35,0.6,59,293_2420
2026-04-26,36,0.8,60,293_2420
2026-04-27,36,1.3,61,293_2420
2026-04-28,34,2.1,61,293_2420
2026-04-29,35,0.1,59,293_2420
2026-04-30,35,0.0,60,293_2420
2026-05-01,36,0.0,58,293_2420
2026-05-02,35,0.6,60,293_2420
2026-05-03,36,0.0,62,293_2420
2026-05-04,35,0.0,61,293_2420
2026-05-05,35,1.7,58,293_2420
2026-05-06,35,0.2,57,293_2420
2026-05-07,37,0.0,59,293_2420
2026-05-08,36,0.0,59,293_2420
2026-05-09,36,0.3,59,293_2420
2026-05-10,37,0.0,57,293_2420
2026-05-11,36,0.2,60,293_2420
2026-05-12,35,0.3,63,293_2420
2026-05-13,34,0.0,64,293_2420
2026-05-14,34,1.2,64,293_2420
2026-05-15,35,5.7,67,293_2420
2026-05-16,34,13.0,66,293_2420
2026-05-17,34,7.9,69,293_2420
2026-05-18,33,10.1,66,293_2420
2026-05-19,33,6.2,71,293_2420
2026-05-20,35,2.4,65,293_2420
2026-05-21,35,1.9,64,293_2420
2026-05-22,35,2.7,64,293_2420
2026-05-23,35,2.8,63,293_2420
2026-05-24,36,2.2,62,293_2420
2026-05-25,35,2.3,64,293_2420
2026-05-26,34,2.2,65,293_2420
2026-05-27,34,0.0,65,293_2420
2026-05-28,35,2.5,68,293_2420
2026-05-29,33,3.3,71,293_2420
2026-05-30,33,12.2,72,293_2420
2026-05-31,32,15.5,74,293_2420
2025-06-01,32,6.5,72,293_2421
2025-06-02,30,8.9,77,293_2421
2025-06-03,32,4.0,74,293_2421
2025-06-04,32,2.0,72,293_2421
2025-06-05,32,4.7,74,293_2421
2025-06-06,32,4.6,74,293_2421
2025-06-07,32,13.8,74,293_2421
2025-06-08,31,16.8,78,293_2421
2025-06-09,30,40.7,84,293_2421
2025-06-10,27,9.9,86,293_2421
2025-06-11,26,42.9,92,293_2421
2025-06-12,28,56.5,91,293_2421
2025-06-13,31,1.2,77,293_2421
2025-06-14,32,0.3,73,293_2421
2025-06-15,33,3.7,74,293_2421
2025-06-16,34,5.6,72,293_2421
2025-06-17,31,20.2,77,293_2421
2025-06-18,31,10.2,76,293_2421
2025-06-19,32,1.0,71,293_2421
2025-06-20,33,3.3,68,293_2421
2025-06-21,34,4.7,72,293_2421
2025-06-22,27,15.6,84,293_2421
2025-06-23,30,12.5,79,293_2421
2025-06-24,30,10.6,80,293_2421
2025-06-25,32,12.3,76,293_2421
2025-06-26,31,11.4,78,293_2421
2025-06-27,29,7.7,83,293_2421
2025-06-28,30,2.0,75,293_2421
2025-06-29,31,28.5,81,293_2421
2025-06-30,30,15.1,82,293_2421
2025-07-01,30,9.6,79,293_2421
2025-07-02,30,33.8,83,293_2421
2025-07-03,26,78.2,92,293_2421
2025-07-04,29,38.2,88,293_2421
2025-07-05,29,30.3,85,293_2421
2025-07-06,29,11.8,80,293_2421
2025-07-07,31,0.8,75,293_2421
2025-07-08,30,8.2,80,293_2421
2025-07-09,30,7.8,78,293_2421
2025-07-10,30,8.4,79,293_2421
2025-07-11,30,7.9,79,293_2421
2025-07-12,30,2.6,78,293_2421
2025-07-13,30,4.6,79,293_2421
2025-07-14,31,0.5,75,293_2421
2025-07-15,31,1.2,76,293_2421
2025-07-16,30,3.3,78,293_2421
2025-07-17,29,22.1,83,293_2421
2025-07-18,27,37.3,89,293_2421
2025-07-19,27,40.2,89,293_2421
2025-07-20,29,34.3,87,293_2421
2025-07-21,28,37.2,88,293_2421
2025-07-22,27,43.6,91,293_2421
2025-07-23,26,41.4,92,293_2421
2025-07-24,27,60.3,91,293_2421
2025-07-25,28,33.2,90,293_2421
2025-07-26,29,16.4,84,293_2421
2025-07-27,29,21.2,85,293_2421
2025-07-28,29,23.2,84,293_2421
2025-07-29,29,27.7,84,293_2421
2025-07-30,30,3.2,75,293_2421
2025-07-31,30,3.6,74,293_2421
2025-08-01,30,3.5,79,293_2421
2025-08-02,32,0.0,75,293_2421
2025-08-03,31,0.0,75,293_2421
2025-08-04,32,0.0,71,293_2421
2025-08-05,32,4.4,72,293_2421
2025-08-06,32,6.2,73,293_2421
2025-08-07,30,8.4,78,293_2421
2025-08-08,29,10.0,81,293_2421
2025-08-09,31,0.4,73,293_2421
2025-08-10,31,0.0,73,293_2421
2025-08-11,31,0.6,74,293_2421
2025-08-12,31,8.4,76,293_2421
2025-08-13,31,7.7,76,293_2421
2025-08-14,30,11.0,78,293_2421
2025-08-15,30,39.4,80,293_2421
2025-08-16,29,22.3,82,293_2421
2025-08-17,31,9.3,79,293_2421
2025-08-18,33,3.8,73,293_2421
2025-08-19,32,7.4,75,293_2421
2025-08-20,31,0.3,75,293_2421
2025-08-21,29,7.3,82,293_2421
2025-08-22,29,19.3,85,293_2421
2025-08-23,27,3.8,83,293_2421
2025-08-24,30,6.7,75,293_2421
2025-08-25,30,20.5,79,293_2421
2025-08-26,26,33.0,91,293_2421
2025-08-27,29,3.8,83,293_2421
2025-08-28,28,17.5,85,293_2421
2025-08-29,29,24.9,87,293_2421
2025-08-30,30,16.3,83,293_2421
2025-08-31,29,8.5,83,293_2421
2025-09-01,29,23.9,87,293_2421
2025-09-02,29,16.9,88,293_2421
2025-09-03,30,17.0,83,293_2421
2025-09-04,29,22.6,85,293_2421
2025-09-05,27,18.2,88,293_2421
2025-09-06,26,6.2,88,293_2421
2025-09-07,29,8.4,82,293_2421
2025-09-08,30,1.4,79,293_2421
2025-09-09,32,1.7,70,293_2421
2025-09-10,31,6.3,74,293_2421
2025-09-11,30,0.5,76,293_2421
2025-09-12,31,21.1,79,293_2421
2025-09-13,31,6.6,80,293_2421
2025-09-14,28,2.6,82,293_2421
2025-09-15,31,6.0,79,293_2421
2025-09-16,30,6.3,78,293_2421
2025-09-17,30,19.8,82,293_2421
2025-09-18,30,3.7,81,293_2421
2025-09-19,30,10.7,78,293_2421
2025-09-20,29,11.0,84,293_2421
2025-09-21,27,34.2,89,293_2421
2025-09-22,27,70.8,92,293_2421
2025-09-23,29,34.3,86,293_2421
2025-09-24,29,16.8,82,293_2421
2025-09-25,29,9.8,81,293_2421
2025-09-26,28,7.5,86,293_2421
2025-09-27,31,1.8,77,293_2421
2025-09-28,31,3.6,77,293_2421
2025-09-29,31,9.7,79,293_2421
2025-09-30,31,2.2,76,293_2421
2025-10-01,29,7.9,82,293_2421
2025-10-02,30,3.2,78,293_2421
2025-10-03,29,25.1,85,293_2421
2025-10-04,30,2.3,79,293_2421
2025-10-05,29,7.5,80,293_2421
2025-10-06,30,0.7,75,293_2421
2025-10-07,31,0.0,75,293_2421
2025-10-08,30,4.4,76,293_2421
2025-10-09,31,5.0,75,293_2421
2025-10-10,29,7.1,81,293_2421
2025-10-11,30,18.0,84,293_2421
2025-10-12,30,7.7,81,293_2421
2025-10-13,31,3.0,79,293_2421
2025-10-14,30,0.2,77,293_2421
2025-10-15,30,0.0,77,293_2421
2025-10-16,31,0.0,75,293_2421
2025-10-17,32,0.0,72,293_2421
2025-10-18,32,1.5,73,293_2421
2025-10-19,28,6.1,80,293_2421
2025-10-20,31,2.0,80,293_2421
2025-10-21,31,3.5,79,293_2421
2025-10-22,31,2.2,77,293_2421
2025-10-23,31,0.4,74,293_2421
2025-10-24,31,1.4,75,293_2421
2025-10-25,31,3.4,76,293_2421
2025-10-26,31,7.5,79,293_2421
2025-10-27,32,0.2,73,293_2421
2025-10-28,31,7.3,76,293_2421
2025-10-29,31,12.0,79,293_2421
2025-10-30,30,0.4,78,293_2421
2025-10-31,31,1.5,77,293_2421
2025-11-01,31,0.8,76,293_2421
2025-11-02,31,1.3,74,293_2421
2025-11-03,28,35.4,85,293_2421
2025-11-04,30,23.9,81,293_2421
2025-11-05,32,1.6,75,293_2421
2025-11-06,32,4.8,75,293_2421
2025-11-07,30,9.0,79,293_2421
2025-11-08,30,3.0,79,293_2421
2025-11-09,26,15.4,85,293_2421
2025-11-10,27,31.7,87,293_2421
2025-11-11,29,24.7,85,293_2421
2025-11-12,30,0.1,79,293_2421
2025-11-13,30,3.4,81,293_2421
2025-11-14,29,0.0,79,293_2421
2025-11-15,30,0.0,76,293_2421
2025-11-16,31,0.0,73,293_2421
2025-11-17,31,0.0,73,293_2421
2025-11-18,31,0.0,72,293_2421
2025-11-19,30,0.3,70,293_2421
2025-11-20,30,0.0,72,293_2421
2025-11-21,29,0.0,77,293_2421
2025-11-22,30,0.0,72,293_2421
2025-11-23,30,0.0,72,293_2421
2025-11-24,31,0.0,69,293_2421
2025-11-25,27,24.2,77,293_2421
2025-11-26,30,3.6,78,293_2421
2025-11-27,30,6.6,79,293_2421
2025-11-28,30,9.6,80,293_2421
2025-11-29,26,15.6,90,293_2421
2025-11-30,30,6.7,79,293_2421
2025-12-01,30,11.9,82,293_2421
2025-12-02,30,3.5,80,293_2421
2025-12-03,30,3.7,77,293_2421
2025-12-04,28,1.6,72,293_2421
2025-12-05,28,0.0,70,293_2421
2025-12-06,28,0.0,69,293_2421
2025-12-07,24,32.0,83,293_2421
2025-12-08,27,7.9,88,293_2421
2025-12-09,31,0.0,77,293_2421
2025-12-10,30,0.3,77,293_2421
2025-12-11,30,0.3,78,293_2421
2025-12-12,30,0.0,74,293_2421
2025-12-13,28,0.0,79,293_2421
2025-12-14,29,0.0,72,293_2421
2025-12-15,28,0.8,75,293_2421
2025-12-16,28,1.7,78,293_2421
2025-12-17,27,4.1,80,293_2421
2025-12-18,28,0.3,77,293_2421
2025-12-19,28,0.4,77,293_2421
2025-12-20,27,0.7,80,293_2421
2025-12-21,27,0.0,75,293_2421
2025-12-22,28,0.4,76,293_2421
2025-12-23,29,0.0,73,293_2421
2025-12-24,29,0.0,78,293_2421
2025-12-25,30,0.5,75,293_2421
2025-12-26,29,0.0,73,293_2421
2025-12-27,30,0.0,71,293_2421
2025-12-28,30,0.0,74,293_2421
2025-12-29,30,0.1,74,293_2421
2025-12-30,30,0.8,73,293_2421
2025-12-31,29,1.6,75,293_2421
2026-01-01,26,1.0,81,293_2421
2026-01-02,25,10.9,90,293_2421
2026-01-03,25,0.1,78,293_2421
2026-01-04,26,0.0,75,293_2421
2026-01-05,25,0.4,81,293_2421
2026-01-06,27,0.2,77,293_2421
2026-01-07,28,0.5,73,293_2421
2026-01-08,25,12.1,84,293_2421
2026-01-09,25,3.7,83,293_2421
2026-01-10,29,1.6,78,293_2421
2026-01-11,29,1.6,74,293_2421
2026-01-12,29,0.0,70,293_2421
2026-01-13,28,8.6,78,293_2421
2026-01-14,29,6.5,78,293_2421
2026-01-15,27,2.9,80,293_2421
2026-01-16,29,0.0,74,293_2421
2026-01-17,28,0.0,75,293_2421
2026-01-18,26,0.2,77,293_2421
2026-01-19,29,1.1,74,293_2421
2026-01-20,30,0.0,70,293_2421
2026-01-21,29,0.0,69,293_2421
2026-01-22,27,0.0,65,293_2421
2026-01-23,27,0.0,67,293_2421
2026-01-24,26,0.6,70,293_2421
2026-01-25,27,0.0,70,293_2421
2026-01-26,28,0.0,70,293_2421
2026-01-27,28,0.2,76,293_2421
2026-01-28,28,0.0,71,293_2421
2026-01-29,28,0.0,67,293_2421
2026-01-30,28,0.3,71,293_2421
2026-01-31,29,0.0,65,293_2421
2026-02-01,29,0.0,64,293_2421
2026-02-02,29,0.0,64,293_2421
2026-02-03,30,0.0,63,293_2421
2026-02-04,28,0.6,71,293_2421
2026-02-05,30,0.0,63,293_2421
2026-02-06,29,0.0,70,293_2421
2026-02-07,28,0.9,78,293_2421
2026-02-08,27,3.2,78,293_2421
2026-02-09,25,0.0,70,293_2421
2026-02-10,28,0.0,71,293_2421
2026-02-11,27,0.5,78,293_2421
2026-02-12,28,0.0,71,293_2421
2026-02-13,29,2.5,74,293_2421
2026-02-14,31,0.0,74,293_2421
2026-02-15,31,0.0,71,293_2421
2026-02-16,31,0.0,70,293_2421
2026-02-17,31,0.2,71,293_2421
2026-02-18,29,0.0,69,293_2421
2026-02-19,29,0.0,65,293_2421
2026-02-20,29,0.0,66,293_2421
2026-02-21,29,0.0,69,293_2421
2026-02-22,30,0.0,67,293_2421
2026-02-23,30,0.0,66,293_2421
2026-02-24,30,0.0,71,293_2421
2026-02-25,32,0.0,68,293_2421
2026-02-26,31,0.0,65,293_2421
2026-02-27,31,0.0,65,293_2421
2026-02-28,31,0.0,65,293_2421
2026-03-01,31,0.0,66,293_2421
2026-03-02,32,0.0,69,293_2421
2026-03-03,32,0.0,69,293_2421
2026-03-04,32,0.0,65,293_2421
2026-03-05,31,0.0,67,293_2421
2026-03-06,31,0.0,68,293_2421
2026-03-07,32,0.0,65,293_2421
2026-03-08,30,0.2,67,293_2421
2026-03-09,29,0.0,65,293_2421
2026-03-10,30,0.0,60,293_2421
2026-03-11,30,0.0,63,293_2421
2026-03-12,29,0.0,67,293_2421
2026-03-13,27,0.0,63,293_2421
2026-03-14,27,0.0,57,293_2421
2026-03-15,28,0.0,58,293_2421
2026-03-16,29,0.0,60,293_2421
2026-03-17,29,0.0,70,293_2421
2026-03-18,30,0.0,67,293_2421
2026-03-19,30,0.0,65,293_2421
2026-03-20,31,0.0,63,293_2421
2026-03-21,32,0.0,61,293_2421
2026-03-22,31,0.0,62,293_2421
2026-03-23,32,0.0,58,293_2421
2026-03-24,32,0.0,58,293_2421
2026-03-25,32,0.0,63,293_2421
2026-03-26,33,0.0,67,293_2421
2026-03-27,32,0.0,67,293_2421
2026-03-28,33,0.0,64,293_2421
2026-03-29,32,0.0,63,293_2421
2026-03-30,33,0.0,63,293_2421
2026-03-31,33,0.0,62,293_2421
2026-04-01,33,0.0,60,293_2421
2026-04-02,33,0.0,59,293_2421
2026-04-03,34,0.0,56,293_2421
2026-04-04,34,0.0,54,293_2421
2026-04-05,34,0.0,54,293_2421
2026-04-06,35,0.0,59,293_2421
2026-04-07,35,0.0,59,293_2421
2026-04-08,35,0.0,52,293_2421
2026-04-09,34,0.7,60,293_2421
2026-04-10,34,0.0,62,293_2421
2026-04-11,34,0.0,60,293_2421
2026-04-12,34,0.2,56,293_2421
2026-04-13,34,0.0,58,293_2421
2026-04-14,34,0.0,57,293_2421
2026-04-15,34,0.0,54,293_2421
2026-04-16,34,0.0,54,293_2421
2026-04-17,34,0.3,58,293_2421
2026-04-18,34,0.3,60,293_2421
2026-04-19,34,0.9,61,293_2421
2026-04-20,35,0.7,58,293_2421
2026-04-21,35,0.0,57,293_2421
2026-04-22,35,0.0,57,293_2421
2026-04-23,35,0.4,58,293_2421
2026-04-24,35,0.0,57,293_2421
2026-04-25,35,0.6,59,293_2421
2026-04-26,36,0.8,60,293_2421
2026-04-27,36,1.3,62,293_2421
2026-04-28,34,2.1,61,293_2421
2026-04-29,35,0.1,59,293_2421
2026-04-30,35,0.0,60,293_2421
2026-05-01,36,0.0,59,293_2421
2026-05-02,35,0.6,61,293_2421
2026-05-03,36,0.0,62,293_2421
2026-05-04,35,0.0,61,293_2421
2026-05-05,35,1.7,58,293_2421
2026-05-06,35,0.2,57,293_2421
2026-05-07,37,0.0,59,293_2421
2026-05-08,36,0.0,59,293_2421
2026-05-09,36,0.3,60,293_2421
2026-05-10,37,0.0,57,293_2421
2026-05-11,36,0.2,61,293_2421
2026-05-12,35,0.3,63,293_2421
2026-05-13,34,0.0,64,293_2421
2026-05-14,34,1.2,65,293_2421
2026-05-15,35,5.7,68,293_2421
2026-05-16,34,13.0,66,293_2421
2026-05-17,34,7.9,69,293_2421
2026-05-18,33,10.1,67,293_2421
2026-05-19,32,6.2,72,293_2421
2026-05-20,35,2.4,66,293_2421
2026-05-21,35,1.9,64,293_2421
2026-05-22,35,2.7,64,293_2421
2026-05-23,35,2.8,63,293_2421
2026-05-24,36,2.2,62,293_2421
2026-05-25,35,2.3,64,293_2421
2026-05-26,34,2.2,65,293_2421
2026-05-27,34,0.0,65,293_2421
2026-05-28,35,2.5,68,293_2421
2026-05-29,34,3.3,67,293_2421
2026-05-30,33,12.1,73,293_2421
2026-05-31,32,15.4,74,293_2421
2025-06-01,32,6.5,72,293_2422
2025-06-02,30,8.9,77,293_2422
2025-06-03,32,4.0,74,293_2422
2025-06-04,32,2.0,72,293_2422
2025-06-05,32,4.7,74,293_2422
2025-06-06,32,4.6,74,293_2422
2025-06-07,32,13.8,74,293_2422
2025-06-08,30,18.9,78,293_2422
2025-06-09,30,40.5,84,293_2422
2025-06-10,27,9.9,86,293_2422
2025-06-11,26,34.2,91,293_2422
2025-06-12,28,49.8,90,293_2422
2025-06-13,31,1.2,77,293_2422
2025-06-14,32,0.3,73,293_2422
2025-06-15,33,3.2,75,293_2422
2025-06-16,34,5.7,73,293_2422
2025-06-17,31,20.2,77,293_2422
2025-06-18,31,9.1,76,293_2422
2025-06-19,32,0.7,72,293_2422
2025-06-20,33,3.3,68,293_2422
2025-06-21,34,4.7,72,293_2422
2025-06-22,27,15.6,84,293_2422
2025-06-23,30,12.5,79,293_2422
2025-06-24,30,10.6,80,293_2422
2025-06-25,31,13.6,77,293_2422
2025-06-26,31,11.4,78,293_2422
2025-06-27,29,7.2,84,293_2422
2025-06-28,30,2.0,75,293_2422
2025-06-29,30,28.3,82,293_2422
2025-06-30,30,15.1,82,293_2422
2025-07-01,30,9.6,79,293_2422
2025-07-02,30,34.0,84,293_2422
2025-07-03,26,78.2,92,293_2422
2025-07-04,29,38.2,88,293_2422
2025-07-05,29,30.3,85,293_2422
2025-07-06,30,9.5,80,293_2422
2025-07-07,31,0.7,76,293_2422
2025-07-08,30,8.2,80,293_2422
2025-07-09,30,6.8,79,293_2422
2025-07-10,30,7.0,79,293_2422
2025-07-11,30,5.8,79,293_2422
2025-07-12,30,2.3,78,293_2422
2025-07-13,30,4.6,79,293_2422
2025-07-14,31,0.5,75,293_2422
2025-07-15,31,1.3,77,293_2422
2025-07-16,30,3.7,79,293_2422
2025-07-17,29,22.1,83,293_2422
2025-07-18,27,37.3,89,293_2422
2025-07-19,27,38.2,89,293_2422
2025-07-20,29,34.3,87,293_2422
2025-07-21,28,35.0,88,293_2422
2025-07-22,27,41.1,91,293_2422
2025-07-23,26,41.4,92,293_2422
2025-07-24,27,60.3,91,293_2422
2025-07-25,28,33.2,90,293_2422
2025-07-26,29,13.4,84,293_2422
2025-07-27,29,18.3,85,293_2422
2025-07-28,29,23.2,84,293_2422
2025-07-29,29,27.7,84,293_2422
2025-07-30,30,1.9,74,293_2422
2025-07-31,30,2.2,74,293_2422
2025-08-01,30,2.4,78,293_2422
2025-08-02,31,0.0,76,293_2422
2025-08-03,31,0.0,75,293_2422
2025-08-04,32,0.0,71,293_2422
2025-08-05,32,4.4,72,293_2422
2025-08-06,31,5.9,73,293_2422
2025-08-07,30,9.6,79,293_2422
2025-08-08,29,10.0,81,293_2422
2025-08-09,30,0.1,74,293_2422
2025-08-10,31,0.0,73,293_2422
2025-08-11,31,0.5,75,293_2422
2025-08-12,31,9.5,77,293_2422
2025-08-13,31,7.7,76,293_2422
2025-08-14,30,11.0,78,293_2422
2025-08-15,29,33.6,81,293_2422
2025-08-16,29,22.3,82,293_2422
2025-08-17,31,9.3,79,293_2422
2025-08-18,33,3.0,74,293_2422
2025-08-19,32,7.9,75,293_2422
2025-08-20,31,0.3,75,293_2422
2025-08-21,29,7.3,82,293_2422
2025-08-22,28,17.8,84,293_2422
2025-08-23,27,3.9,83,293_2422
2025-08-24,30,6.7,75,293_2422
2025-08-25,30,20.5,79,293_2422
2025-08-26,26,33.0,91,293_2422
2025-08-27,29,5.4,83,293_2422
2025-08-28,28,17.1,85,293_2422
2025-08-29,29,24.9,87,293_2422
2025-08-30,30,16.3,83,293_2422
2025-08-31,29,9.3,83,293_2422
2025-09-01,29,23.9,87,293_2422
2025-09-02,29,16.9,88,293_2422
2025-09-03,30,17.0,83,293_2422
2025-09-04,29,22.6,85,293_2422
2025-09-05,27,18.2,88,293_2422
2025-09-06,26,6.2,88,293_2422
2025-09-07,29,8.4,82,293_2422
2025-09-08,29,1.3,79,293_2422
2025-09-09,32,1.7,70,293_2422
2025-09-10,31,5.3,74,293_2422
2025-09-11,30,0.5,76,293_2422
2025-09-12,31,21.1,79,293_2422
2025-09-13,31,6.6,80,293_2422
2025-09-14,28,2.6,82,293_2422
2025-09-15,30,5.5,79,293_2422
2025-09-16,30,6.3,78,293_2422
2025-09-17,30,19.8,82,293_2422
2025-09-18,29,4.7,81,293_2422
2025-09-19,30,10.1,79,293_2422
2025-09-20,29,11.0,84,293_2422
2025-09-21,27,34.2,89,293_2422
2025-09-22,27,68.0,92,293_2422
2025-09-23,29,30.9,85,293_2422
2025-09-24,29,15.5,81,293_2422
2025-09-25,29,9.8,81,293_2422
2025-09-26,28,8.7,86,293_2422
2025-09-27,31,1.8,77,293_2422
2025-09-28,31,3.6,77,293_2422
2025-09-29,31,9.7,79,293_2422
2025-09-30,31,1.7,76,293_2422
2025-10-01,29,7.9,82,293_2422
2025-10-02,30,3.7,79,293_2422
2025-10-03,29,25.1,85,293_2422
2025-10-04,30,2.3,79,293_2422
2025-10-05,29,8.6,81,293_2422
2025-10-06,30,0.8,76,293_2422
2025-10-07,31,0.0,75,293_2422
2025-10-08,30,4.4,76,293_2422
2025-10-09,31,5.0,75,293_2422
2025-10-10,29,7.1,81,293_2422
2025-10-11,29,19.7,84,293_2422
2025-10-12,30,6.3,81,293_2422
2025-10-13,31,3.0,79,293_2422
2025-10-14,29,0.4,78,293_2422
2025-10-15,30,0.0,79,293_2422
2025-10-16,31,0.0,75,293_2422
2025-10-17,32,0.0,72,293_2422
2025-10-18,32,1.8,74,293_2422
2025-10-19,28,6.4,81,293_2422
2025-10-20,31,1.8,81,293_2422
2025-10-21,31,3.5,79,293_2422
2025-10-22,31,2.0,77,293_2422
2025-10-23,31,0.2,75,293_2422
2025-10-24,31,1.4,75,293_2422
2025-10-25,31,3.4,76,293_2422
2025-10-26,31,7.5,79,293_2422
2025-10-27,32,0.2,73,293_2422
2025-10-28,31,7.3,76,293_2422
2025-10-29,31,12.0,79,293_2422
2025-10-30,30,0.4,78,293_2422
2025-10-31,31,1.2,78,293_2422
2025-11-01,31,0.8,76,293_2422
2025-11-02,31,1.8,76,293_2422
2025-11-03,28,35.4,85,293_2422
2025-11-04,30,23.9,81,293_2422
2025-11-05,32,1.6,75,293_2422
2025-11-06,32,3.0,76,293_2422
2025-11-07,30,8.1,79,293_2422
2025-11-08,30,2.9,79,293_2422
2025-11-09,26,17.3,85,293_2422
2025-11-10,27,31.7,87,293_2422
2025-11-11,29,23.3,85,293_2422
2025-11-12,30,0.1,79,293_2422
2025-11-13,29,2.9,82,293_2422
2025-11-14,29,0.0,79,293_2422
2025-11-15,30,0.0,77,293_2422
2025-11-16,31,0.0,73,293_2422
2025-11-17,31,0.0,75,293_2422
2025-11-18,31,0.0,72,293_2422
2025-11-19,30,0.3,70,293_2422
2025-11-20,30,0.0,72,293_2422
2025-11-21,28,0.0,78,293_2422
2025-11-22,30,0.0,72,293_2422
2025-11-23,30,0.0,72,293_2422
2025-11-24,31,0.0,69,293_2422
2025-11-25,27,24.2,77,293_2422
2025-11-26,30,3.6,78,293_2422
2025-11-27,30,6.6,79,293_2422
2025-11-28,30,7.9,80,293_2422
2025-11-29,26,15.6,90,293_2422
2025-11-30,30,6.7,79,293_2422
2025-12-01,29,12.8,82,293_2422
2025-12-02,30,3.5,80,293_2422
2025-12-03,30,3.7,77,293_2422
2025-12-04,28,1.6,72,293_2422
2025-12-05,28,0.0,71,293_2422
2025-12-06,28,0.0,70,293_2422
2025-12-07,24,32.0,83,293_2422
2025-12-08,27,7.9,88,293_2422
2025-12-09,31,0.0,77,293_2422
2025-12-10,30,0.3,77,293_2422
2025-12-11,30,0.3,78,293_2422
2025-12-12,30,0.0,74,293_2422
2025-12-13,28,0.0,79,293_2422
2025-12-14,29,0.0,72,293_2422
2025-12-15,28,0.8,75,293_2422
2025-12-16,28,1.7,78,293_2422
2025-12-17,27,4.1,80,293_2422
2025-12-18,28,0.3,77,293_2422
2025-12-19,27,0.4,78,293_2422
2025-12-20,27,0.7,80,293_2422
2025-12-21,27,0.0,75,293_2422
2025-12-22,28,0.4,76,293_2422
2025-12-23,29,0.0,74,293_2422
2025-12-24,28,0.1,79,293_2422
2025-12-25,30,0.5,75,293_2422
2025-12-26,29,0.0,74,293_2422
2025-12-27,30,0.0,71,293_2422
2025-12-28,30,0.0,74,293_2422
2025-12-29,30,0.1,74,293_2422
2025-12-30,30,0.8,73,293_2422
2025-12-31,29,1.3,76,293_2422
2026-01-01,26,1.0,82,293_2422
2026-01-02,25,9.1,88,293_2422
2026-01-03,25,0.5,79,293_2422
2026-01-04,26,0.0,75,293_2422
2026-01-05,25,0.4,81,293_2422
2026-01-06,27,0.2,77,293_2422
2026-01-07,28,0.5,73,293_2422
2026-01-08,25,12.1,84,293_2422
2026-01-09,25,4.4,83,293_2422
2026-01-10,29,1.6,78,293_2422
2026-01-11,29,1.5,75,293_2422
2026-01-12,29,0.0,70,293_2422
2026-01-13,28,8.6,78,293_2422
2026-01-14,29,6.5,78,293_2422
2026-01-15,27,2.9,80,293_2422
2026-01-16,29,0.0,74,293_2422
2026-01-17,28,0.0,76,293_2422
2026-01-18,26,0.2,77,293_2422
2026-01-19,29,0.6,75,293_2422
2026-01-20,30,0.0,70,293_2422
2026-01-21,29,0.2,70,293_2422
2026-01-22,27,0.0,67,293_2422
2026-01-23,27,0.0,69,293_2422
2026-01-24,26,0.6,70,293_2422
2026-01-25,27,0.0,70,293_2422
2026-01-26,28,0.0,72,293_2422
2026-01-27,28,0.2,76,293_2422
2026-01-28,28,0.0,73,293_2422
2026-01-29,28,0.0,67,293_2422
2026-01-30,28,0.3,71,293_2422
2026-01-31,29,0.0,65,293_2422
2026-02-01,28,0.0,66,293_2422
2026-02-02,29,0.0,64,293_2422
2026-02-03,30,0.0,63,293_2422
2026-02-04,28,0.6,71,293_2422
2026-02-05,30,0.0,63,293_2422
2026-02-06,29,0.0,70,293_2422
2026-02-07,28,0.9,78,293_2422
2026-02-08,27,3.2,78,293_2422
2026-02-09,25,0.0,70,293_2422
2026-02-10,28,0.0,71,293_2422
2026-02-11,27,0.5,78,293_2422
2026-02-12,28,0.0,71,293_2422
2026-02-13,29,2.5,74,293_2422
2026-02-14,31,0.0,74,293_2422
2026-02-15,31,0.0,71,293_2422
2026-02-16,31,0.0,72,293_2422
2026-02-17,31,0.2,71,293_2422
2026-02-18,29,0.0,69,293_2422
2026-02-19,29,0.0,67,293_2422
2026-02-20,29,0.0,66,293_2422
2026-02-21,29,0.0,69,293_2422
2026-02-22,30,0.0,67,293_2422
2026-02-23,30,0.0,68,293_2422
2026-02-24,30,0.0,71,293_2422
2026-02-25,32,0.0,68,293_2422
2026-02-26,31,0.0,65,293_2422
2026-02-27,31,0.0,68,293_2422
2026-02-28,31,0.0,65,293_2422
2026-03-01,31,0.0,66,293_2422
2026-03-02,32,0.0,69,293_2422
2026-03-03,32,0.0,69,293_2422
2026-03-04,32,0.0,65,293_2422
2026-03-05,31,0.0,67,293_2422
2026-03-06,31,0.0,68,293_2422
2026-03-07,32,0.0,65,293_2422
2026-03-08,30,0.2,67,293_2422
2026-03-09,29,0.1,67,293_2422
2026-03-10,30,0.0,60,293_2422
2026-03-11,30,0.0,63,293_2422
2026-03-12,29,0.0,69,293_2422
2026-03-13,27,0.0,63,293_2422
2026-03-14,27,0.0,57,293_2422
2026-03-15,28,0.0,59,293_2422
2026-03-16,29,0.0,62,293_2422
2026-03-17,29,0.0,70,293_2422
2026-03-18,30,0.0,67,293_2422
2026-03-19,30,0.0,65,293_2422
2026-03-20,31,0.0,63,293_2422
2026-03-21,32,0.0,61,293_2422
2026-03-22,31,0.0,62,293_2422
2026-03-23,31,0.0,60,293_2422
2026-03-24,31,0.0,60,293_2422
2026-03-25,32,0.0,63,293_2422
2026-03-26,33,0.0,67,293_2422
2026-03-27,32,0.0,67,293_2422
2026-03-28,33,0.0,64,293_2422
2026-03-29,32,0.0,66,293_2422
2026-03-30,33,0.0,63,293_2422
2026-03-31,33,0.0,62,293_2422
2026-04-01,33,0.0,60,293_2422
2026-04-02,34,0.0,62,293_2422
2026-04-03,34,0.0,56,293_2422
2026-04-04,34,0.0,56,293_2422
2026-04-05,34,0.0,54,293_2422
2026-04-06,35,0.0,59,293_2422
2026-04-07,35,0.0,62,293_2422
2026-04-08,35,0.0,52,293_2422
2026-04-09,34,0.7,60,293_2422
2026-04-10,34,0.1,64,293_2422
2026-04-11,34,0.0,60,293_2422
2026-04-12,34,0.3,58,293_2422
2026-04-13,34,0.0,58,293_2422
2026-04-14,33,0.1,60,293_2422
2026-04-15,33,0.0,57,293_2422
2026-04-16,34,0.0,57,293_2422
2026-04-17,34,0.3,58,293_2422
2026-04-18,33,0.3,62,293_2422
2026-04-19,34,0.9,61,293_2422
2026-04-20,34,0.5,60,293_2422
2026-04-21,35,0.0,57,293_2422
2026-04-22,35,0.0,57,293_2422
2026-04-23,35,0.4,58,293_2422
2026-04-24,35,0.0,57,293_2422
2026-04-25,35,0.6,59,293_2422
2026-04-26,36,0.8,60,293_2422
2026-04-27,36,1.3,62,293_2422
2026-04-28,34,2.1,61,293_2422
2026-04-29,35,0.1,59,293_2422
2026-04-30,35,0.0,60,293_2422
2026-05-01,36,0.0,59,293_2422
2026-05-02,35,0.6,61,293_2422
2026-05-03,36,0.0,62,293_2422
2026-05-04,35,0.0,61,293_2422
2026-05-05,35,1.7,58,293_2422
2026-05-06,36,0.0,60,293_2422
2026-05-07,37,0.0,59,293_2422
2026-05-08,36,0.0,59,293_2422
2026-05-09,36,2.0,63,293_2422
2026-05-10,37,0.3,61,293_2422
2026-05-11,36,0.2,61,293_2422
2026-05-12,35,0.3,63,293_2422
2026-05-13,34,0.0,66,293_2422
2026-05-14,35,2.7,66,293_2422
2026-05-15,35,3.3,70,293_2422
2026-05-16,34,14.8,68,293_2422
2026-05-17,34,7.9,69,293_2422
2026-05-18,33,6.5,69,293_2422
2026-05-19,32,6.2,72,293_2422
2026-05-20,35,2.4,66,293_2422
2026-05-21,35,1.9,64,293_2422
2026-05-22,35,2.7,64,293_2422
2026-05-23,35,2.8,63,293_2422
2026-05-24,36,2.2,62,293_2422
2026-05-25,35,3.9,65,293_2422
2026-05-26,34,2.2,65,293_2422
2026-05-27,35,0.3,67,293_2422
2026-05-28,35,2.5,68,293_2422
2026-05-29,34,3.3,67,293_2422
2026-05-30,33,12.1,73,293_2422
2026-05-31,32,15.4,74,293_2422
2025-06-01,32,6.5,72,293_2423
2025-06-02,30,8.9,77,293_2423
2025-06-03,32,4.0,74,293_2423
2025-06-04,32,2.0,72,293_2423
2025-06-05,32,4.7,74,293_2423
2025-06-06,32,5.5,75,293_2423
2025-06-07,32,13.8,74,293_2423
2025-06-08,31,16.8,78,293_2423
2025-06-09,30,40.7,84,293_2423
2025-06-10,27,9.9,86,293_2423
2025-06-11,26,42.9,92,293_2423
2025-06-12,28,49.8,90,293_2423
2025-06-13,30,1.1,77,293_2423
2025-06-14,32,0.3,73,293_2423
2025-06-15,33,3.7,74,293_2423
2025-06-16,34,5.7,73,293_2423
2025-06-17,30,19.8,78,293_2423
2025-06-18,31,10.2,76,293_2423
2025-06-19,32,1.0,71,293_2423
2025-06-20,33,4.1,70,293_2423
2025-06-21,34,4.7,72,293_2423
2025-06-22,27,14.9,84,293_2423
2025-06-23,30,12.5,79,293_2423
2025-06-24,30,10.6,80,293_2423
2025-06-25,31,13.6,77,293_2423
2025-06-26,31,12.2,78,293_2423
2025-06-27,29,7.2,84,293_2423
2025-06-28,30,2.0,75,293_2423
2025-06-29,30,28.3,82,293_2423
2025-06-30,30,15.1,82,293_2423
2025-07-01,30,10.2,80,293_2423
2025-07-02,30,33.8,83,293_2423
2025-07-03,26,75.3,92,293_2423
2025-07-04,29,34.1,87,293_2423
2025-07-05,29,30.3,85,293_2423
2025-07-06,30,9.5,80,293_2423
2025-07-07,31,0.8,75,293_2423
2025-07-08,30,6.3,81,293_2423
2025-07-09,30,6.8,79,293_2423
2025-07-10,30,8.4,79,293_2423
2025-07-11,30,7.9,79,293_2423
2025-07-12,30,2.6,78,293_2423
2025-07-13,30,4.4,80,293_2423
2025-07-14,31,0.5,75,293_2423
2025-07-15,31,1.2,76,293_2423
2025-07-16,30,3.3,78,293_2423
2025-07-17,29,21.5,84,293_2423
2025-07-18,27,37.3,89,293_2423
2025-07-19,27,40.2,89,293_2423
2025-07-20,29,34.3,87,293_2423
2025-07-21,28,37.2,88,293_2423
2025-07-22,27,41.1,91,293_2423
2025-07-23,26,41.4,92,293_2423
2025-07-24,27,57.0,91,293_2423
2025-07-25,28,33.2,90,293_2423
2025-07-26,29,13.4,84,293_2423
2025-07-27,29,21.2,85,293_2423
2025-07-28,29,23.2,84,293_2423
2025-07-29,29,27.7,84,293_2423
2025-07-30,30,3.2,75,293_2423
2025-07-31,30,2.2,74,293_2423
2025-08-01,30,3.5,79,293_2423
2025-08-02,32,0.0,75,293_2423
2025-08-03,31,0.0,75,293_2423
2025-08-04,32,0.0,71,293_2423
2025-08-05,32,4.4,72,293_2423
2025-08-06,32,6.2,73,293_2423
2025-08-07,30,9.6,79,293_2423
2025-08-08,29,10.0,81,293_2423
2025-08-09,31,0.4,73,293_2423
2025-08-10,31,0.0,73,293_2423
2025-08-11,31,0.6,74,293_2423
2025-08-12,31,9.5,77,293_2423
2025-08-13,30,8.7,77,293_2423
2025-08-14,29,10.3,78,293_2423
2025-08-15,29,33.6,81,293_2423
2025-08-16,29,22.3,82,293_2423
2025-08-17,30,10.3,79,293_2423
2025-08-18,33,3.0,74,293_2423
2025-08-19,32,7.4,75,293_2423
2025-08-20,31,0.3,75,293_2423
2025-08-21,29,7.3,82,293_2423
2025-08-22,29,19.3,85,293_2423
2025-08-23,27,3.8,83,293_2423
2025-08-24,30,6.7,75,293_2423
2025-08-25,29,20.3,80,293_2423
2025-08-26,26,41.2,91,293_2423
2025-08-27,29,5.4,83,293_2423
2025-08-28,28,17.1,85,293_2423
2025-08-29,29,24.9,87,293_2423
2025-08-30,30,16.3,83,293_2423
2025-08-31,29,8.5,83,293_2423
2025-09-01,29,23.9,87,293_2423
2025-09-02,29,16.9,88,293_2423
2025-09-03,29,16.1,83,293_2423
2025-09-04,29,20.9,86,293_2423
2025-09-05,27,18.1,88,293_2423
2025-09-06,26,6.2,88,293_2423
2025-09-07,29,7.4,81,293_2423
2025-09-08,30,1.4,79,293_2423
2025-09-09,32,1.8,71,293_2423
2025-09-10,31,6.3,74,293_2423
2025-09-11,29,0.5,78,293_2423
2025-09-12,30,20.5,79,293_2423
2025-09-13,31,6.6,80,293_2423
2025-09-14,28,2.6,82,293_2423
2025-09-15,31,6.0,79,293_2423
2025-09-16,30,6.3,78,293_2423
2025-09-17,29,20.3,82,293_2423
2025-09-18,29,4.7,81,293_2423
2025-09-19,30,10.7,78,293_2423
2025-09-20,28,11.2,84,293_2423
2025-09-21,27,33.7,89,293_2423
2025-09-22,27,68.0,92,293_2423
2025-09-23,29,30.9,85,293_2423
2025-09-24,29,16.8,82,293_2423
2025-09-25,29,9.8,81,293_2423
2025-09-26,28,8.7,86,293_2423
2025-09-27,31,1.8,77,293_2423
2025-09-28,31,3.6,77,293_2423
2025-09-29,31,9.7,79,293_2423
2025-09-30,31,1.7,76,293_2423
2025-10-01,29,9.3,83,293_2423
2025-10-02,30,3.2,78,293_2423
2025-10-03,29,26.7,85,293_2423
2025-10-04,30,2.3,79,293_2423
2025-10-05,29,7.5,80,293_2423
2025-10-06,30,0.7,75,293_2423
2025-10-07,31,0.0,76,293_2423
2025-10-08,30,4.4,76,293_2423
2025-10-09,31,5.0,75,293_2423
2025-10-10,29,8.2,82,293_2423
2025-10-11,30,18.0,84,293_2423
2025-10-12,30,7.7,81,293_2423
2025-10-13,31,1.9,79,293_2423
2025-10-14,30,0.2,77,293_2423
2025-10-15,30,0.0,77,293_2423
2025-10-16,30,0.0,77,293_2423
2025-10-17,32,0.0,75,293_2423
2025-10-18,32,1.5,73,293_2423
2025-10-19,28,6.1,80,293_2423
2025-10-20,31,1.8,81,293_2423
2025-10-21,31,3.5,79,293_2423
2025-10-22,31,2.2,77,293_2423
2025-10-23,31,0.4,74,293_2423
2025-10-24,31,1.4,75,293_2423
2025-10-25,31,3.4,76,293_2423
2025-10-26,31,7.5,79,293_2423
2025-10-27,32,0.3,74,293_2423
2025-10-28,31,7.3,76,293_2423
2025-10-29,31,12.0,79,293_2423
2025-10-30,30,0.3,78,293_2423
2025-10-31,31,1.5,77,293_2423
2025-11-01,31,0.8,76,293_2423
2025-11-02,31,1.8,76,293_2423
2025-11-03,29,38.3,85,293_2423
2025-11-04,30,23.9,81,293_2423
2025-11-05,31,1.9,76,293_2423
2025-11-06,32,4.8,75,293_2423
2025-11-07,30,9.0,79,293_2423
2025-11-08,30,3.0,79,293_2423
2025-11-09,26,15.4,85,293_2423
2025-11-10,27,31.7,87,293_2423
2025-11-11,29,24.7,85,293_2423
2025-11-12,30,0.1,79,293_2423
2025-11-13,29,2.9,82,293_2423
2025-11-14,29,0.0,79,293_2423
2025-11-15,30,0.0,77,293_2423
2025-11-16,31,0.0,73,293_2423
2025-11-17,31,0.0,73,293_2423
2025-11-18,31,0.0,72,293_2423
2025-11-19,30,0.3,72,293_2423
2025-11-20,30,0.0,74,293_2423
2025-11-21,28,0.0,78,293_2423
2025-11-22,30,0.0,74,293_2423
2025-11-23,30,0.0,74,293_2423
2025-11-24,31,0.0,69,293_2423
2025-11-25,27,28.5,79,293_2423
2025-11-26,29,4.4,80,293_2423
2025-11-27,30,4.8,80,293_2423
2025-11-28,30,9.6,80,293_2423
2025-11-29,26,17.1,90,293_2423
2025-11-30,30,6.7,79,293_2423
2025-12-01,30,11.9,82,293_2423
2025-12-02,30,3.5,80,293_2423
2025-12-03,30,3.7,77,293_2423
2025-12-04,28,1.6,72,293_2423
2025-12-05,28,0.0,70,293_2423
2025-12-06,28,0.0,70,293_2423
2025-12-07,24,32.0,83,293_2423
2025-12-08,27,7.9,88,293_2423
2025-12-09,31,0.0,77,293_2423
2025-12-10,30,0.3,77,293_2423
2025-12-11,30,0.3,78,293_2423
2025-12-12,29,0.0,75,293_2423
2025-12-13,28,0.0,79,293_2423
2025-12-14,29,0.0,72,293_2423
2025-12-15,28,0.5,76,293_2423
2025-12-16,29,1.7,79,293_2423
2025-12-17,27,4.9,81,293_2423
2025-12-18,28,0.3,77,293_2423
2025-12-19,27,0.4,78,293_2423
2025-12-20,27,0.8,81,293_2423
2025-12-21,27,0.0,76,293_2423
2025-12-22,28,0.4,76,293_2423
2025-12-23,29,0.0,73,293_2423
2025-12-24,29,0.0,78,293_2423
2025-12-25,30,0.7,77,293_2423
2025-12-26,29,0.0,73,293_2423
2025-12-27,30,0.0,73,293_2423
2025-12-28,30,0.0,74,293_2423
2025-12-29,30,0.1,74,293_2423
2025-12-30,30,0.5,74,293_2423
2025-12-31,29,1.3,76,293_2423
2026-01-01,26,1.0,82,293_2423
2026-01-02,25,10.9,90,293_2423
2026-01-03,25,0.5,79,293_2423
2026-01-04,26,0.0,75,293_2423
2026-01-05,25,0.4,81,293_2423
2026-01-06,27,0.3,78,293_2423
2026-01-07,28,0.5,73,293_2423
2026-01-08,25,12.1,84,293_2423
2026-01-09,25,4.4,83,293_2423
2026-01-10,29,1.6,78,293_2423
2026-01-11,29,1.6,74,293_2423
2026-01-12,28,0.0,71,293_2423
2026-01-13,28,8.3,79,293_2423
2026-01-14,29,6.5,78,293_2423
2026-01-15,27,2.9,80,293_2423
2026-01-16,29,0.0,75,293_2423
2026-01-17,28,0.0,76,293_2423
2026-01-18,26,0.2,77,293_2423
2026-01-19,29,0.6,75,293_2423
2026-01-20,29,0.0,71,293_2423
2026-01-21,29,0.0,69,293_2423
2026-01-22,27,0.0,65,293_2423
2026-01-23,27,0.0,67,293_2423
2026-01-24,26,0.6,70,293_2423
2026-01-25,27,0.0,70,293_2423
2026-01-26,28,0.0,72,293_2423
2026-01-27,28,0.3,78,293_2423
2026-01-28,28,0.0,71,293_2423
2026-01-29,28,0.0,67,293_2423
2026-01-30,28,0.3,71,293_2423
2026-01-31,29,0.0,65,293_2423
2026-02-01,28,0.0,66,293_2423
2026-02-02,29,0.0,64,293_2423
2026-02-03,29,0.0,65,293_2423
2026-02-04,27,0.5,72,293_2423
2026-02-05,30,0.0,64,293_2423
2026-02-06,29,0.0,70,293_2423
2026-02-07,28,0.8,79,293_2423
2026-02-08,27,3.4,78,293_2423
2026-02-09,25,0.0,70,293_2423
2026-02-10,28,0.0,73,293_2423
2026-02-11,27,0.5,78,293_2423
2026-02-12,28,0.0,71,293_2423
2026-02-13,29,2.5,74,293_2423
2026-02-14,31,0.0,74,293_2423
2026-02-15,31,0.0,71,293_2423
2026-02-16,31,0.0,72,293_2423
2026-02-17,30,0.2,73,293_2423
2026-02-18,29,0.0,69,293_2423
2026-02-19,29,0.0,67,293_2423
2026-02-20,29,0.1,68,293_2423
2026-02-21,29,0.0,70,293_2423
2026-02-22,30,0.0,67,293_2423
2026-02-23,30,0.0,66,293_2423
2026-02-24,30,0.0,71,293_2423
2026-02-25,31,0.0,70,293_2423
2026-02-26,31,0.0,65,293_2423
2026-02-27,31,0.0,65,293_2423
2026-02-28,31,0.0,67,293_2423
2026-03-01,31,0.0,66,293_2423
2026-03-02,32,0.0,69,293_2423
2026-03-03,32,0.0,69,293_2423
2026-03-04,32,0.0,65,293_2423
2026-03-05,31,0.0,67,293_2423
2026-03-06,31,0.0,68,293_2423
2026-03-07,32,0.0,65,293_2423
2026-03-08,30,0.2,67,293_2423
2026-03-09,29,0.0,65,293_2423
2026-03-10,29,0.0,62,293_2423
2026-03-11,30,0.0,65,293_2423
2026-03-12,29,0.0,67,293_2423
2026-03-13,27,0.2,65,293_2423
2026-03-14,26,0.0,59,293_2423
2026-03-15,28,0.0,58,293_2423
2026-03-16,29,0.0,60,293_2423
2026-03-17,29,0.4,71,293_2423
2026-03-18,30,0.0,68,293_2423
2026-03-19,30,0.0,65,293_2423
2026-03-20,31,0.0,63,293_2423
2026-03-21,32,0.0,61,293_2423
2026-03-22,31,0.0,62,293_2423
2026-03-23,32,0.0,58,293_2423
2026-03-24,32,0.0,58,293_2423
2026-03-25,31,0.0,66,293_2423
2026-03-26,32,0.0,70,293_2423
2026-03-27,32,0.0,67,293_2423
2026-03-28,33,0.0,64,293_2423
2026-03-29,32,0.0,63,293_2423
2026-03-30,33,0.0,63,293_2423
2026-03-31,32,0.0,65,293_2423
2026-04-01,33,0.0,60,293_2423
2026-04-02,33,0.0,59,293_2423
2026-04-03,34,0.0,56,293_2423
2026-04-04,34,0.0,54,293_2423
2026-04-05,35,0.0,57,293_2423
2026-04-06,35,0.0,59,293_2423
2026-04-07,35,0.0,62,293_2423
2026-04-08,35,0.0,52,293_2423
2026-04-09,34,0.7,60,293_2423
2026-04-10,34,0.1,64,293_2423
2026-04-11,34,0.0,60,293_2423
2026-04-12,34,0.2,56,293_2423
2026-04-13,34,0.0,58,293_2423
2026-04-14,34,0.0,57,293_2423
2026-04-15,34,0.0,54,293_2423
2026-04-16,34,0.0,57,293_2423
2026-04-17,34,0.3,58,293_2423
2026-04-18,34,0.3,60,293_2423
2026-04-19,34,0.9,61,293_2423
2026-04-20,35,0.7,58,293_2423
2026-04-21,35,0.0,57,293_2423
2026-04-22,35,0.0,57,293_2423
2026-04-23,35,0.0,60,293_2423
2026-04-24,35,0.0,57,293_2423
2026-04-25,35,0.6,59,293_2423
2026-04-26,36,2.1,63,293_2423
2026-04-27,36,1.3,62,293_2423
2026-04-28,34,2.1,61,293_2423
2026-04-29,35,0.1,59,293_2423
2026-04-30,34,0.0,63,293_2423
2026-05-01,36,0.0,61,293_2423
2026-05-02,37,0.6,64,293_2423
2026-05-03,36,0.0,62,293_2423
2026-05-04,35,0.0,61,293_2423
2026-05-05,35,1.7,58,293_2423
2026-05-06,35,0.2,57,293_2423
2026-05-07,36,0.0,63,293_2423
2026-05-08,36,0.6,62,293_2423
2026-05-09,36,0.3,60,293_2423
2026-05-10,37,0.0,57,293_2423
2026-05-11,36,0.3,63,293_2423
2026-05-12,35,2.2,65,293_2423
2026-05-13,34,0.0,64,293_2423
2026-05-14,34,1.2,65,293_2423
2026-05-15,35,3.3,70,293_2423
2026-05-16,34,14.8,68,293_2423
2026-05-17,35,5.8,70,293_2423
2026-05-18,33,6.5,69,293_2423
2026-05-19,32,6.2,72,293_2423
2026-05-20,35,3.0,68,293_2423
2026-05-21,36,1.2,67,293_2423
2026-05-22,35,0.8,66,293_2423
2026-05-23,35,2.8,63,293_2423
2026-05-24,36,2.2,62,293_2423
2026-05-25,35,3.9,65,293_2423
2026-05-26,34,2.2,65,293_2423
2026-05-27,34,0.0,65,293_2423
2026-05-28,35,2.5,68,293_2423
2026-05-29,33,4.6,72,293_2423
2026-05-30,33,12.1,73,293_2423
2026-05-31,32,15.5,75,293_2423
2025-06-01,32,6.5,73,294_2418
2025-06-02,30,8.2,77,294_2418
2025-06-03,32,4.0,73,294_2418
2025-06-04,32,2.2,72,294_2418
2025-06-05,32,5.1,73,294_2418
2025-06-06,32,5.6,74,294_2418
2025-06-07,32,13.5,74,294_2418
2025-06-08,31,16.2,77,294_2418
2025-06-09,30,40.2,83,294_2418
2025-06-10,27,11.1,86,294_2418
2025-06-11,26,59.0,91,294_2418
2025-06-12,28,64.7,91,294_2418
2025-06-13,31,1.2,76,294_2418
2025-06-14,32,1.6,72,294_2418
2025-06-15,33,3.8,74,294_2418
2025-06-16,33,5.7,72,294_2418
2025-06-17,32,26.8,77,294_2418
2025-06-18,31,13.2,75,294_2418
2025-06-19,32,1.2,71,294_2418
2025-06-20,33,2.9,68,294_2418
2025-06-21,34,4.8,71,294_2418
2025-06-22,27,16.0,83,294_2418
2025-06-23,30,13.3,78,294_2418
2025-06-24,30,8.4,79,294_2418
2025-06-25,32,9.0,74,294_2418
2025-06-26,31,10.9,77,294_2418
2025-06-27,29,9.3,82,294_2418
2025-06-28,30,1.7,75,294_2418
2025-06-29,31,26.9,80,294_2418
2025-06-30,30,15.0,81,294_2418
2025-07-01,30,8.3,78,294_2418
2025-07-02,31,38.3,82,294_2418
2025-07-03,27,76.8,91,294_2418
2025-07-04,29,41.8,87,294_2418
2025-07-05,29,32.7,84,294_2418
2025-07-06,29,11.8,79,294_2418
2025-07-07,31,0.7,75,294_2418
2025-07-08,30,8.5,79,294_2418
2025-07-09,30,7.0,77,294_2418
2025-07-10,30,7.9,78,294_2418
2025-07-11,30,8.3,79,294_2418
2025-07-12,30,2.7,77,294_2418
2025-07-13,30,4.3,78,294_2418
2025-07-14,31,0.6,75,294_2418
2025-07-15,31,1.2,76,294_2418
2025-07-16,31,2.9,77,294_2418
2025-07-17,30,21.0,81,294_2418
2025-07-18,27,32.5,87,294_2418
2025-07-19,27,39.9,88,294_2418
2025-07-20,29,34.8,86,294_2418
2025-07-21,28,40.1,87,294_2418
2025-07-22,27,46.2,90,294_2418
2025-07-23,27,43.1,91,294_2418
2025-07-24,27,59.7,91,294_2418
2025-07-25,28,33.4,89,294_2418
2025-07-26,29,17.5,83,294_2418
2025-07-27,29,22.2,84,294_2418
2025-07-28,29,23.6,84,294_2418
2025-07-29,29,27.4,84,294_2418
2025-07-30,30,4.0,76,294_2418
2025-07-31,30,3.9,75,294_2418
2025-08-01,30,3.3,79,294_2418
2025-08-02,32,0.0,74,294_2418
2025-08-03,31,0.0,74,294_2418
2025-08-04,32,0.0,71,294_2418
2025-08-05,32,4.7,71,294_2418
2025-08-06,31,7.3,73,294_2418
2025-08-07,30,6.9,77,294_2418
2025-08-08,29,7.6,79,294_2418
2025-08-09,30,0.5,73,294_2418
2025-08-10,31,0.0,73,294_2418
2025-08-11,31,0.9,73,294_2418
2025-08-12,32,7.8,76,294_2418
2025-08-13,31,7.7,75,294_2418
2025-08-14,30,12.5,77,294_2418
2025-08-15,30,38.9,79,294_2418
2025-08-16,29,20.8,81,294_2418
2025-08-17,31,7.8,77,294_2418
2025-08-18,33,4.8,73,294_2418
2025-08-19,32,7.2,75,294_2418
2025-08-20,31,1.0,74,294_2418
2025-08-21,29,7.7,81,294_2418
2025-08-22,29,20.9,83,294_2418
2025-08-23,27,9.3,83,294_2418
2025-08-24,30,6.0,74,294_2418
2025-08-25,30,21.7,79,294_2418
2025-08-26,26,27.2,90,294_2418
2025-08-27,29,2.7,82,294_2418
2025-08-28,29,16.8,84,294_2418
2025-08-29,29,23.3,86,294_2418
2025-08-30,30,15.0,82,294_2418
2025-08-31,29,7.9,81,294_2418
2025-09-01,29,24.4,86,294_2418
2025-09-02,29,16.1,86,294_2418
2025-09-03,30,19.2,82,294_2418
2025-09-04,29,21.7,84,294_2418
2025-09-05,27,16.9,88,294_2418
2025-09-06,26,6.4,88,294_2418
2025-09-07,29,10.0,81,294_2418
2025-09-08,30,2.2,78,294_2418
2025-09-09,31,2.5,71,294_2418
2025-09-10,31,7.4,74,294_2418
2025-09-11,30,2.2,75,294_2418
2025-09-12,31,20.4,79,294_2418
2025-09-13,30,6.9,80,294_2418
2025-09-14,28,2.5,82,294_2418
2025-09-15,31,7.2,78,294_2418
2025-09-16,30,6.2,77,294_2418
2025-09-17,30,17.8,81,294_2418
2025-09-18,30,4.2,80,294_2418
2025-09-19,30,10.5,77,294_2418
2025-09-20,29,9.9,83,294_2418
2025-09-21,27,37.0,88,294_2418
2025-09-22,27,82.7,92,294_2418
2025-09-23,29,34.6,86,294_2418
2025-09-24,29,17.9,81,294_2418
2025-09-25,29,9.7,80,294_2418
2025-09-26,29,6.8,85,294_2418
2025-09-27,31,3.4,77,294_2418
2025-09-28,31,3.2,77,294_2418
2025-09-29,31,9.5,78,294_2418
2025-09-30,31,5.0,76,294_2418
2025-10-01,29,7.0,80,294_2418
2025-10-02,31,2.9,77,294_2418
2025-10-03,29,21.0,83,294_2418
2025-10-04,30,1.8,78,294_2418
2025-10-05,30,7.4,79,294_2418
2025-10-06,30,0.5,75,294_2418
2025-10-07,31,0.0,74,294_2418
2025-10-08,30,5.4,76,294_2418
2025-10-09,31,5.2,74,294_2418
2025-10-10,30,6.9,80,294_2418
2025-10-11,30,15.6,83,294_2418
2025-10-12,30,7.6,80,294_2418
2025-10-13,30,3.8,78,294_2418
2025-10-14,30,0.1,76,294_2418
2025-10-15,30,0.0,76,294_2418
2025-10-16,31,0.0,74,294_2418
2025-10-17,32,0.0,71,294_2418
2025-10-18,32,1.6,73,294_2418
2025-10-19,28,6.3,79,294_2418
2025-10-20,31,3.1,80,294_2418
2025-10-21,31,4.1,79,294_2418
2025-10-22,31,2.1,77,294_2418
2025-10-23,31,0.5,74,294_2418
2025-10-24,31,1.4,74,294_2418
2025-10-25,31,4.4,75,294_2418
2025-10-26,31,10.4,80,294_2418
2025-10-27,32,0.8,73,294_2418
2025-10-28,31,10.0,77,294_2418
2025-10-29,31,10.7,78,294_2418
2025-10-30,30,0.6,77,294_2418
2025-10-31,31,2.2,77,294_2418
2025-11-01,31,1.4,75,294_2418
2025-11-02,31,1.8,73,294_2418
2025-11-03,28,29.2,84,294_2418
2025-11-04,30,21.3,79,294_2418
2025-11-05,32,2.6,75,294_2418
2025-11-06,32,5.5,75,294_2418
2025-11-07,31,9.9,79,294_2418
2025-11-08,30,3.3,78,294_2418
2025-11-09,27,13.3,85,294_2418
2025-11-10,28,32.2,87,294_2418
2025-11-11,29,23.0,84,294_2418
2025-11-12,30,0.0,78,294_2418
2025-11-13,30,3.4,81,294_2418
2025-11-14,29,0.0,79,294_2418
2025-11-15,30,0.0,76,294_2418
2025-11-16,31,0.0,72,294_2418
2025-11-17,31,0.0,73,294_2418
2025-11-18,31,0.0,71,294_2418
2025-11-19,31,0.2,70,294_2418
2025-11-20,30,0.0,71,294_2418
2025-11-21,29,0.0,76,294_2418
2025-11-22,31,0.0,71,294_2418
2025-11-23,30,0.0,71,294_2418
2025-11-24,31,0.0,68,294_2418
2025-11-25,27,19.6,76,294_2418
2025-11-26,30,3.1,77,294_2418
2025-11-27,30,8.4,79,294_2418
2025-11-28,29,12.5,80,294_2418
2025-11-29,26,15.4,90,294_2418
2025-11-30,30,8.8,79,294_2418
2025-12-01,30,10.2,81,294_2418
2025-12-02,30,3.0,79,294_2418
2025-12-03,30,4.3,77,294_2418
2025-12-04,29,1.2,71,294_2418
2025-12-05,28,0.0,69,294_2418
2025-12-06,28,0.0,69,294_2418
2025-12-07,25,25.8,83,294_2418
2025-12-08,28,8.6,87,294_2418
2025-12-09,31,0.0,77,294_2418
2025-12-10,30,0.1,76,294_2418
2025-12-11,30,0.0,77,294_2418
2025-12-12,30,0.0,73,294_2418
2025-12-13,28,0.0,77,294_2418
2025-12-14,30,0.0,71,294_2418
2025-12-15,28,0.8,74,294_2418
2025-12-16,28,1.1,78,294_2418
2025-12-17,27,3.6,80,294_2418
2025-12-18,28,0.2,76,294_2418
2025-12-19,28,0.3,77,294_2418
2025-12-20,27,0.5,79,294_2418
2025-12-21,27,0.0,74,294_2418
2025-12-22,28,0.2,75,294_2418
2025-12-23,29,0.0,72,294_2418
2025-12-24,29,0.0,77,294_2418
2025-12-25,30,0.4,75,294_2418
2025-12-26,30,0.0,72,294_2418
2025-12-27,30,0.0,70,294_2418
2025-12-28,30,0.0,73,294_2418
2025-12-29,30,0.2,74,294_2418
2025-12-30,30,0.8,72,294_2418
2025-12-31,29,2.9,75,294_2418
2026-01-01,26,0.7,81,294_2418
2026-01-02,25,13.9,90,294_2418
2026-01-03,25,0.2,77,294_2418
2026-01-04,26,0.0,74,294_2418
2026-01-05,26,0.6,80,294_2418
2026-01-06,28,0.1,76,294_2418
2026-01-07,28,0.6,71,294_2418
2026-01-08,25,9.5,82,294_2418
2026-01-09,25,3.4,82,294_2418
2026-01-10,29,1.2,78,294_2418
2026-01-11,29,1.5,74,294_2418
2026-01-12,29,0.0,69,294_2418
2026-01-13,29,7.5,77,294_2418
2026-01-14,29,7.0,78,294_2418
2026-01-15,27,2.1,79,294_2418
2026-01-16,29,0.0,73,294_2418
2026-01-17,29,0.0,74,294_2418
2026-01-18,27,0.1,76,294_2418
2026-01-19,29,1.5,74,294_2418
2026-01-20,30,0.1,70,294_2418
2026-01-21,29,0.2,68,294_2418
2026-01-22,28,0.0,65,294_2418
2026-01-23,28,0.0,65,294_2418
2026-01-24,26,0.6,70,294_2418
2026-01-25,28,0.0,69,294_2418
2026-01-26,28,0.0,69,294_2418
2026-01-27,29,0.1,75,294_2418
2026-01-28,28,0.0,71,294_2418
2026-01-29,28,0.0,66,294_2418
2026-01-30,28,0.0,70,294_2418
2026-01-31,29,0.0,64,294_2418
2026-02-01,29,0.0,64,294_2418
2026-02-02,29,0.0,64,294_2418
2026-02-03,30,0.0,63,294_2418
2026-02-04,28,0.5,70,294_2418
2026-02-05,30,0.0,62,294_2418
2026-02-06,29,0.0,70,294_2418
2026-02-07,29,0.7,77,294_2418
2026-02-08,27,3.0,78,294_2418
2026-02-09,26,0.0,69,294_2418
2026-02-10,28,0.0,71,294_2418
2026-02-11,27,0.4,76,294_2418
2026-02-12,29,0.0,70,294_2418
2026-02-13,29,2.5,73,294_2418
2026-02-14,31,0.0,73,294_2418
2026-02-15,31,0.0,70,294_2418
2026-02-16,31,0.0,69,294_2418
2026-02-17,31,0.3,70,294_2418
2026-02-18,29,0.0,69,294_2418
2026-02-19,29,0.0,65,294_2418
2026-02-20,30,0.0,66,294_2418
2026-02-21,29,0.0,68,294_2418
2026-02-22,30,0.0,67,294_2418
2026-02-23,31,0.0,65,294_2418
2026-02-24,30,0.0,71,294_2418
2026-02-25,32,0.0,68,294_2418
2026-02-26,31,0.0,65,294_2418
2026-02-27,31,0.0,65,294_2418
2026-02-28,31,0.0,65,294_2418
2026-03-01,31,0.0,66,294_2418
2026-03-02,32,0.0,69,294_2418
2026-03-03,32,0.0,69,294_2418
2026-03-04,32,0.0,65,294_2418
2026-03-05,31,0.2,67,294_2418
2026-03-06,30,0.1,68,294_2418
2026-03-07,32,0.0,64,294_2418
2026-03-08,30,0.1,67,294_2418
2026-03-09,30,0.0,64,294_2418
2026-03-10,30,0.0,59,294_2418
2026-03-11,30,0.0,62,294_2418
2026-03-12,29,0.1,66,294_2418
2026-03-13,28,0.0,62,294_2418
2026-03-14,27,0.0,56,294_2418
2026-03-15,28,0.0,57,294_2418
2026-03-16,29,0.0,60,294_2418
2026-03-17,29,0.0,69,294_2418
2026-03-18,29,0.0,66,294_2418
2026-03-19,30,0.0,64,294_2418
2026-03-20,31,0.0,62,294_2418
2026-03-21,32,0.0,61,294_2418
2026-03-22,31,0.0,62,294_2418
2026-03-23,32,0.0,58,294_2418
2026-03-24,32,0.0,57,294_2418
2026-03-25,32,0.0,63,294_2418
2026-03-26,33,0.0,67,294_2418
2026-03-27,32,0.0,66,294_2418
2026-03-28,33,0.0,63,294_2418
2026-03-29,32,0.0,63,294_2418
2026-03-30,33,0.0,62,294_2418
2026-03-31,32,0.0,62,294_2418
2026-04-01,33,0.0,59,294_2418
2026-04-02,33,0.0,58,294_2418
2026-04-03,34,0.0,56,294_2418
2026-04-04,33,0.0,54,294_2418
2026-04-05,34,0.0,55,294_2418
2026-04-06,35,0.0,59,294_2418
2026-04-07,34,0.0,60,294_2418
2026-04-08,34,0.0,52,294_2418
2026-04-09,34,0.1,59,294_2418
2026-04-10,34,0.4,62,294_2418
2026-04-11,34,0.0,61,294_2418
2026-04-12,34,0.1,56,294_2418
2026-04-13,34,0.0,57,294_2418
2026-04-14,34,0.1,57,294_2418
2026-04-15,34,0.0,54,294_2418
2026-04-16,34,0.0,53,294_2418
2026-04-17,34,1.0,58,294_2418
2026-04-18,34,0.0,60,294_2418
2026-04-19,33,0.6,61,294_2418
2026-04-20,34,0.3,58,294_2418
2026-04-21,35,0.1,57,294_2418
2026-04-22,35,0.1,57,294_2418
2026-04-23,34,0.3,58,294_2418
2026-04-24,35,0.0,57,294_2418
2026-04-25,35,0.0,59,294_2418
2026-04-26,35,0.5,60,294_2418
2026-04-27,35,0.8,61,294_2418
2026-04-28,35,4.8,61,294_2418
2026-04-29,35,0.1,60,294_2418
2026-04-30,35,0.0,59,294_2418
2026-05-01,36,0.8,58,294_2418
2026-05-02,35,0.4,60,294_2418
2026-05-03,34,0.2,62,294_2418
2026-05-04,36,0.0,60,294_2418
2026-05-05,35,2.8,58,294_2418
2026-05-06,35,0.6,58,294_2418
2026-05-07,36,0.0,59,294_2418
2026-05-08,35,3.7,59,294_2418
2026-05-09,35,1.0,59,294_2418
2026-05-10,36,0.0,57,294_2418
2026-05-11,36,0.4,61,294_2418
2026-05-12,35,1.8,63,294_2418
2026-05-13,34,0.0,65,294_2418
2026-05-14,34,0.3,65,294_2418
2026-05-15,35,2.9,67,294_2418
2026-05-16,34,12.5,66,294_2418
2026-05-17,34,8.3,69,294_2418
2026-05-18,33,7.4,66,294_2418
2026-05-19,32,4.7,71,294_2418
2026-05-20,35,2.6,66,294_2418
2026-05-21,35,1.2,64,294_2418
2026-05-22,35,3.3,64,294_2418
2026-05-23,35,1.7,64,294_2418
2026-05-24,35,6.0,62,294_2418
2026-05-25,36,2.3,64,294_2418
2026-05-26,34,1.3,65,294_2418
2026-05-27,34,0.0,66,294_2418
2026-05-28,35,3.3,68,294_2418
2026-05-29,33,3.0,71,294_2418
2026-05-30,33,11.4,72,294_2418
2026-05-31,32,15.2,73,294_2418
2025-06-01,32,6.5,73,294_2419
2025-06-02,30,8.2,77,294_2419
2025-06-03,32,4.0,73,294_2419
2025-06-04,32,2.2,72,294_2419
2025-06-05,32,5.1,73,294_2419
2025-06-06,32,5.6,74,294_2419
2025-06-07,32,13.5,74,294_2419
2025-06-08,31,16.2,77,294_2419
2025-06-09,30,40.2,83,294_2419
2025-06-10,27,11.1,86,294_2419
2025-06-11,26,59.0,91,294_2419
2025-06-12,28,64.7,91,294_2419
2025-06-13,31,1.2,76,294_2419
2025-06-14,32,1.6,72,294_2419
2025-06-15,33,3.8,74,294_2419
2025-06-16,33,5.7,72,294_2419
2025-06-17,32,26.8,77,294_2419
2025-06-18,31,13.2,75,294_2419
2025-06-19,32,1.2,71,294_2419
2025-06-20,33,2.9,68,294_2419
2025-06-21,34,4.8,71,294_2419
2025-06-22,27,16.0,83,294_2419
2025-06-23,30,13.3,78,294_2419
2025-06-24,30,8.4,79,294_2419
2025-06-25,32,9.0,74,294_2419
2025-06-26,31,10.9,77,294_2419
2025-06-27,29,9.3,82,294_2419
2025-06-28,30,1.7,75,294_2419
2025-06-29,31,26.9,80,294_2419
2025-06-30,30,15.0,81,294_2419
2025-07-01,30,8.3,78,294_2419
2025-07-02,31,38.3,82,294_2419
2025-07-03,27,76.8,91,294_2419
2025-07-04,29,41.8,87,294_2419
2025-07-05,29,32.7,84,294_2419
2025-07-06,29,11.8,79,294_2419
2025-07-07,31,0.7,75,294_2419
2025-07-08,30,8.5,79,294_2419
2025-07-09,30,7.0,77,294_2419
2025-07-10,30,7.9,78,294_2419
2025-07-11,30,8.3,79,294_2419
2025-07-12,30,2.7,77,294_2419
2025-07-13,30,4.3,78,294_2419
2025-07-14,31,0.6,75,294_2419
2025-07-15,31,1.2,76,294_2419
2025-07-16,31,2.9,77,294_2419
2025-07-17,30,21.0,81,294_2419
2025-07-18,27,32.5,87,294_2419
2025-07-19,27,39.9,88,294_2419
2025-07-20,29,34.8,86,294_2419
2025-07-21,28,40.1,87,294_2419
2025-07-22,27,46.2,90,294_2419
2025-07-23,27,43.1,91,294_2419
2025-07-24,27,59.7,91,294_2419
2025-07-25,28,33.4,89,294_2419
2025-07-26,29,17.5,83,294_2419
2025-07-27,29,22.2,84,294_2419
2025-07-28,29,23.6,84,294_2419
2025-07-29,29,27.4,84,294_2419
2025-07-30,30,4.0,76,294_2419
2025-07-31,30,3.9,75,294_2419
2025-08-01,30,3.3,79,294_2419
2025-08-02,32,0.0,74,294_2419
2025-08-03,31,0.0,74,294_2419
2025-08-04,32,0.0,71,294_2419
2025-08-05,32,4.7,71,294_2419
2025-08-06,31,7.3,73,294_2419
2025-08-07,30,6.9,77,294_2419
2025-08-08,29,7.6,79,294_2419
2025-08-09,30,0.5,73,294_2419
2025-08-10,31,0.0,73,294_2419
2025-08-11,31,0.9,73,294_2419
2025-08-12,32,7.8,76,294_2419
2025-08-13,31,7.7,75,294_2419
2025-08-14,30,12.5,77,294_2419
2025-08-15,30,38.9,79,294_2419
2025-08-16,29,20.8,81,294_2419
2025-08-17,31,7.8,77,294_2419
2025-08-18,33,4.8,73,294_2419
2025-08-19,32,7.2,75,294_2419
2025-08-20,31,1.0,74,294_2419
2025-08-21,29,7.7,81,294_2419
2025-08-22,29,20.9,83,294_2419
2025-08-23,27,9.3,83,294_2419
2025-08-24,30,6.0,74,294_2419
2025-08-25,30,21.7,79,294_2419
2025-08-26,26,27.2,90,294_2419
2025-08-27,29,2.7,82,294_2419
2025-08-28,29,16.8,84,294_2419
2025-08-29,29,23.3,86,294_2419
2025-08-30,30,15.0,82,294_2419
2025-08-31,29,7.9,81,294_2419
2025-09-01,29,24.4,86,294_2419
2025-09-02,29,16.1,86,294_2419
2025-09-03,30,19.2,82,294_2419
2025-09-04,29,21.7,84,294_2419
2025-09-05,27,16.9,88,294_2419
2025-09-06,26,6.4,88,294_2419
2025-09-07,29,10.0,81,294_2419
2025-09-08,30,2.2,78,294_2419
2025-09-09,31,2.5,71,294_2419
2025-09-10,31,7.4,74,294_2419
2025-09-11,30,2.2,75,294_2419
2025-09-12,31,20.4,79,294_2419
2025-09-13,30,6.9,80,294_2419
2025-09-14,28,2.5,82,294_2419
2025-09-15,31,7.2,78,294_2419
2025-09-16,30,6.2,77,294_2419
2025-09-17,30,17.8,81,294_2419
2025-09-18,30,4.2,80,294_2419
2025-09-19,30,10.5,77,294_2419
2025-09-20,29,9.9,83,294_2419
2025-09-21,27,37.0,88,294_2419
2025-09-22,27,82.7,92,294_2419
2025-09-23,29,34.6,86,294_2419
2025-09-24,29,17.9,81,294_2419
2025-09-25,29,9.7,80,294_2419
2025-09-26,29,6.8,85,294_2419
2025-09-27,31,3.4,77,294_2419
2025-09-28,31,3.2,77,294_2419
2025-09-29,31,9.5,78,294_2419
2025-09-30,31,5.0,76,294_2419
2025-10-01,29,7.0,80,294_2419
2025-10-02,31,2.9,77,294_2419
2025-10-03,29,21.0,83,294_2419
2025-10-04,30,1.8,78,294_2419
2025-10-05,30,7.4,79,294_2419
2025-10-06,30,0.5,75,294_2419
2025-10-07,31,0.0,74,294_2419
2025-10-08,30,5.4,76,294_2419
2025-10-09,31,5.2,74,294_2419
2025-10-10,30,6.9,80,294_2419
2025-10-11,30,15.6,83,294_2419
2025-10-12,30,7.6,80,294_2419
2025-10-13,30,3.8,78,294_2419
2025-10-14,30,0.1,76,294_2419
2025-10-15,30,0.0,76,294_2419
2025-10-16,31,0.0,74,294_2419
2025-10-17,32,0.0,71,294_2419
2025-10-18,32,1.6,73,294_2419
2025-10-19,28,6.3,79,294_2419
2025-10-20,31,3.1,80,294_2419
2025-10-21,31,4.1,79,294_2419
2025-10-22,31,2.1,77,294_2419
2025-10-23,31,0.5,74,294_2419
2025-10-24,31,1.4,74,294_2419
2025-10-25,31,4.4,75,294_2419
2025-10-26,31,10.4,80,294_2419
2025-10-27,32,0.8,73,294_2419
2025-10-28,31,10.0,77,294_2419
2025-10-29,31,10.7,78,294_2419
2025-10-30,30,0.6,77,294_2419
2025-10-31,31,2.2,77,294_2419
2025-11-01,31,1.4,75,294_2419
2025-11-02,31,1.8,73,294_2419
2025-11-03,28,29.2,84,294_2419
2025-11-04,30,21.3,79,294_2419
2025-11-05,32,2.6,75,294_2419
2025-11-06,32,5.5,75,294_2419
2025-11-07,31,9.9,79,294_2419
2025-11-08,30,3.3,78,294_2419
2025-11-09,27,13.3,85,294_2419
2025-11-10,28,32.2,87,294_2419
2025-11-11,29,23.0,84,294_2419
2025-11-12,30,0.0,78,294_2419
2025-11-13,30,3.4,81,294_2419
2025-11-14,29,0.0,79,294_2419
2025-11-15,30,0.0,76,294_2419
2025-11-16,31,0.0,72,294_2419
2025-11-17,31,0.0,73,294_2419
2025-11-18,31,0.0,71,294_2419
2025-11-19,31,0.2,70,294_2419
2025-11-20,30,0.0,71,294_2419
2025-11-21,29,0.0,76,294_2419
2025-11-22,31,0.0,71,294_2419
2025-11-23,30,0.0,71,294_2419
2025-11-24,31,0.0,68,294_2419
2025-11-25,27,19.6,76,294_2419
2025-11-26,30,3.1,77,294_2419
2025-11-27,30,8.4,79,294_2419
2025-11-28,29,12.5,80,294_2419
2025-11-29,26,15.4,90,294_2419
2025-11-30,30,8.8,79,294_2419
2025-12-01,30,10.2,81,294_2419
2025-12-02,30,3.0,79,294_2419
2025-12-03,30,4.3,77,294_2419
2025-12-04,29,1.2,71,294_2419
2025-12-05,28,0.0,69,294_2419
2025-12-06,28,0.0,69,294_2419
2025-12-07,25,25.8,83,294_2419
2025-12-08,28,8.6,87,294_2419
2025-12-09,31,0.0,77,294_2419
2025-12-10,30,0.1,76,294_2419
2025-12-11,30,0.0,77,294_2419
2025-12-12,30,0.0,73,294_2419
2025-12-13,28,0.0,77,294_2419
2025-12-14,30,0.0,71,294_2419
2025-12-15,28,0.8,74,294_2419
2025-12-16,28,1.1,78,294_2419
2025-12-17,27,3.6,80,294_2419
2025-12-18,28,0.2,76,294_2419
2025-12-19,28,0.3,77,294_2419
2025-12-20,27,0.5,79,294_2419
2025-12-21,27,0.0,74,294_2419
2025-12-22,28,0.2,75,294_2419
2025-12-23,29,0.0,72,294_2419
2025-12-24,29,0.0,77,294_2419
2025-12-25,30,0.4,75,294_2419
2025-12-26,30,0.0,72,294_2419
2025-12-27,30,0.0,70,294_2419
2025-12-28,30,0.0,73,294_2419
2025-12-29,30,0.2,74,294_2419
2025-12-30,30,0.8,72,294_2419
2025-12-31,29,2.9,75,294_2419
2026-01-01,26,0.7,81,294_2419
2026-01-02,25,13.9,90,294_2419
2026-01-03,25,0.2,77,294_2419
2026-01-04,26,0.0,74,294_2419
2026-01-05,26,0.6,80,294_2419
2026-01-06,28,0.1,76,294_2419
2026-01-07,28,0.6,71,294_2419
2026-01-08,25,9.5,82,294_2419
2026-01-09,25,3.4,82,294_2419
2026-01-10,29,1.2,78,294_2419
2026-01-11,29,1.5,74,294_2419
2026-01-12,29,0.0,69,294_2419
2026-01-13,29,7.5,77,294_2419
2026-01-14,29,7.0,78,294_2419
2026-01-15,27,2.1,79,294_2419
2026-01-16,29,0.0,73,294_2419
2026-01-17,29,0.0,74,294_2419
2026-01-18,27,0.1,76,294_2419
2026-01-19,29,1.5,74,294_2419
2026-01-20,30,0.1,70,294_2419
2026-01-21,29,0.2,68,294_2419
2026-01-22,28,0.0,65,294_2419
2026-01-23,28,0.0,65,294_2419
2026-01-24,26,0.6,70,294_2419
2026-01-25,28,0.0,69,294_2419
2026-01-26,28,0.0,69,294_2419
2026-01-27,29,0.1,75,294_2419
2026-01-28,28,0.0,71,294_2419
2026-01-29,28,0.0,66,294_2419
2026-01-30,28,0.0,70,294_2419
2026-01-31,29,0.0,64,294_2419
2026-02-01,29,0.0,64,294_2419
2026-02-02,29,0.0,64,294_2419
2026-02-03,30,0.0,63,294_2419
2026-02-04,28,0.5,70,294_2419
2026-02-05,30,0.0,62,294_2419
2026-02-06,29,0.0,70,294_2419
2026-02-07,29,0.7,77,294_2419
2026-02-08,27,3.0,78,294_2419
2026-02-09,26,0.0,69,294_2419
2026-02-10,28,0.0,71,294_2419
2026-02-11,27,0.4,76,294_2419
2026-02-12,29,0.0,70,294_2419
2026-02-13,29,2.5,73,294_2419
2026-02-14,31,0.0,73,294_2419
2026-02-15,31,0.0,70,294_2419
2026-02-16,31,0.0,69,294_2419
2026-02-17,31,0.3,70,294_2419
2026-02-18,29,0.0,69,294_2419
2026-02-19,29,0.0,65,294_2419
2026-02-20,30,0.0,66,294_2419
2026-02-21,29,0.0,68,294_2419
2026-02-22,30,0.0,67,294_2419
2026-02-23,31,0.0,65,294_2419
2026-02-24,30,0.0,71,294_2419
2026-02-25,32,0.0,68,294_2419
2026-02-26,31,0.0,65,294_2419
2026-02-27,31,0.0,65,294_2419
2026-02-28,31,0.0,65,294_2419
2026-03-01,31,0.0,66,294_2419
2026-03-02,32,0.0,69,294_2419
2026-03-03,32,0.0,69,294_2419
2026-03-04,32,0.0,65,294_2419
2026-03-05,31,0.2,67,294_2419
2026-03-06,30,0.1,68,294_2419
2026-03-07,32,0.0,64,294_2419
2026-03-08,30,0.1,67,294_2419
2026-03-09,30,0.0,64,294_2419
2026-03-10,30,0.0,59,294_2419
2026-03-11,30,0.0,62,294_2419
2026-03-12,29,0.1,66,294_2419
2026-03-13,28,0.0,62,294_2419
2026-03-14,27,0.0,56,294_2419
2026-03-15,28,0.0,57,294_2419
2026-03-16,29,0.0,60,294_2419
2026-03-17,29,0.0,69,294_2419
2026-03-18,29,0.0,66,294_2419
2026-03-19,30,0.0,64,294_2419
2026-03-20,31,0.0,62,294_2419
2026-03-21,32,0.0,61,294_2419
2026-03-22,31,0.0,62,294_2419
2026-03-23,32,0.0,58,294_2419
2026-03-24,32,0.0,57,294_2419
2026-03-25,32,0.0,63,294_2419
2026-03-26,33,0.0,67,294_2419
2026-03-27,32,0.0,66,294_2419
2026-03-28,33,0.0,63,294_2419
2026-03-29,32,0.0,63,294_2419
2026-03-30,33,0.0,62,294_2419
2026-03-31,32,0.0,62,294_2419
2026-04-01,33,0.0,59,294_2419
2026-04-02,33,0.0,58,294_2419
2026-04-03,34,0.0,56,294_2419
2026-04-04,33,0.0,54,294_2419
2026-04-05,34,0.0,55,294_2419
2026-04-06,35,0.0,59,294_2419
2026-04-07,34,0.0,60,294_2419
2026-04-08,34,0.0,52,294_2419
2026-04-09,34,0.1,59,294_2419
2026-04-10,34,0.4,62,294_2419
2026-04-11,34,0.0,61,294_2419
2026-04-12,34,0.1,56,294_2419
2026-04-13,34,0.0,57,294_2419
2026-04-14,34,0.1,57,294_2419
2026-04-15,34,0.0,54,294_2419
2026-04-16,34,0.0,53,294_2419
2026-04-17,34,1.0,58,294_2419
2026-04-18,34,0.0,60,294_2419
2026-04-19,33,0.6,61,294_2419
2026-04-20,34,0.3,58,294_2419
2026-04-21,35,0.1,57,294_2419
2026-04-22,35,0.1,57,294_2419
2026-04-23,34,0.3,58,294_2419
2026-04-24,35,0.0,57,294_2419
2026-04-25,35,0.0,59,294_2419
2026-04-26,35,0.5,60,294_2419
2026-04-27,35,0.8,61,294_2419
2026-04-28,35,4.8,61,294_2419
2026-04-29,35,0.1,60,294_2419
2026-04-30,35,0.0,59,294_2419
2026-05-01,36,0.8,58,294_2419
2026-05-02,35,0.4,60,294_2419
2026-05-03,34,0.2,62,294_2419
2026-05-04,36,0.0,60,294_2419
2026-05-05,35,2.8,58,294_2419
2026-05-06,35,0.6,58,294_2419
2026-05-07,36,0.0,59,294_2419
2026-05-08,35,3.7,59,294_2419
2026-05-09,35,1.0,59,294_2419
2026-05-10,36,0.0,57,294_2419
2026-05-11,36,0.4,61,294_2419
2026-05-12,35,1.8,63,294_2419
2026-05-13,34,0.0,65,294_2419
2026-05-14,34,0.3,65,294_2419
2026-05-15,35,2.9,67,294_2419
2026-05-16,34,12.5,66,294_2419
2026-05-17,34,8.3,69,294_2419
2026-05-18,33,7.4,66,294_2419
2026-05-19,32,4.7,71,294_2419
2026-05-20,35,2.6,66,294_2419
2026-05-21,35,1.2,64,294_2419
2026-05-22,35,3.3,64,294_2419
2026-05-23,35,1.7,64,294_2419
2026-05-24,35,6.0,62,294_2419
2026-05-25,36,2.3,64,294_2419
2026-05-26,34,1.3,65,294_2419
2026-05-27,34,0.0,66,294_2419
2026-05-28,35,3.3,68,294_2419
2026-05-29,33,3.0,71,294_2419
2026-05-30,33,11.4,72,294_2419
2026-05-31,32,15.2,73,294_2419
2025-06-01,32,6.5,73,294_2420
2025-06-02,30,8.2,77,294_2420
2025-06-03,32,4.0,73,294_2420
2025-06-04,32,2.2,72,294_2420
2025-06-05,32,5.1,73,294_2420
2025-06-06,32,5.6,74,294_2420
2025-06-07,32,13.5,74,294_2420
2025-06-08,31,16.2,77,294_2420
2025-06-09,30,40.2,83,294_2420
2025-06-10,27,11.1,86,294_2420
2025-06-11,26,59.0,91,294_2420
2025-06-12,28,64.7,91,294_2420
2025-06-13,31,1.2,76,294_2420
2025-06-14,32,1.6,72,294_2420
2025-06-15,33,3.8,74,294_2420
2025-06-16,33,5.7,72,294_2420
2025-06-17,32,26.8,77,294_2420
2025-06-18,31,13.2,75,294_2420
2025-06-19,32,1.2,71,294_2420
2025-06-20,33,2.9,68,294_2420
2025-06-21,34,4.8,71,294_2420
2025-06-22,27,16.0,83,294_2420
2025-06-23,30,13.3,78,294_2420
2025-06-24,30,8.4,79,294_2420
2025-06-25,32,9.0,74,294_2420
2025-06-26,31,10.9,77,294_2420
2025-06-27,29,9.3,82,294_2420
2025-06-28,30,1.7,75,294_2420
2025-06-29,31,26.9,80,294_2420
2025-06-30,30,15.0,81,294_2420
2025-07-01,30,8.3,78,294_2420
2025-07-02,31,38.3,82,294_2420
2025-07-03,27,76.8,91,294_2420
2025-07-04,29,41.8,87,294_2420
2025-07-05,29,32.7,84,294_2420
2025-07-06,29,11.8,79,294_2420
2025-07-07,31,0.7,75,294_2420
2025-07-08,30,8.5,79,294_2420
2025-07-09,30,7.0,77,294_2420
2025-07-10,30,7.9,78,294_2420
2025-07-11,30,8.3,79,294_2420
2025-07-12,30,2.7,77,294_2420
2025-07-13,30,4.3,78,294_2420
2025-07-14,31,0.6,75,294_2420
2025-07-15,31,1.2,76,294_2420
2025-07-16,31,2.9,77,294_2420
2025-07-17,30,21.0,81,294_2420
2025-07-18,27,32.5,87,294_2420
2025-07-19,27,39.9,88,294_2420
2025-07-20,29,34.8,86,294_2420
2025-07-21,28,40.1,87,294_2420
2025-07-22,27,46.2,90,294_2420
2025-07-23,27,43.1,91,294_2420
2025-07-24,27,59.7,91,294_2420
2025-07-25,28,33.4,89,294_2420
2025-07-26,29,17.5,83,294_2420
2025-07-27,29,22.2,84,294_2420
2025-07-28,29,23.6,84,294_2420
2025-07-29,29,27.4,84,294_2420
2025-07-30,30,4.0,76,294_2420
2025-07-31,30,3.9,75,294_2420
2025-08-01,30,3.3,79,294_2420
2025-08-02,32,0.0,74,294_2420
2025-08-03,31,0.0,74,294_2420
2025-08-04,32,0.0,71,294_2420
2025-08-05,32,4.7,71,294_2420
2025-08-06,31,7.3,73,294_2420
2025-08-07,30,6.9,77,294_2420
2025-08-08,29,7.6,79,294_2420
2025-08-09,30,0.5,73,294_2420
2025-08-10,31,0.0,73,294_2420
2025-08-11,31,0.9,73,294_2420
2025-08-12,32,7.8,76,294_2420
2025-08-13,31,7.7,75,294_2420
2025-08-14,30,12.5,77,294_2420
2025-08-15,30,38.9,79,294_2420
2025-08-16,29,20.8,81,294_2420
2025-08-17,31,7.8,77,294_2420
2025-08-18,33,4.8,73,294_2420
2025-08-19,32,7.2,75,294_2420
2025-08-20,31,1.0,74,294_2420
2025-08-21,29,7.7,81,294_2420
2025-08-22,29,20.9,83,294_2420
2025-08-23,27,9.3,83,294_2420
2025-08-24,30,6.0,74,294_2420
2025-08-25,30,21.7,79,294_2420
2025-08-26,26,27.2,90,294_2420
2025-08-27,29,2.7,82,294_2420
2025-08-28,29,16.8,84,294_2420
2025-08-29,29,23.3,86,294_2420
2025-08-30,30,15.0,82,294_2420
2025-08-31,29,7.9,81,294_2420
2025-09-01,29,24.4,86,294_2420
2025-09-02,29,16.1,86,294_2420
2025-09-03,30,19.2,82,294_2420
2025-09-04,29,21.7,84,294_2420
2025-09-05,27,16.9,88,294_2420
2025-09-06,26,6.4,88,294_2420
2025-09-07,29,10.0,81,294_2420
2025-09-08,30,2.2,78,294_2420
2025-09-09,31,2.5,71,294_2420
2025-09-10,31,7.4,74,294_2420
2025-09-11,30,2.2,75,294_2420
2025-09-12,31,20.4,79,294_2420
2025-09-13,30,6.9,80,294_2420
2025-09-14,28,2.5,82,294_2420
2025-09-15,31,7.2,78,294_2420
2025-09-16,30,6.2,77,294_2420
2025-09-17,30,17.8,81,294_2420
2025-09-18,30,4.2,80,294_2420
2025-09-19,30,10.5,77,294_2420
2025-09-20,29,9.9,83,294_2420
2025-09-21,27,37.0,88,294_2420
2025-09-22,27,82.7,92,294_2420
2025-09-23,29,34.6,86,294_2420
2025-09-24,29,17.9,81,294_2420
2025-09-25,29,9.7,80,294_2420
2025-09-26,29,6.8,85,294_2420
2025-09-27,31,3.4,77,294_2420
2025-09-28,31,3.2,77,294_2420
2025-09-29,31,9.5,78,294_2420
2025-09-30,31,5.0,76,294_2420
2025-10-01,29,7.0,80,294_2420
2025-10-02,31,2.9,77,294_2420
2025-10-03,29,21.0,83,294_2420
2025-10-04,30,1.8,78,294_2420
2025-10-05,30,7.4,79,294_2420
2025-10-06,30,0.5,75,294_2420
2025-10-07,31,0.0,74,294_2420
2025-10-08,30,5.4,76,294_2420
2025-10-09,31,5.2,74,294_2420
2025-10-10,30,6.9,80,294_2420
2025-10-11,30,15.6,83,294_2420
2025-10-12,30,7.6,80,294_2420
2025-10-13,30,3.8,78,294_2420
2025-10-14,30,0.1,76,294_2420
2025-10-15,30,0.0,76,294_2420
2025-10-16,31,0.0,74,294_2420
2025-10-17,32,0.0,71,294_2420
2025-10-18,32,1.6,73,294_2420
2025-10-19,28,6.3,79,294_2420
2025-10-20,31,3.1,80,294_2420
2025-10-21,31,4.1,79,294_2420
2025-10-22,31,2.1,77,294_2420
2025-10-23,31,0.5,74,294_2420
2025-10-24,31,1.4,74,294_2420
2025-10-25,31,4.4,75,294_2420
2025-10-26,31,10.4,80,294_2420
2025-10-27,32,0.8,73,294_2420
2025-10-28,31,10.0,77,294_2420
2025-10-29,31,10.7,78,294_2420
2025-10-30,30,0.6,77,294_2420
2025-10-31,31,2.2,77,294_2420
2025-11-01,31,1.4,75,294_2420
2025-11-02,31,1.8,73,294_2420
2025-11-03,28,29.2,84,294_2420
2025-11-04,30,21.3,79,294_2420
2025-11-05,32,2.6,75,294_2420
2025-11-06,32,5.5,75,294_2420
2025-11-07,31,9.9,79,294_2420
2025-11-08,30,3.3,78,294_2420
2025-11-09,27,13.3,85,294_2420
2025-11-10,28,32.2,87,294_2420
2025-11-11,29,23.0,84,294_2420
2025-11-12,30,0.0,78,294_2420
2025-11-13,30,3.4,81,294_2420
2025-11-14,29,0.0,79,294_2420
2025-11-15,30,0.0,76,294_2420
2025-11-16,31,0.0,72,294_2420
2025-11-17,31,0.0,73,294_2420
2025-11-18,31,0.0,71,294_2420
2025-11-19,31,0.2,70,294_2420
2025-11-20,30,0.0,71,294_2420
2025-11-21,29,0.0,76,294_2420
2025-11-22,31,0.0,71,294_2420
2025-11-23,30,0.0,71,294_2420
2025-11-24,31,0.0,68,294_2420
2025-11-25,27,19.6,76,294_2420
2025-11-26,30,3.1,77,294_2420
2025-11-27,30,8.4,79,294_2420
2025-11-28,29,12.5,80,294_2420
2025-11-29,26,15.4,90,294_2420
2025-11-30,30,8.8,79,294_2420
2025-12-01,30,10.2,81,294_2420
2025-12-02,30,3.0,79,294_2420
2025-12-03,30,4.3,77,294_2420
2025-12-04,29,1.2,71,294_2420
2025-12-05,28,0.0,69,294_2420
2025-12-06,28,0.0,69,294_2420
2025-12-07,25,25.8,83,294_2420
2025-12-08,28,8.6,87,294_2420
2025-12-09,31,0.0,77,294_2420
2025-12-10,30,0.1,76,294_2420
2025-12-11,30,0.0,77,294_2420
2025-12-12,30,0.0,73,294_2420
2025-12-13,28,0.0,77,294_2420
2025-12-14,30,0.0,71,294_2420
2025-12-15,28,0.8,74,294_2420
2025-12-16,28,1.1,78,294_2420
2025-12-17,27,3.6,80,294_2420
2025-12-18,28,0.2,76,294_2420
2025-12-19,28,0.3,77,294_2420
2025-12-20,27,0.5,79,294_2420
2025-12-21,27,0.0,74,294_2420
2025-12-22,28,0.2,75,294_2420
2025-12-23,29,0.0,72,294_2420
2025-12-24,29,0.0,77,294_2420
2025-12-25,30,0.4,75,294_2420
2025-12-26,30,0.0,72,294_2420
2025-12-27,30,0.0,70,294_2420
2025-12-28,30,0.0,73,294_2420
2025-12-29,30,0.2,74,294_2420
2025-12-30,30,0.8,72,294_2420
2025-12-31,29,2.9,75,294_2420
2026-01-01,26,0.7,81,294_2420
2026-01-02,25,13.9,90,294_2420
2026-01-03,25,0.2,77,294_2420
2026-01-04,26,0.0,74,294_2420
2026-01-05,26,0.6,80,294_2420
2026-01-06,28,0.1,76,294_2420
2026-01-07,28,0.6,71,294_2420
2026-01-08,25,9.5,82,294_2420
2026-01-09,25,3.4,82,294_2420
2026-01-10,29,1.2,78,294_2420
2026-01-11,29,1.5,74,294_2420
2026-01-12,29,0.0,69,294_2420
2026-01-13,29,7.5,77,294_2420
2026-01-14,29,7.0,78,294_2420
2026-01-15,27,2.1,79,294_2420
2026-01-16,29,0.0,73,294_2420
2026-01-17,29,0.0,74,294_2420
2026-01-18,27,0.1,76,294_2420
2026-01-19,29,1.5,74,294_2420
2026-01-20,30,0.1,70,294_2420
2026-01-21,29,0.2,68,294_2420
2026-01-22,28,0.0,65,294_2420
2026-01-23,28,0.0,65,294_2420
2026-01-24,26,0.6,70,294_2420
2026-01-25,28,0.0,69,294_2420
2026-01-26,28,0.0,69,294_2420
2026-01-27,29,0.1,75,294_2420
2026-01-28,28,0.0,71,294_2420
2026-01-29,28,0.0,66,294_2420
2026-01-30,28,0.0,70,294_2420
2026-01-31,29,0.0,64,294_2420
2026-02-01,29,0.0,64,294_2420
2026-02-02,29,0.0,64,294_2420
2026-02-03,30,0.0,63,294_2420
2026-02-04,28,0.5,70,294_2420
2026-02-05,30,0.0,62,294_2420
2026-02-06,29,0.0,70,294_2420
2026-02-07,29,0.7,77,294_2420
2026-02-08,27,3.0,78,294_2420
2026-02-09,26,0.0,69,294_2420
2026-02-10,28,0.0,71,294_2420
2026-02-11,27,0.4,76,294_2420
2026-02-12,29,0.0,70,294_2420
2026-02-13,29,2.5,73,294_2420
2026-02-14,31,0.0,73,294_2420
2026-02-15,31,0.0,70,294_2420
2026-02-16,31,0.0,69,294_2420
2026-02-17,31,0.3,70,294_2420
2026-02-18,29,0.0,69,294_2420
2026-02-19,29,0.0,65,294_2420
2026-02-20,30,0.0,66,294_2420
2026-02-21,29,0.0,68,294_2420
2026-02-22,30,0.0,67,294_2420
2026-02-23,31,0.0,65,294_2420
2026-02-24,30,0.0,71,294_2420
2026-02-25,32,0.0,68,294_2420
2026-02-26,31,0.0,65,294_2420
2026-02-27,31,0.0,65,294_2420
2026-02-28,31,0.0,65,294_2420
2026-03-01,31,0.0,66,294_2420
2026-03-02,32,0.0,69,294_2420
2026-03-03,32,0.0,69,294_2420
2026-03-04,32,0.0,65,294_2420
2026-03-05,31,0.2,67,294_2420
2026-03-06,30,0.1,68,294_2420
2026-03-07,32,0.0,64,294_2420
2026-03-08,30,0.1,67,294_2420
2026-03-09,30,0.0,64,294_2420
2026-03-10,30,0.0,59,294_2420
2026-03-11,30,0.0,62,294_2420
2026-03-12,29,0.1,66,294_2420
2026-03-13,28,0.0,62,294_2420
2026-03-14,27,0.0,56,294_2420
2026-03-15,28,0.0,57,294_2420
2026-03-16,29,0.0,60,294_2420
2026-03-17,29,0.0,69,294_2420
2026-03-18,29,0.0,66,294_2420
2026-03-19,30,0.0,64,294_2420
2026-03-20,31,0.0,62,294_2420
2026-03-21,32,0.0,61,294_2420
2026-03-22,31,0.0,62,294_2420
2026-03-23,32,0.0,58,294_2420
2026-03-24,32,0.0,57,294_2420
2026-03-25,32,0.0,63,294_2420
2026-03-26,33,0.0,67,294_2420
2026-03-27,32,0.0,66,294_2420
2026-03-28,33,0.0,63,294_2420
2026-03-29,32,0.0,63,294_2420
2026-03-30,33,0.0,62,294_2420
2026-03-31,32,0.0,62,294_2420
2026-04-01,33,0.0,59,294_2420
2026-04-02,33,0.0,58,294_2420
2026-04-03,34,0.0,56,294_2420
2026-04-04,33,0.0,54,294_2420
2026-04-05,34,0.0,55,294_2420
2026-04-06,35,0.0,59,294_2420
2026-04-07,34,0.0,60,294_2420
2026-04-08,34,0.0,52,294_2420
2026-04-09,34,0.1,59,294_2420
2026-04-10,34,0.4,62,294_2420
2026-04-11,34,0.0,61,294_2420
2026-04-12,34,0.1,56,294_2420
2026-04-13,34,0.0,57,294_2420
2026-04-14,34,0.1,57,294_2420
2026-04-15,34,0.0,54,294_2420
2026-04-16,34,0.0,53,294_2420
2026-04-17,34,1.0,58,294_2420
2026-04-18,34,0.0,60,294_2420
2026-04-19,33,0.6,61,294_2420
2026-04-20,34,0.3,58,294_2420
2026-04-21,35,0.1,57,294_2420
2026-04-22,35,0.1,57,294_2420
2026-04-23,34,0.3,58,294_2420
2026-04-24,35,0.0,57,294_2420
2026-04-25,35,0.0,59,294_2420
2026-04-26,35,0.5,60,294_2420
2026-04-27,35,0.8,61,294_2420
2026-04-28,35,4.8,61,294_2420
2026-04-29,35,0.1,60,294_2420
2026-04-30,35,0.0,59,294_2420
2026-05-01,36,0.8,58,294_2420
2026-05-02,35,0.4,60,294_2420
2026-05-03,34,0.2,62,294_2420
2026-05-04,36,0.0,60,294_2420
2026-05-05,35,2.8,58,294_2420
2026-05-06,35,0.6,58,294_2420
2026-05-07,36,0.0,59,294_2420
2026-05-08,35,3.7,59,294_2420
2026-05-09,35,1.0,59,294_2420
2026-05-10,36,0.0,57,294_2420
2026-05-11,36,0.4,61,294_2420
2026-05-12,35,1.8,63,294_2420
2026-05-13,34,0.0,65,294_2420
2026-05-14,34,0.3,65,294_2420
2026-05-15,35,2.9,67,294_2420
2026-05-16,34,12.5,66,294_2420
2026-05-17,34,8.3,69,294_2420
2026-05-18,33,7.4,66,294_2420
2026-05-19,32,4.7,71,294_2420
2026-05-20,35,2.6,66,294_2420
2026-05-21,35,1.2,64,294_2420
2026-05-22,35,3.3,64,294_2420
2026-05-23,35,1.7,64,294_2420
2026-05-24,35,6.0,62,294_2420
2026-05-25,36,2.3,64,294_2420
2026-05-26,34,1.3,65,294_2420
2026-05-27,34,0.0,66,294_2420
2026-05-28,35,3.3,68,294_2420
2026-05-29,33,3.0,71,294_2420
2026-05-30,33,11.4,72,294_2420
2026-05-31,32,15.2,73,294_2420
2025-06-01,32,6.5,72,294_2421
2025-06-02,30,8.9,77,294_2421
2025-06-03,32,4.0,74,294_2421
2025-06-04,32,2.0,72,294_2421
2025-06-05,32,8.1,75,294_2421
2025-06-06,32,3.3,75,294_2421
2025-06-07,32,13.8,74,294_2421
2025-06-08,31,16.8,78,294_2421
2025-06-09,30,40.7,84,294_2421
2025-06-10,27,9.9,86,294_2421
2025-06-11,26,52.1,94,294_2421
2025-06-12,28,62.6,94,294_2421
2025-06-13,32,1.6,77,294_2421
2025-06-14,32,0.3,73,294_2421
2025-06-15,33,3.7,74,294_2421
2025-06-16,34,5.6,72,294_2421
2025-06-17,31,20.2,77,294_2421
2025-06-18,31,10.2,76,294_2421
2025-06-19,32,1.0,71,294_2421
2025-06-20,33,3.3,68,294_2421
2025-06-21,34,4.7,72,294_2421
2025-06-22,27,15.6,84,294_2421
2025-06-23,30,12.5,79,294_2421
2025-06-24,30,10.6,80,294_2421
2025-06-25,32,6.3,75,294_2421
2025-06-26,31,11.4,78,294_2421
2025-06-27,29,6.9,84,294_2421
2025-06-28,30,2.0,75,294_2421
2025-06-29,31,28.5,81,294_2421
2025-06-30,30,15.1,82,294_2421
2025-07-01,30,9.6,79,294_2421
2025-07-02,30,33.8,83,294_2421
2025-07-03,26,78.2,92,294_2421
2025-07-04,29,38.2,88,294_2421
2025-07-05,29,30.3,85,294_2421
2025-07-06,29,11.8,80,294_2421
2025-07-07,31,0.8,75,294_2421
2025-07-08,30,8.2,80,294_2421
2025-07-09,30,7.8,78,294_2421
2025-07-10,30,8.4,79,294_2421
2025-07-11,30,7.9,79,294_2421
2025-07-12,30,2.6,78,294_2421
2025-07-13,30,4.6,79,294_2421
2025-07-14,31,0.5,75,294_2421
2025-07-15,31,1.2,76,294_2421
2025-07-16,30,3.3,78,294_2421
2025-07-17,29,22.1,83,294_2421
2025-07-18,27,37.3,89,294_2421
2025-07-19,27,40.2,89,294_2421
2025-07-20,29,34.3,87,294_2421
2025-07-21,28,37.2,88,294_2421
2025-07-22,27,43.6,91,294_2421
2025-07-23,26,41.4,92,294_2421
2025-07-24,26,67.2,94,294_2421
2025-07-25,28,33.2,90,294_2421
2025-07-26,29,16.4,84,294_2421
2025-07-27,29,21.2,85,294_2421
2025-07-28,29,23.2,84,294_2421
2025-07-29,29,27.7,84,294_2421
2025-07-30,30,3.2,75,294_2421
2025-07-31,30,3.6,74,294_2421
2025-08-01,30,3.5,79,294_2421
2025-08-02,32,0.0,75,294_2421
2025-08-03,31,0.0,75,294_2421
2025-08-04,32,0.0,71,294_2421
2025-08-05,32,4.4,72,294_2421
2025-08-06,32,6.2,73,294_2421
2025-08-07,30,8.4,78,294_2421
2025-08-08,29,10.0,81,294_2421
2025-08-09,31,1.4,75,294_2421
2025-08-10,31,0.0,73,294_2421
2025-08-11,31,0.6,74,294_2421
2025-08-12,31,8.4,76,294_2421
2025-08-13,31,7.7,76,294_2421
2025-08-14,30,11.0,78,294_2421
2025-08-15,30,39.4,80,294_2421
2025-08-16,29,22.3,82,294_2421
2025-08-17,31,9.3,79,294_2421
2025-08-18,33,5.5,75,294_2421
2025-08-19,32,7.4,75,294_2421
2025-08-20,31,0.3,75,294_2421
2025-08-21,29,7.3,82,294_2421
2025-08-22,29,19.3,85,294_2421
2025-08-23,27,3.8,83,294_2421
2025-08-24,30,6.7,75,294_2421
2025-08-25,30,20.5,79,294_2421
2025-08-26,26,31.7,93,294_2421
2025-08-27,29,3.8,83,294_2421
2025-08-28,28,17.5,85,294_2421
2025-08-29,29,24.9,87,294_2421
2025-08-30,30,16.3,83,294_2421
2025-08-31,29,8.5,83,294_2421
2025-09-01,29,23.9,87,294_2421
2025-09-02,29,16.9,88,294_2421
2025-09-03,29,15.7,85,294_2421
2025-09-04,29,22.6,85,294_2421
2025-09-05,27,18.2,88,294_2421
2025-09-06,26,6.2,88,294_2421
2025-09-07,29,8.4,82,294_2421
2025-09-08,30,1.4,79,294_2421
2025-09-09,32,1.7,70,294_2421
2025-09-10,31,6.3,74,294_2421
2025-09-11,30,0.5,76,294_2421
2025-09-12,31,21.1,79,294_2421
2025-09-13,31,6.6,80,294_2421
2025-09-14,28,2.6,82,294_2421
2025-09-15,31,6.0,79,294_2421
2025-09-16,30,6.3,78,294_2421
2025-09-17,29,18.2,84,294_2421
2025-09-18,30,3.7,81,294_2421
2025-09-19,30,10.7,78,294_2421
2025-09-20,29,11.0,84,294_2421
2025-09-21,27,34.2,89,294_2421
2025-09-22,27,70.8,92,294_2421
2025-09-23,29,34.3,86,294_2421
2025-09-24,29,16.8,82,294_2421
2025-09-25,29,9.8,81,294_2421
2025-09-26,28,7.5,86,294_2421
2025-09-27,31,1.8,77,294_2421
2025-09-28,31,3.6,77,294_2421
2025-09-29,31,9.7,79,294_2421
2025-09-30,31,2.2,76,294_2421
2025-10-01,29,7.9,82,294_2421
2025-10-02,30,3.2,78,294_2421
2025-10-03,29,25.1,85,294_2421
2025-10-04,30,2.3,79,294_2421
2025-10-05,29,7.5,80,294_2421
2025-10-06,30,0.7,75,294_2421
2025-10-07,31,0.0,75,294_2421
2025-10-08,30,4.4,76,294_2421
2025-10-09,31,5.0,75,294_2421
2025-10-10,29,7.1,81,294_2421
2025-10-11,30,18.0,84,294_2421
2025-10-12,30,7.7,81,294_2421
2025-10-13,31,3.0,79,294_2421
2025-10-14,30,0.2,77,294_2421
2025-10-15,30,0.0,77,294_2421
2025-10-16,31,0.0,75,294_2421
2025-10-17,32,0.0,72,294_2421
2025-10-18,32,1.5,73,294_2421
2025-10-19,28,5.3,84,294_2421
2025-10-20,31,2.0,80,294_2421
2025-10-21,31,3.5,79,294_2421
2025-10-22,31,2.6,79,294_2421
2025-10-23,31,0.4,74,294_2421
2025-10-24,31,0.9,77,294_2421
2025-10-25,32,4.9,78,294_2421
2025-10-26,31,7.5,79,294_2421
2025-10-27,32,0.1,75,294_2421
2025-10-28,31,7.3,76,294_2421
2025-10-29,31,12.0,79,294_2421
2025-10-30,30,0.4,78,294_2421
2025-10-31,31,1.5,77,294_2421
2025-11-01,31,1.2,77,294_2421
2025-11-02,31,1.3,74,294_2421
2025-11-03,28,35.4,85,294_2421
2025-11-04,30,23.9,81,294_2421
2025-11-05,32,1.6,75,294_2421
2025-11-06,32,4.8,75,294_2421
2025-11-07,30,9.0,79,294_2421
2025-11-08,30,3.0,79,294_2421
2025-11-09,26,13.9,88,294_2421
2025-11-10,27,31.7,87,294_2421
2025-11-11,29,24.7,85,294_2421
2025-11-12,30,0.1,79,294_2421
2025-11-13,30,3.4,81,294_2421
2025-11-14,29,0.0,79,294_2421
2025-11-15,30,0.0,76,294_2421
2025-11-16,31,0.0,73,294_2421
2025-11-17,31,0.0,73,294_2421
2025-11-18,31,0.0,72,294_2421
2025-11-19,30,0.3,70,294_2421
2025-11-20,30,0.0,72,294_2421
2025-11-21,28,0.0,79,294_2421
2025-11-22,30,0.0,72,294_2421
2025-11-23,30,0.0,72,294_2421
2025-11-24,31,0.0,69,294_2421
2025-11-25,27,24.2,77,294_2421
2025-11-26,30,3.6,78,294_2421
2025-11-27,30,6.6,79,294_2421
2025-11-28,30,9.6,80,294_2421
2025-11-29,26,15.6,90,294_2421
2025-11-30,30,7.8,81,294_2421
2025-12-01,30,11.9,82,294_2421
2025-12-02,30,3.5,80,294_2421
2025-12-03,30,3.7,77,294_2421
2025-12-04,28,1.6,72,294_2421
2025-12-05,28,0.0,70,294_2421
2025-12-06,28,0.0,69,294_2421
2025-12-07,24,32.0,83,294_2421
2025-12-08,27,7.9,88,294_2421
2025-12-09,30,0.0,80,294_2421
2025-12-10,30,0.1,79,294_2421
2025-12-11,30,0.3,78,294_2421
2025-12-12,30,0.0,74,294_2421
2025-12-13,28,0.0,79,294_2421
2025-12-14,29,0.0,72,294_2421
2025-12-15,28,0.8,75,294_2421
2025-12-16,28,1.7,78,294_2421
2025-12-17,27,4.1,80,294_2421
2025-12-18,28,0.3,77,294_2421
2025-12-19,26,0.2,81,294_2421
2025-12-20,27,0.7,80,294_2421
2025-12-21,27,0.0,78,294_2421
2025-12-22,28,0.4,76,294_2421
2025-12-23,29,0.0,73,294_2421
2025-12-24,29,0.0,78,294_2421
2025-12-25,30,0.5,75,294_2421
2025-12-26,29,0.0,73,294_2421
2025-12-27,30,0.0,71,294_2421
2025-12-28,30,0.0,74,294_2421
2025-12-29,31,0.2,76,294_2421
2025-12-30,30,0.8,73,294_2421
2025-12-31,29,1.6,75,294_2421
2026-01-01,26,1.0,81,294_2421
2026-01-02,25,10.9,90,294_2421
2026-01-03,25,0.1,78,294_2421
2026-01-04,26,0.0,75,294_2421
2026-01-05,25,0.4,81,294_2421
2026-01-06,27,0.2,77,294_2421
2026-01-07,28,0.5,73,294_2421
2026-01-08,25,12.1,84,294_2421
2026-01-09,25,3.7,83,294_2421
2026-01-10,29,1.6,78,294_2421
2026-01-11,29,1.6,74,294_2421
2026-01-12,29,0.0,70,294_2421
2026-01-13,28,8.6,78,294_2421
2026-01-14,29,6.5,78,294_2421
2026-01-15,27,2.9,80,294_2421
2026-01-16,29,0.0,74,294_2421
2026-01-17,29,0.0,77,294_2421
2026-01-18,26,0.1,80,294_2421
2026-01-19,29,1.1,74,294_2421
2026-01-20,30,0.0,70,294_2421
2026-01-21,29,0.0,69,294_2421
2026-01-22,27,0.0,65,294_2421
2026-01-23,27,0.0,67,294_2421
2026-01-24,26,0.6,70,294_2421
2026-01-25,27,0.0,70,294_2421
2026-01-26,28,0.0,70,294_2421
2026-01-27,28,0.2,76,294_2421
2026-01-28,28,0.0,71,294_2421
2026-01-29,28,0.0,67,294_2421
2026-01-30,28,0.3,71,294_2421
2026-01-31,29,0.0,65,294_2421
2026-02-01,29,0.0,64,294_2421
2026-02-02,29,0.0,64,294_2421
2026-02-03,30,0.0,63,294_2421
2026-02-04,28,0.6,71,294_2421
2026-02-05,30,0.0,63,294_2421
2026-02-06,29,0.0,70,294_2421
2026-02-07,28,0.9,78,294_2421
2026-02-08,27,3.2,78,294_2421
2026-02-09,25,0.0,70,294_2421
2026-02-10,28,0.0,71,294_2421
2026-02-11,27,0.4,79,294_2421
2026-02-12,28,0.0,71,294_2421
2026-02-13,29,2.5,74,294_2421
2026-02-14,31,0.0,74,294_2421
2026-02-15,31,0.0,71,294_2421
2026-02-16,31,0.0,70,294_2421
2026-02-17,31,0.2,71,294_2421
2026-02-18,29,0.0,69,294_2421
2026-02-19,29,0.0,67,294_2421
2026-02-20,29,0.0,68,294_2421
2026-02-21,29,0.0,69,294_2421
2026-02-22,30,0.0,67,294_2421
2026-02-23,30,0.0,66,294_2421
2026-02-24,30,0.0,71,294_2421
2026-02-25,32,0.0,68,294_2421
2026-02-26,32,0.0,65,294_2421
2026-02-27,31,0.0,65,294_2421
2026-02-28,31,0.0,65,294_2421
2026-03-01,31,0.0,66,294_2421
2026-03-02,32,0.0,69,294_2421
2026-03-03,32,0.0,69,294_2421
2026-03-04,33,0.0,65,294_2421
2026-03-05,31,0.0,67,294_2421
2026-03-06,31,0.0,68,294_2421
2026-03-07,32,0.0,65,294_2421
2026-03-08,30,0.2,67,294_2421
2026-03-09,29,0.0,65,294_2421
2026-03-10,29,0.0,61,294_2421
2026-03-11,30,0.0,63,294_2421
2026-03-12,29,0.0,67,294_2421
2026-03-13,27,0.0,63,294_2421
2026-03-14,27,0.0,57,294_2421
2026-03-15,28,0.0,58,294_2421
2026-03-16,29,0.0,60,294_2421
2026-03-17,29,0.0,70,294_2421
2026-03-18,30,0.0,67,294_2421
2026-03-19,30,0.0,66,294_2421
2026-03-20,32,0.0,63,294_2421
2026-03-21,32,0.0,61,294_2421
2026-03-22,31,0.0,62,294_2421
2026-03-23,32,0.0,58,294_2421
2026-03-24,33,0.0,57,294_2421
2026-03-25,32,0.0,63,294_2421
2026-03-26,33,0.0,67,294_2421
2026-03-27,33,0.0,65,294_2421
2026-03-28,33,0.0,64,294_2421
2026-03-29,32,0.0,63,294_2421
2026-03-30,34,0.0,60,294_2421
2026-03-31,33,0.0,62,294_2421
2026-04-01,33,0.0,60,294_2421
2026-04-02,33,0.0,59,294_2421
2026-04-03,34,0.0,56,294_2421
2026-04-04,34,0.0,54,294_2421
2026-04-05,34,0.0,54,294_2421
2026-04-06,35,0.0,59,294_2421
2026-04-07,35,0.0,59,294_2421
2026-04-08,35,0.0,52,294_2421
2026-04-09,34,0.7,60,294_2421
2026-04-10,34,0.0,62,294_2421
2026-04-11,34,0.0,60,294_2421
2026-04-12,34,0.2,56,294_2421
2026-04-13,34,0.0,58,294_2421
2026-04-14,34,0.0,57,294_2421
2026-04-15,34,0.0,54,294_2421
2026-04-16,34,0.0,54,294_2421
2026-04-17,34,0.3,58,294_2421
2026-04-18,34,0.3,60,294_2421
2026-04-19,34,0.9,61,294_2421
2026-04-20,35,0.7,58,294_2421
2026-04-21,35,0.0,57,294_2421
2026-04-22,37,0.0,57,294_2421
2026-04-23,35,0.4,58,294_2421
2026-04-24,35,0.0,57,294_2421
2026-04-25,35,0.6,59,294_2421
2026-04-26,36,0.8,60,294_2421
2026-04-27,36,1.3,62,294_2421
2026-04-28,34,2.1,61,294_2421
2026-04-29,35,0.1,59,294_2421
2026-04-30,35,0.0,60,294_2421
2026-05-01,37,0.5,59,294_2421
2026-05-02,36,0.2,60,294_2421
2026-05-03,36,0.0,62,294_2421
2026-05-04,35,0.0,61,294_2421
2026-05-05,35,1.7,58,294_2421
2026-05-06,35,0.2,57,294_2421
2026-05-07,37,0.0,59,294_2421
2026-05-08,36,0.0,59,294_2421
2026-05-09,36,0.3,60,294_2421
2026-05-10,38,0.0,55,294_2421
2026-05-11,36,0.2,61,294_2421
2026-05-12,36,1.9,61,294_2421
2026-05-13,34,0.0,64,294_2421
2026-05-14,34,1.2,65,294_2421
2026-05-15,35,5.7,68,294_2421
2026-05-16,34,13.0,66,294_2421
2026-05-17,34,7.9,69,294_2421
2026-05-18,33,10.1,67,294_2421
2026-05-19,32,6.2,72,294_2421
2026-05-20,35,2.4,66,294_2421
2026-05-21,35,1.9,64,294_2421
2026-05-22,35,2.7,64,294_2421
2026-05-23,35,2.8,63,294_2421
2026-05-24,36,6.7,61,294_2421
2026-05-25,35,2.3,64,294_2421
2026-05-26,34,2.2,65,294_2421
2026-05-27,34,0.0,65,294_2421
2026-05-28,35,2.5,68,294_2421
2026-05-29,34,3.3,67,294_2421
2026-05-30,34,11.9,74,294_2421
2026-05-31,32,15.4,74,294_2421
2025-06-01,32,6.5,72,294_2422
2025-06-02,30,8.9,77,294_2422
2025-06-03,32,4.0,74,294_2422
2025-06-04,32,2.0,72,294_2422
2025-06-05,32,4.7,74,294_2422
2025-06-06,32,4.6,74,294_2422
2025-06-07,32,13.8,74,294_2422
2025-06-08,31,16.8,78,294_2422
2025-06-09,30,40.7,84,294_2422
2025-06-10,27,9.9,86,294_2422
2025-06-11,26,42.9,92,294_2422
2025-06-12,28,56.5,91,294_2422
2025-06-13,31,1.2,77,294_2422
2025-06-14,32,0.3,73,294_2422
2025-06-15,33,3.7,74,294_2422
2025-06-16,34,5.6,72,294_2422
2025-06-17,31,20.2,77,294_2422
2025-06-18,31,10.2,76,294_2422
2025-06-19,32,1.0,71,294_2422
2025-06-20,33,3.3,68,294_2422
2025-06-21,34,4.7,72,294_2422
2025-06-22,27,15.6,84,294_2422
2025-06-23,30,12.5,79,294_2422
2025-06-24,30,10.6,80,294_2422
2025-06-25,32,12.3,76,294_2422
2025-06-26,31,11.4,78,294_2422
2025-06-27,29,7.7,83,294_2422
2025-06-28,30,2.0,75,294_2422
2025-06-29,31,28.5,81,294_2422
2025-06-30,30,15.1,82,294_2422
2025-07-01,30,9.6,79,294_2422
2025-07-02,30,33.8,83,294_2422
2025-07-03,26,78.2,92,294_2422
2025-07-04,29,38.2,88,294_2422
2025-07-05,29,30.3,85,294_2422
2025-07-06,29,11.8,80,294_2422
2025-07-07,31,0.8,75,294_2422
2025-07-08,30,8.2,80,294_2422
2025-07-09,30,7.8,78,294_2422
2025-07-10,30,8.4,79,294_2422
2025-07-11,30,7.9,79,294_2422
2025-07-12,30,2.6,78,294_2422
2025-07-13,30,4.6,79,294_2422
2025-07-14,31,0.5,75,294_2422
2025-07-15,31,1.2,76,294_2422
2025-07-16,30,3.3,78,294_2422
2025-07-17,29,22.1,83,294_2422
2025-07-18,27,37.3,89,294_2422
2025-07-19,27,40.2,89,294_2422
2025-07-20,29,34.3,87,294_2422
2025-07-21,28,37.2,88,294_2422
2025-07-22,27,43.6,91,294_2422
2025-07-23,26,41.4,92,294_2422
2025-07-24,27,60.3,91,294_2422
2025-07-25,28,33.2,90,294_2422
2025-07-26,29,16.4,84,294_2422
2025-07-27,29,21.2,85,294_2422
2025-07-28,29,23.2,84,294_2422
2025-07-29,29,27.7,84,294_2422
2025-07-30,30,3.2,75,294_2422
2025-07-31,30,3.6,74,294_2422
2025-08-01,30,3.5,79,294_2422
2025-08-02,32,0.0,75,294_2422
2025-08-03,31,0.0,75,294_2422
2025-08-04,32,0.0,71,294_2422
2025-08-05,32,4.4,72,294_2422
2025-08-06,32,6.2,73,294_2422
2025-08-07,30,8.4,78,294_2422
2025-08-08,29,10.0,81,294_2422
2025-08-09,31,0.4,73,294_2422
2025-08-10,31,0.0,73,294_2422
2025-08-11,31,0.6,74,294_2422
2025-08-12,31,8.4,76,294_2422
2025-08-13,31,7.7,76,294_2422
2025-08-14,30,11.0,78,294_2422
2025-08-15,30,39.4,80,294_2422
2025-08-16,29,22.3,82,294_2422
2025-08-17,31,9.3,79,294_2422
2025-08-18,33,3.8,73,294_2422
2025-08-19,32,7.4,75,294_2422
2025-08-20,31,0.3,75,294_2422
2025-08-21,29,7.3,82,294_2422
2025-08-22,29,19.3,85,294_2422
2025-08-23,27,3.8,83,294_2422
2025-08-24,30,6.7,75,294_2422
2025-08-25,30,20.5,79,294_2422
2025-08-26,26,33.0,91,294_2422
2025-08-27,29,3.8,83,294_2422
2025-08-28,28,17.5,85,294_2422
2025-08-29,29,24.9,87,294_2422
2025-08-30,30,16.3,83,294_2422
2025-08-31,29,8.5,83,294_2422
2025-09-01,29,23.9,87,294_2422
2025-09-02,29,16.9,88,294_2422
2025-09-03,30,17.0,83,294_2422
2025-09-04,29,22.6,85,294_2422
2025-09-05,27,18.2,88,294_2422
2025-09-06,26,6.2,88,294_2422
2025-09-07,29,8.4,82,294_2422
2025-09-08,30,1.4,79,294_2422
2025-09-09,32,1.7,70,294_2422
2025-09-10,31,6.3,74,294_2422
2025-09-11,30,0.5,76,294_2422
2025-09-12,31,21.1,79,294_2422
2025-09-13,31,6.6,80,294_2422
2025-09-14,28,2.6,82,294_2422
2025-09-15,31,6.0,79,294_2422
2025-09-16,30,6.3,78,294_2422
2025-09-17,30,19.8,82,294_2422
2025-09-18,30,3.7,81,294_2422
2025-09-19,30,10.7,78,294_2422
2025-09-20,29,11.0,84,294_2422
2025-09-21,27,34.2,89,294_2422
2025-09-22,27,70.8,92,294_2422
2025-09-23,29,34.3,86,294_2422
2025-09-24,29,16.8,82,294_2422
2025-09-25,29,9.8,81,294_2422
2025-09-26,28,7.5,86,294_2422
2025-09-27,31,1.8,77,294_2422
2025-09-28,31,3.6,77,294_2422
2025-09-29,31,9.7,79,294_2422
2025-09-30,31,2.2,76,294_2422
2025-10-01,29,7.9,82,294_2422
2025-10-02,30,3.2,78,294_2422
2025-10-03,29,25.1,85,294_2422
2025-10-04,30,2.3,79,294_2422
2025-10-05,29,7.5,80,294_2422
2025-10-06,30,0.7,75,294_2422
2025-10-07,31,0.0,75,294_2422
2025-10-08,30,4.4,76,294_2422
2025-10-09,31,5.0,75,294_2422
2025-10-10,29,7.1,81,294_2422
2025-10-11,30,18.0,84,294_2422
2025-10-12,30,7.7,81,294_2422
2025-10-13,31,3.0,79,294_2422
2025-10-14,30,0.2,77,294_2422
2025-10-15,30,0.0,77,294_2422
2025-10-16,31,0.0,75,294_2422
2025-10-17,32,0.0,72,294_2422
2025-10-18,32,1.5,73,294_2422
2025-10-19,28,6.1,80,294_2422
2025-10-20,31,2.0,80,294_2422
2025-10-21,31,3.5,79,294_2422
2025-10-22,31,2.2,77,294_2422
2025-10-23,31,0.4,74,294_2422
2025-10-24,31,1.4,75,294_2422
2025-10-25,31,3.4,76,294_2422
2025-10-26,31,7.5,79,294_2422
2025-10-27,32,0.2,73,294_2422
2025-10-28,31,7.3,76,294_2422
2025-10-29,31,12.0,79,294_2422
2025-10-30,30,0.4,78,294_2422
2025-10-31,31,1.5,77,294_2422
2025-11-01,31,0.8,76,294_2422
2025-11-02,31,1.3,74,294_2422
2025-11-03,28,35.4,85,294_2422
2025-11-04,30,23.9,81,294_2422
2025-11-05,32,1.6,75,294_2422
2025-11-06,32,4.8,75,294_2422
2025-11-07,30,9.0,79,294_2422
2025-11-08,30,3.0,79,294_2422
2025-11-09,26,15.4,85,294_2422
2025-11-10,27,31.7,87,294_2422
2025-11-11,29,24.7,85,294_2422
2025-11-12,30,0.1,79,294_2422
2025-11-13,30,3.4,81,294_2422
2025-11-14,29,0.0,79,294_2422
2025-11-15,30,0.0,76,294_2422
2025-11-16,31,0.0,73,294_2422
2025-11-17,31,0.0,73,294_2422
2025-11-18,31,0.0,72,294_2422
2025-11-19,30,0.3,70,294_2422
2025-11-20,30,0.0,72,294_2422
2025-11-21,29,0.0,77,294_2422
2025-11-22,30,0.0,72,294_2422
2025-11-23,30,0.0,72,294_2422
2025-11-24,31,0.0,69,294_2422
2025-11-25,27,24.2,77,294_2422
2025-11-26,30,3.6,78,294_2422
2025-11-27,30,6.6,79,294_2422
2025-11-28,30,9.6,80,294_2422
2025-11-29,26,15.6,90,294_2422
2025-11-30,30,6.7,79,294_2422
2025-12-01,30,11.9,82,294_2422
2025-12-02,30,3.5,80,294_2422
2025-12-03,30,3.7,77,294_2422
2025-12-04,28,1.6,72,294_2422
2025-12-05,28,0.0,70,294_2422
2025-12-06,28,0.0,69,294_2422
2025-12-07,24,32.0,83,294_2422
2025-12-08,27,7.9,88,294_2422
2025-12-09,31,0.0,77,294_2422
2025-12-10,30,0.3,77,294_2422
2025-12-11,30,0.3,78,294_2422
2025-12-12,30,0.0,74,294_2422
2025-12-13,28,0.0,79,294_2422
2025-12-14,29,0.0,72,294_2422
2025-12-15,28,0.8,75,294_2422
2025-12-16,28,1.7,78,294_2422
2025-12-17,27,4.1,80,294_2422
2025-12-18,28,0.3,77,294_2422
2025-12-19,28,0.4,77,294_2422
2025-12-20,27,0.7,80,294_2422
2025-12-21,27,0.0,75,294_2422
2025-12-22,28,0.4,76,294_2422
2025-12-23,29,0.0,73,294_2422
2025-12-24,29,0.0,78,294_2422
2025-12-25,30,0.5,75,294_2422
2025-12-26,29,0.0,73,294_2422
2025-12-27,30,0.0,71,294_2422
2025-12-28,30,0.0,74,294_2422
2025-12-29,30,0.1,74,294_2422
2025-12-30,30,0.8,73,294_2422
2025-12-31,29,1.6,75,294_2422
2026-01-01,26,1.0,81,294_2422
2026-01-02,25,10.9,90,294_2422
2026-01-03,25,0.1,78,294_2422
2026-01-04,26,0.0,75,294_2422
2026-01-05,25,0.4,81,294_2422
2026-01-06,27,0.2,77,294_2422
2026-01-07,28,0.5,73,294_2422
2026-01-08,25,12.1,84,294_2422
2026-01-09,25,3.7,83,294_2422
2026-01-10,29,1.6,78,294_2422
2026-01-11,29,1.6,74,294_2422
2026-01-12,29,0.0,70,294_2422
2026-01-13,28,8.6,78,294_2422
2026-01-14,29,6.5,78,294_2422
2026-01-15,27,2.9,80,294_2422
2026-01-16,29,0.0,74,294_2422
2026-01-17,28,0.0,75,294_2422
2026-01-18,26,0.2,77,294_2422
2026-01-19,29,1.1,74,294_2422
2026-01-20,30,0.0,70,294_2422
2026-01-21,29,0.0,69,294_2422
2026-01-22,27,0.0,65,294_2422
2026-01-23,27,0.0,67,294_2422
2026-01-24,26,0.6,70,294_2422
2026-01-25,27,0.0,70,294_2422
2026-01-26,28,0.0,70,294_2422
2026-01-27,28,0.2,76,294_2422
2026-01-28,28,0.0,71,294_2422
2026-01-29,28,0.0,67,294_2422
2026-01-30,28,0.3,71,294_2422
2026-01-31,29,0.0,65,294_2422
2026-02-01,29,0.0,64,294_2422
2026-02-02,29,0.0,64,294_2422
2026-02-03,30,0.0,63,294_2422
2026-02-04,28,0.6,71,294_2422
2026-02-05,30,0.0,63,294_2422
2026-02-06,29,0.0,70,294_2422
2026-02-07,28,0.9,78,294_2422
2026-02-08,27,3.2,78,294_2422
2026-02-09,25,0.0,70,294_2422
2026-02-10,28,0.0,71,294_2422
2026-02-11,27,0.5,78,294_2422
2026-02-12,28,0.0,71,294_2422
2026-02-13,29,2.5,74,294_2422
2026-02-14,31,0.0,74,294_2422
2026-02-15,31,0.0,71,294_2422
2026-02-16,31,0.0,70,294_2422
2026-02-17,31,0.2,71,294_2422
2026-02-18,29,0.0,69,294_2422
2026-02-19,29,0.0,65,294_2422
2026-02-20,29,0.0,66,294_2422
2026-02-21,29,0.0,69,294_2422
2026-02-22,30,0.0,67,294_2422
2026-02-23,30,0.0,66,294_2422
2026-02-24,30,0.0,71,294_2422
2026-02-25,32,0.0,68,294_2422
2026-02-26,31,0.0,65,294_2422
2026-02-27,31,0.0,65,294_2422
2026-02-28,31,0.0,65,294_2422
2026-03-01,31,0.0,66,294_2422
2026-03-02,32,0.0,69,294_2422
2026-03-03,32,0.0,69,294_2422
2026-03-04,32,0.0,65,294_2422
2026-03-05,31,0.0,67,294_2422
2026-03-06,31,0.0,68,294_2422
2026-03-07,32,0.0,65,294_2422
2026-03-08,30,0.2,67,294_2422
2026-03-09,29,0.0,65,294_2422
2026-03-10,30,0.0,60,294_2422
2026-03-11,30,0.0,63,294_2422
2026-03-12,29,0.0,67,294_2422
2026-03-13,27,0.0,63,294_2422
2026-03-14,27,0.0,57,294_2422
2026-03-15,28,0.0,58,294_2422
2026-03-16,29,0.0,60,294_2422
2026-03-17,29,0.0,70,294_2422
2026-03-18,30,0.0,67,294_2422
2026-03-19,30,0.0,65,294_2422
2026-03-20,31,0.0,63,294_2422
2026-03-21,32,0.0,61,294_2422
2026-03-22,31,0.0,62,294_2422
2026-03-23,32,0.0,58,294_2422
2026-03-24,32,0.0,58,294_2422
2026-03-25,32,0.0,63,294_2422
2026-03-26,33,0.0,67,294_2422
2026-03-27,32,0.0,67,294_2422
2026-03-28,33,0.0,64,294_2422
2026-03-29,32,0.0,63,294_2422
2026-03-30,33,0.0,63,294_2422
2026-03-31,33,0.0,62,294_2422
2026-04-01,33,0.0,60,294_2422
2026-04-02,33,0.0,59,294_2422
2026-04-03,34,0.0,56,294_2422
2026-04-04,34,0.0,54,294_2422
2026-04-05,34,0.0,54,294_2422
2026-04-06,35,0.0,59,294_2422
2026-04-07,35,0.0,59,294_2422
2026-04-08,35,0.0,52,294_2422
2026-04-09,34,0.7,60,294_2422
2026-04-10,34,0.0,62,294_2422
2026-04-11,34,0.0,60,294_2422
2026-04-12,34,0.2,56,294_2422
2026-04-13,34,0.0,58,294_2422
2026-04-14,34,0.0,57,294_2422
2026-04-15,34,0.0,54,294_2422
2026-04-16,34,0.0,54,294_2422
2026-04-17,34,0.3,58,294_2422
2026-04-18,34,0.3,60,294_2422
2026-04-19,34,0.9,61,294_2422
2026-04-20,35,0.7,58,294_2422
2026-04-21,35,0.0,57,294_2422
2026-04-22,35,0.0,57,294_2422
2026-04-23,35,0.4,58,294_2422
2026-04-24,35,0.0,57,294_2422
2026-04-25,35,0.6,59,294_2422
2026-04-26,36,0.8,60,294_2422
2026-04-27,36,1.3,62,294_2422
2026-04-28,34,2.1,61,294_2422
2026-04-29,35,0.1,59,294_2422
2026-04-30,35,0.0,60,294_2422
2026-05-01,36,0.0,59,294_2422
2026-05-02,35,0.6,61,294_2422
2026-05-03,36,0.0,62,294_2422
2026-05-04,35,0.0,61,294_2422
2026-05-05,35,1.7,58,294_2422
2026-05-06,35,0.2,57,294_2422
2026-05-07,37,0.0,59,294_2422
2026-05-08,36,0.0,59,294_2422
2026-05-09,36,0.3,60,294_2422
2026-05-10,37,0.0,57,294_2422
2026-05-11,36,0.2,61,294_2422
2026-05-12,35,0.3,63,294_2422
2026-05-13,34,0.0,64,294_2422
2026-05-14,34,1.2,65,294_2422
2026-05-15,35,5.7,68,294_2422
2026-05-16,34,13.0,66,294_2422
2026-05-17,34,7.9,69,294_2422
2026-05-18,33,10.1,67,294_2422
2026-05-19,32,6.2,72,294_2422
2026-05-20,35,2.4,66,294_2422
2026-05-21,35,1.9,64,294_2422
2026-05-22,35,2.7,64,294_2422
2026-05-23,35,2.8,63,294_2422
2026-05-24,36,2.2,62,294_2422
2026-05-25,35,2.3,64,294_2422
2026-05-26,34,2.2,65,294_2422
2026-05-27,34,0.0,65,294_2422
2026-05-28,35,2.5,68,294_2422
2026-05-29,34,3.3,67,294_2422
2026-05-30,33,12.1,73,294_2422
2026-05-31,32,15.4,74,294_2422
2025-06-01,32,6.5,73,295_2419
2025-06-02,30,8.2,77,295_2419
2025-06-03,32,4.0,73,295_2419
2025-06-04,33,1.6,71,295_2419
2025-06-05,32,5.1,73,295_2419
2025-06-06,32,5.6,74,295_2419
2025-06-07,32,12.7,75,295_2419
2025-06-08,31,16.2,77,295_2419
2025-06-09,30,40.2,83,295_2419
2025-06-10,27,11.1,86,295_2419
2025-06-11,26,59.0,91,295_2419
2025-06-12,28,67.2,93,295_2419
2025-06-13,31,1.2,76,295_2419
2025-06-14,32,1.6,72,295_2419
2025-06-15,33,3.8,74,295_2419
2025-06-16,33,5.7,72,295_2419
2025-06-17,32,26.8,77,295_2419
2025-06-18,31,13.2,75,295_2419
2025-06-19,32,1.2,71,295_2419
2025-06-20,33,2.9,68,295_2419
2025-06-21,34,4.8,71,295_2419
2025-06-22,27,16.0,83,295_2419
2025-06-23,30,13.3,78,295_2419
2025-06-24,30,8.4,79,295_2419
2025-06-25,32,9.0,74,295_2419
2025-06-26,31,10.9,77,295_2419
2025-06-27,29,9.3,82,295_2419
2025-06-28,30,1.7,75,295_2419
2025-06-29,31,26.9,80,295_2419
2025-06-30,30,15.0,81,295_2419
2025-07-01,30,8.3,78,295_2419
2025-07-02,31,38.3,82,295_2419
2025-07-03,27,76.8,91,295_2419
2025-07-04,29,41.8,87,295_2419
2025-07-05,29,32.7,84,295_2419
2025-07-06,29,14.5,82,295_2419
2025-07-07,31,0.7,75,295_2419
2025-07-08,30,8.5,79,295_2419
2025-07-09,30,7.0,77,295_2419
2025-07-10,30,7.9,78,295_2419
2025-07-11,30,8.3,79,295_2419
2025-07-12,30,2.7,77,295_2419
2025-07-13,30,4.3,78,295_2419
2025-07-14,31,0.6,75,295_2419
2025-07-15,31,1.2,76,295_2419
2025-07-16,31,2.9,77,295_2419
2025-07-17,30,21.0,81,295_2419
2025-07-18,27,22.2,88,295_2419
2025-07-19,27,39.9,88,295_2419
2025-07-20,29,34.8,86,295_2419
2025-07-21,28,40.1,87,295_2419
2025-07-22,27,46.2,90,295_2419
2025-07-23,27,39.0,92,295_2419
2025-07-24,27,59.7,91,295_2419
2025-07-25,28,33.4,89,295_2419
2025-07-26,29,17.5,83,295_2419
2025-07-27,29,24.5,86,295_2419
2025-07-28,29,23.6,84,295_2419
2025-07-29,29,27.4,84,295_2419
2025-07-30,30,4.0,76,295_2419
2025-07-31,30,3.9,75,295_2419
2025-08-01,30,3.3,79,295_2419
2025-08-02,32,0.0,74,295_2419
2025-08-03,31,0.0,74,295_2419
2025-08-04,32,0.0,71,295_2419
2025-08-05,32,4.7,71,295_2419
2025-08-06,31,7.3,73,295_2419
2025-08-07,30,6.9,77,295_2419
2025-08-08,29,7.6,79,295_2419
2025-08-09,30,0.5,73,295_2419
2025-08-10,31,0.0,73,295_2419
2025-08-11,31,0.9,73,295_2419
2025-08-12,32,7.8,76,295_2419
2025-08-13,31,7.7,75,295_2419
2025-08-14,30,12.3,79,295_2419
2025-08-15,30,38.9,79,295_2419
2025-08-16,29,16.8,81,295_2419
2025-08-17,31,7.8,77,295_2419
2025-08-18,33,4.8,73,295_2419
2025-08-19,32,7.2,75,295_2419
2025-08-20,31,1.0,74,295_2419
2025-08-21,29,7.7,81,295_2419
2025-08-22,29,20.9,83,295_2419
2025-08-23,27,9.3,83,295_2419
2025-08-24,30,6.0,74,295_2419
2025-08-25,30,21.7,79,295_2419
2025-08-26,26,27.2,90,295_2419
2025-08-27,29,2.7,82,295_2419
2025-08-28,29,16.8,84,295_2419
2025-08-29,29,23.3,86,295_2419
2025-08-30,30,15.0,82,295_2419
2025-08-31,29,7.9,81,295_2419
2025-09-01,29,24.4,86,295_2419
2025-09-02,29,16.1,86,295_2419
2025-09-03,30,19.2,82,295_2419
2025-09-04,29,21.7,84,295_2419
2025-09-05,27,16.9,88,295_2419
2025-09-06,26,6.4,88,295_2419
2025-09-07,29,10.0,81,295_2419
2025-09-08,30,2.2,78,295_2419
2025-09-09,32,1.9,72,295_2419
2025-09-10,31,7.4,74,295_2419
2025-09-11,30,2.7,76,295_2419
2025-09-12,31,20.4,79,295_2419
2025-09-13,30,6.9,80,295_2419
2025-09-14,28,2.5,82,295_2419
2025-09-15,31,7.2,78,295_2419
2025-09-16,30,6.2,77,295_2419
2025-09-17,30,17.8,81,295_2419
2025-09-18,30,5.4,81,295_2419
2025-09-19,30,10.5,77,295_2419
2025-09-20,29,9.9,83,295_2419
2025-09-21,27,37.0,88,295_2419
2025-09-22,27,82.7,92,295_2419
2025-09-23,29,34.6,86,295_2419
2025-09-24,29,17.9,81,295_2419
2025-09-25,29,10.6,81,295_2419
2025-09-26,29,6.8,85,295_2419
2025-09-27,31,3.4,77,295_2419
2025-09-28,31,3.2,77,295_2419
2025-09-29,31,9.5,78,295_2419
2025-09-30,31,5.0,76,295_2419
2025-10-01,29,7.0,80,295_2419
2025-10-02,31,2.9,77,295_2419
2025-10-03,29,21.0,83,295_2419
2025-10-04,30,1.8,78,295_2419
2025-10-05,30,7.4,79,295_2419
2025-10-06,30,0.5,75,295_2419
2025-10-07,31,0.0,74,295_2419
2025-10-08,30,5.4,76,295_2419
2025-10-09,31,5.2,74,295_2419
2025-10-10,30,6.1,80,295_2419
2025-10-11,30,15.6,83,295_2419
2025-10-12,30,7.6,80,295_2419
2025-10-13,30,3.8,78,295_2419
2025-10-14,30,0.0,76,295_2419
2025-10-15,30,0.0,76,295_2419
2025-10-16,31,0.0,74,295_2419
2025-10-17,32,0.0,71,295_2419
2025-10-18,32,1.6,73,295_2419
2025-10-19,28,6.3,79,295_2419
2025-10-20,31,3.1,80,295_2419
2025-10-21,31,4.5,80,295_2419
2025-10-22,31,2.1,77,295_2419
2025-10-23,31,0.7,75,295_2419
2025-10-24,31,1.4,74,295_2419
2025-10-25,31,4.4,75,295_2419
2025-10-26,31,10.4,80,295_2419
2025-10-27,32,0.8,73,295_2419
2025-10-28,31,10.0,77,295_2419
2025-10-29,31,10.7,78,295_2419
2025-10-30,30,0.6,77,295_2419
2025-10-31,31,2.2,77,295_2419
2025-11-01,31,1.4,75,295_2419
2025-11-02,31,1.8,73,295_2419
2025-11-03,28,14.3,85,295_2419
2025-11-04,30,21.3,79,295_2419
2025-11-05,32,2.6,75,295_2419
2025-11-06,32,5.5,75,295_2419
2025-11-07,31,9.9,79,295_2419
2025-11-08,30,3.3,78,295_2419
2025-11-09,27,13.3,85,295_2419
2025-11-10,28,32.2,87,295_2419
2025-11-11,29,23.0,84,295_2419
2025-11-12,30,0.0,78,295_2419
2025-11-13,30,3.4,81,295_2419
2025-11-14,29,0.0,79,295_2419
2025-11-15,30,0.0,77,295_2419
2025-11-16,31,0.0,72,295_2419
2025-11-17,31,0.0,73,295_2419
2025-11-18,31,0.0,71,295_2419
2025-11-19,31,0.2,70,295_2419
2025-11-20,30,0.0,71,295_2419
2025-11-21,29,0.0,76,295_2419
2025-11-22,31,0.0,71,295_2419
2025-11-23,30,0.0,71,295_2419
2025-11-24,31,0.0,68,295_2419
2025-11-25,27,19.6,76,295_2419
2025-11-26,30,3.1,77,295_2419
2025-11-27,30,10.0,80,295_2419
2025-11-28,29,12.5,80,295_2419
2025-11-29,26,15.4,90,295_2419
2025-11-30,30,8.8,79,295_2419
2025-12-01,30,10.2,81,295_2419
2025-12-02,30,3.0,79,295_2419
2025-12-03,30,4.3,77,295_2419
2025-12-04,29,1.2,71,295_2419
2025-12-05,28,0.0,69,295_2419
2025-12-06,28,0.0,69,295_2419
2025-12-07,25,25.8,83,295_2419
2025-12-08,28,8.6,87,295_2419
2025-12-09,31,0.0,77,295_2419
2025-12-10,30,0.1,76,295_2419
2025-12-11,30,0.0,77,295_2419
2025-12-12,30,0.0,73,295_2419
2025-12-13,28,0.0,77,295_2419
2025-12-14,30,0.0,71,295_2419
2025-12-15,28,0.8,74,295_2419
2025-12-16,28,1.1,78,295_2419
2025-12-17,27,3.6,80,295_2419
2025-12-18,28,0.2,76,295_2419
2025-12-19,28,0.3,77,295_2419
2025-12-20,27,0.5,79,295_2419
2025-12-21,27,0.0,74,295_2419
2025-12-22,28,0.2,75,295_2419
2025-12-23,29,0.0,72,295_2419
2025-12-24,29,0.0,77,295_2419
2025-12-25,30,0.4,75,295_2419
2025-12-26,29,0.0,74,295_2419
2025-12-27,30,0.0,70,295_2419
2025-12-28,30,0.0,73,295_2419
2025-12-29,30,0.2,74,295_2419
2025-12-30,30,0.8,72,295_2419
2025-12-31,29,3.1,77,295_2419
2026-01-01,26,0.7,81,295_2419
2026-01-02,25,13.9,90,295_2419
2026-01-03,25,0.2,77,295_2419
2026-01-04,26,0.0,74,295_2419
2026-01-05,26,0.6,80,295_2419
2026-01-06,28,0.1,76,295_2419
2026-01-07,28,0.6,71,295_2419
2026-01-08,25,9.5,82,295_2419
2026-01-09,25,3.4,82,295_2419
2026-01-10,28,1.5,81,295_2419
2026-01-11,29,1.5,74,295_2419
2026-01-12,29,0.0,69,295_2419
2026-01-13,29,7.5,77,295_2419
2026-01-14,29,7.0,78,295_2419
2026-01-15,27,2.1,79,295_2419
2026-01-16,29,0.0,73,295_2419
2026-01-17,29,0.0,74,295_2419
2026-01-18,27,0.1,76,295_2419
2026-01-19,29,1.9,75,295_2419
2026-01-20,30,0.1,70,295_2419
2026-01-21,29,0.2,68,295_2419
2026-01-22,28,0.0,65,295_2419
2026-01-23,28,0.0,66,295_2419
2026-01-24,26,0.6,70,295_2419
2026-01-25,28,0.0,69,295_2419
2026-01-26,28,0.0,69,295_2419
2026-01-27,29,0.1,75,295_2419
2026-01-28,28,0.0,71,295_2419
2026-01-29,28,0.0,66,295_2419
2026-01-30,28,0.0,70,295_2419
2026-01-31,29,0.0,64,295_2419
2026-02-01,29,0.0,64,295_2419
2026-02-02,29,0.0,64,295_2419
2026-02-03,30,0.0,63,295_2419
2026-02-04,28,0.5,70,295_2419
2026-02-05,30,0.0,62,295_2419
2026-02-06,29,0.0,70,295_2419
2026-02-07,29,0.7,77,295_2419
2026-02-08,27,3.0,78,295_2419
2026-02-09,26,0.0,69,295_2419
2026-02-10,28,0.0,71,295_2419
2026-02-11,27,0.4,76,295_2419
2026-02-12,29,0.0,70,295_2419
2026-02-13,29,2.5,73,295_2419
2026-02-14,31,0.0,73,295_2419
2026-02-15,31,0.0,70,295_2419
2026-02-16,31,0.0,69,295_2419
2026-02-17,31,0.3,71,295_2419
2026-02-18,29,0.0,69,295_2419
2026-02-19,29,0.0,65,295_2419
2026-02-20,30,0.0,66,295_2419
2026-02-21,29,0.0,68,295_2419
2026-02-22,30,0.0,67,295_2419
2026-02-23,31,0.0,65,295_2419
2026-02-24,30,0.0,72,295_2419
2026-02-25,32,0.0,68,295_2419
2026-02-26,31,0.0,65,295_2419
2026-02-27,31,0.0,65,295_2419
2026-02-28,31,0.0,65,295_2419
2026-03-01,31,0.0,66,295_2419
2026-03-02,32,0.0,69,295_2419
2026-03-03,32,0.0,69,295_2419
2026-03-04,32,0.0,65,295_2419
2026-03-05,31,0.2,67,295_2419
2026-03-06,30,0.1,68,295_2419
2026-03-07,32,0.0,64,295_2419
2026-03-08,30,0.1,67,295_2419
2026-03-09,30,0.0,64,295_2419
2026-03-10,30,0.0,59,295_2419
2026-03-11,30,0.0,62,295_2419
2026-03-12,29,0.1,66,295_2419
2026-03-13,28,0.0,62,295_2419
2026-03-14,27,0.0,56,295_2419
2026-03-15,28,0.0,57,295_2419
2026-03-16,29,0.0,60,295_2419
2026-03-17,29,0.0,69,295_2419
2026-03-18,30,0.0,67,295_2419
2026-03-19,30,0.0,64,295_2419
2026-03-20,31,0.0,62,295_2419
2026-03-21,32,0.0,60,295_2419
2026-03-22,31,0.0,62,295_2419
2026-03-23,32,0.0,58,295_2419
2026-03-24,32,0.0,57,295_2419
2026-03-25,32,0.0,63,295_2419
2026-03-26,33,0.0,67,295_2419
2026-03-27,32,0.0,66,295_2419
2026-03-28,33,0.0,63,295_2419
2026-03-29,32,0.0,63,295_2419
2026-03-30,33,0.0,60,295_2419
2026-03-31,32,0.0,62,295_2419
2026-04-01,33,0.0,59,295_2419
2026-04-02,33,0.0,58,295_2419
2026-04-03,34,0.0,56,295_2419
2026-04-04,33,0.0,54,295_2419
2026-04-05,34,0.0,55,295_2419
2026-04-06,35,0.0,59,295_2419
2026-04-07,34,0.0,60,295_2419
2026-04-08,34,0.0,52,295_2419
2026-04-09,34,0.1,59,295_2419
2026-04-10,35,0.6,61,295_2419
2026-04-11,34,0.0,61,295_2419
2026-04-12,34,0.1,56,295_2419
2026-04-13,34,0.0,57,295_2419
2026-04-14,34,0.1,57,295_2419
2026-04-15,34,0.0,54,295_2419
2026-04-16,34,0.0,53,295_2419
2026-04-17,34,1.0,58,295_2419
2026-04-18,34,0.0,60,295_2419
2026-04-19,33,0.6,61,295_2419
2026-04-20,34,0.3,58,295_2419
2026-04-21,35,0.1,57,295_2419
2026-04-22,35,0.1,57,295_2419
2026-04-23,34,0.3,58,295_2419
2026-04-24,35,0.0,57,295_2419
2026-04-25,35,0.0,59,295_2419
2026-04-26,35,0.5,60,295_2419
2026-04-27,35,0.8,61,295_2419
2026-04-28,35,4.8,61,295_2419
2026-04-29,35,0.1,60,295_2419
2026-04-30,35,0.0,59,295_2419
2026-05-01,36,0.8,58,295_2419
2026-05-02,35,0.4,60,295_2419
2026-05-03,34,0.2,62,295_2419
2026-05-04,36,0.0,60,295_2419
2026-05-05,35,2.8,58,295_2419
2026-05-06,35,0.6,58,295_2419
2026-05-07,36,0.0,59,295_2419
2026-05-08,35,3.7,59,295_2419
2026-05-09,36,0.5,58,295_2419
2026-05-10,37,0.1,55,295_2419
2026-05-11,36,0.4,61,295_2419
2026-05-12,35,1.8,63,295_2419
2026-05-13,34,0.0,65,295_2419
2026-05-14,35,1.1,63,295_2419
2026-05-15,35,2.9,67,295_2419
2026-05-16,34,12.5,66,295_2419
2026-05-17,34,8.3,69,295_2419
2026-05-18,33,7.4,66,295_2419
2026-05-19,32,4.7,71,295_2419
2026-05-20,35,2.6,66,295_2419
2026-05-21,35,1.2,64,295_2419
2026-05-22,35,3.3,64,295_2419
2026-05-23,35,1.7,64,295_2419
2026-05-24,35,6.0,62,295_2419
2026-05-25,36,2.3,64,295_2419
2026-05-26,34,1.3,65,295_2419
2026-05-27,34,0.0,66,295_2419
2026-05-28,35,3.3,68,295_2419
2026-05-29,33,3.0,71,295_2419
2026-05-30,33,11.4,72,295_2419
2026-05-31,32,15.2,73,295_2419
2025-06-01,33,8.0,75,295_2420
2025-06-02,29,9.8,82,295_2420
2025-06-03,32,5.0,76,295_2420
2025-06-04,33,1.1,73,295_2420
2025-06-05,32,8.1,75,295_2420
2025-06-06,32,3.3,75,295_2420
2025-06-07,32,11.3,76,295_2420
2025-06-08,31,13.5,79,295_2420
2025-06-09,30,44.4,86,295_2420
2025-06-10,27,11.1,86,295_2420
2025-06-11,26,59.0,91,295_2420
2025-06-12,28,62.6,94,295_2420
2025-06-13,32,1.6,77,295_2420
2025-06-14,32,0.5,74,295_2420
2025-06-15,34,4.8,76,295_2420
2025-06-16,34,5.1,73,295_2420
2025-06-17,32,22.5,80,295_2420
2025-06-18,31,13.2,75,295_2420
2025-06-19,32,1.2,71,295_2420
2025-06-20,34,4.4,69,295_2420
2025-06-21,34,5.9,73,295_2420
2025-06-22,27,13.1,87,295_2420
2025-06-23,30,16.5,82,295_2420
2025-06-24,30,10.0,81,295_2420
2025-06-25,32,6.3,75,295_2420
2025-06-26,32,9.8,79,295_2420
2025-06-27,29,6.9,84,295_2420
2025-06-28,30,1.0,76,295_2420
2025-06-29,31,32.3,83,295_2420
2025-06-30,30,16.5,84,295_2420
2025-07-01,30,7.7,81,295_2420
2025-07-02,31,29.6,83,295_2420
2025-07-03,26,68.2,94,295_2420
2025-07-04,28,39.9,91,295_2420
2025-07-05,29,32.7,84,295_2420
2025-07-06,29,17.4,85,295_2420
2025-07-07,31,1.3,78,295_2420
2025-07-08,30,12.0,83,295_2420
2025-07-09,30,7.3,81,295_2420
2025-07-10,30,8.0,81,295_2420
2025-07-11,30,9.3,83,295_2420
2025-07-12,30,4.8,80,295_2420
2025-07-13,30,6.5,82,295_2420
2025-07-14,32,0.7,77,295_2420
2025-07-15,31,1.5,79,295_2420
2025-07-16,31,4.1,80,295_2420
2025-07-17,29,22.1,84,295_2420
2025-07-18,26,23.2,91,295_2420
2025-07-19,27,39.9,88,295_2420
2025-07-20,28,40.0,90,295_2420
2025-07-21,27,42.3,91,295_2420
2025-07-22,27,45.1,93,295_2420
2025-07-23,26,36.0,94,295_2420
2025-07-24,26,67.2,94,295_2420
2025-07-25,28,33.4,89,295_2420
2025-07-26,28,25.1,87,295_2420
2025-07-27,28,27.2,89,295_2420
2025-07-28,28,32.5,89,295_2420
2025-07-29,28,37.1,89,295_2420
2025-07-30,30,6.9,81,295_2420
2025-07-31,30,3.9,75,295_2420
2025-08-01,30,3.3,79,295_2420
2025-08-02,32,0.0,76,295_2420
2025-08-03,32,0.0,75,295_2420
2025-08-04,33,0.0,72,295_2420
2025-08-05,32,6.8,74,295_2420
2025-08-06,32,7.8,74,295_2420
2025-08-07,30,7.5,79,295_2420
2025-08-08,29,7.6,79,295_2420
2025-08-09,31,1.4,75,295_2420
2025-08-10,32,0.2,74,295_2420
2025-08-11,32,1.6,75,295_2420
2025-08-12,32,9.4,78,295_2420
2025-08-13,31,8.2,77,295_2420
2025-08-14,30,11.1,81,295_2420
2025-08-15,30,47.4,82,295_2420
2025-08-16,29,17.4,83,295_2420
2025-08-17,31,9.5,80,295_2420
2025-08-18,33,5.5,75,295_2420
2025-08-19,32,7.2,75,295_2420
2025-08-20,31,0.5,77,295_2420
2025-08-21,29,8.0,85,295_2420
2025-08-22,28,18.0,87,295_2420
2025-08-23,27,3.0,84,295_2420
2025-08-24,30,6.0,74,295_2420
2025-08-25,30,21.7,82,295_2420
2025-08-26,26,31.7,93,295_2420
2025-08-27,29,3.8,85,295_2420
2025-08-28,29,16.8,84,295_2420
2025-08-29,29,37.3,89,295_2420
2025-08-30,30,17.9,84,295_2420
2025-08-31,29,7.1,84,295_2420
2025-09-01,29,24.5,89,295_2420
2025-09-02,29,14.5,89,295_2420
2025-09-03,29,15.7,85,295_2420
2025-09-04,29,23.1,88,295_2420
2025-09-05,27,13.3,90,295_2420
2025-09-06,26,3.1,91,295_2420
2025-09-07,29,7.6,85,295_2420
2025-09-08,30,2.7,81,295_2420
2025-09-09,32,0.8,72,295_2420
2025-09-10,31,7.4,74,295_2420
2025-09-11,29,1.1,78,295_2420
2025-09-12,31,26.7,81,295_2420
2025-09-13,31,8.2,83,295_2420
2025-09-14,27,0.9,86,295_2420
2025-09-15,31,7.2,78,295_2420
2025-09-16,30,5.2,80,295_2420
2025-09-17,29,18.2,84,295_2420
2025-09-18,30,3.9,82,295_2420
2025-09-19,30,8.3,79,295_2420
2025-09-20,29,10.3,85,295_2420
2025-09-21,27,25.4,91,295_2420
2025-09-22,26,64.9,94,295_2420
2025-09-23,28,43.8,90,295_2420
2025-09-24,29,17.7,85,295_2420
2025-09-25,29,10.4,83,295_2420
2025-09-26,28,4.8,88,295_2420
2025-09-27,31,3.4,78,295_2420
2025-09-28,31,3.2,79,295_2420
2025-09-29,31,7.3,80,295_2420
2025-09-30,32,3.1,78,295_2420
2025-10-01,30,10.2,82,295_2420
2025-10-02,31,3.4,80,295_2420
2025-10-03,28,23.5,87,295_2420
2025-10-04,30,3.4,81,295_2420
2025-10-05,30,6.1,83,295_2420
2025-10-06,31,1.3,77,295_2420
2025-10-07,31,0.0,76,295_2420
2025-10-08,30,5.4,76,295_2420
2025-10-09,31,4.2,77,295_2420
2025-10-10,30,5.7,82,295_2420
2025-10-11,30,16.1,85,295_2420
2025-10-12,30,12.4,84,295_2420
2025-10-13,30,3.8,78,295_2420
2025-10-14,30,0.1,79,295_2420
2025-10-15,30,0.2,80,295_2420
2025-10-16,31,0.0,76,295_2420
2025-10-17,32,0.0,73,295_2420
2025-10-18,33,1.5,75,295_2420
2025-10-19,28,5.3,84,295_2420
2025-10-20,31,3.1,80,295_2420
2025-10-21,31,4.1,79,295_2420
2025-10-22,31,2.6,79,295_2420
2025-10-23,32,0.7,76,295_2420
2025-10-24,31,0.9,77,295_2420
2025-10-25,32,4.9,78,295_2420
2025-10-26,31,7.4,82,295_2420
2025-10-27,32,0.1,75,295_2420
2025-10-28,31,10.6,80,295_2420
2025-10-29,31,9.2,80,295_2420
2025-10-30,30,0.2,80,295_2420
2025-10-31,31,1.8,79,295_2420
2025-11-01,31,1.2,77,295_2420
2025-11-02,32,0.3,75,295_2420
2025-11-03,27,22.3,87,295_2420
2025-11-04,29,15.4,81,295_2420
2025-11-05,31,0.7,77,295_2420
2025-11-06,32,6.7,77,295_2420
2025-11-07,31,9.9,79,295_2420
2025-11-08,30,3.3,78,295_2420
2025-11-09,26,13.9,88,295_2420
2025-11-10,26,43.0,90,295_2420
2025-11-11,28,30.3,88,295_2420
2025-11-12,30,0.0,82,295_2420
2025-11-13,30,3.7,84,295_2420
2025-11-14,29,0.0,82,295_2420
2025-11-15,29,0.0,79,295_2420
2025-11-16,31,0.0,75,295_2420
2025-11-17,31,0.0,75,295_2420
2025-11-18,31,0.0,73,295_2420
2025-11-19,30,0.1,72,295_2420
2025-11-20,30,0.0,74,295_2420
2025-11-21,28,0.0,79,295_2420
2025-11-22,30,0.0,73,295_2420
2025-11-23,29,0.0,74,295_2420
2025-11-24,30,0.0,71,295_2420
2025-11-25,26,14.5,78,295_2420
2025-11-26,30,1.4,78,295_2420
2025-11-27,30,8.4,79,295_2420
2025-11-28,30,9.7,82,295_2420
2025-11-29,26,8.4,92,295_2420
2025-11-30,30,7.8,81,295_2420
2025-12-01,30,11.1,83,295_2420
2025-12-02,30,2.5,81,295_2420
2025-12-03,31,2.6,78,295_2420
2025-12-04,29,1.2,71,295_2420
2025-12-05,28,0.0,73,295_2420
2025-12-06,28,0.0,73,295_2420
2025-12-07,24,23.7,87,295_2420
2025-12-08,28,6.9,89,295_2420
2025-12-09,30,0.0,80,295_2420
2025-12-10,30,0.1,79,295_2420
2025-12-11,29,0.5,81,295_2420
2025-12-12,29,0.3,76,295_2420
2025-12-13,28,0.0,80,295_2420
2025-12-14,29,0.0,74,295_2420
2025-12-15,28,1.3,78,295_2420
2025-12-16,28,1.1,78,295_2420
2025-12-17,26,2.7,83,295_2420
2025-12-18,27,0.1,80,295_2420
2025-12-19,26,0.2,81,295_2420
2025-12-20,26,0.4,83,295_2420
2025-12-21,27,0.0,74,295_2420
2025-12-22,27,0.0,79,295_2420
2025-12-23,28,0.0,75,295_2420
2025-12-24,29,0.0,80,295_2420
2025-12-25,30,0.4,78,295_2420
2025-12-26,29,0.0,76,295_2420
2025-12-27,30,0.0,73,295_2420
2025-12-28,30,0.0,75,295_2420
2025-12-29,31,0.2,76,295_2420
2025-12-30,30,0.8,72,295_2420
2025-12-31,28,1.8,79,295_2420
2026-01-01,26,0.4,84,295_2420
2026-01-02,24,11.8,93,295_2420
2026-01-03,24,0.1,81,295_2420
2026-01-04,26,0.0,74,295_2420
2026-01-05,25,0.2,83,295_2420
2026-01-06,28,0.1,76,295_2420
2026-01-07,28,0.7,74,295_2420
2026-01-08,25,10.2,85,295_2420
2026-01-09,24,4.5,85,295_2420
2026-01-10,28,1.8,82,295_2420
2026-01-11,29,1.5,74,295_2420
2026-01-12,28,0.0,72,295_2420
2026-01-13,29,8.9,80,295_2420
2026-01-14,30,7.7,80,295_2420
2026-01-15,27,1.4,82,295_2420
2026-01-16,29,0.0,76,295_2420
2026-01-17,29,0.0,77,295_2420
2026-01-18,26,0.1,80,295_2420
2026-01-19,30,1.6,77,295_2420
2026-01-20,30,0.0,72,295_2420
2026-01-21,30,0.0,71,295_2420
2026-01-22,27,0.0,68,295_2420
2026-01-23,27,0.0,69,295_2420
2026-01-24,25,0.7,73,295_2420
2026-01-25,27,0.0,72,295_2420
2026-01-26,29,0.0,71,295_2420
2026-01-27,28,0.0,78,295_2420
2026-01-28,28,0.0,71,295_2420
2026-01-29,28,0.0,66,295_2420
2026-01-30,28,0.0,73,295_2420
2026-01-31,29,0.0,66,295_2420
2026-02-01,28,0.0,66,295_2420
2026-02-02,28,0.0,66,295_2420
2026-02-03,29,0.0,65,295_2420
2026-02-04,28,0.5,70,295_2420
2026-02-05,30,0.0,64,295_2420
2026-02-06,29,0.0,70,295_2420
2026-02-07,28,1.0,80,295_2420
2026-02-08,26,3.1,82,295_2420
2026-02-09,25,0.0,72,295_2420
2026-02-10,27,0.0,74,295_2420
2026-02-11,27,0.4,79,295_2420
2026-02-12,29,0.0,70,295_2420
2026-02-13,29,4.0,76,295_2420
2026-02-14,31,0.0,74,295_2420
2026-02-15,31,0.0,72,295_2420
2026-02-16,31,0.0,69,295_2420
2026-02-17,31,0.4,72,295_2420
2026-02-18,28,0.0,71,295_2420
2026-02-19,29,0.0,67,295_2420
2026-02-20,29,0.0,68,295_2420
2026-02-21,29,0.0,70,295_2420
2026-02-22,31,0.0,68,295_2420
2026-02-23,30,0.0,67,295_2420
2026-02-24,29,0.0,74,295_2420
2026-02-25,32,0.0,69,295_2420
2026-02-26,32,0.0,65,295_2420
2026-02-27,32,0.0,65,295_2420
2026-02-28,31,0.0,65,295_2420
2026-03-01,31,0.0,66,295_2420
2026-03-02,32,0.0,69,295_2420
2026-03-03,33,0.0,68,295_2420
2026-03-04,33,0.0,65,295_2420
2026-03-05,31,0.2,67,295_2420
2026-03-06,32,0.0,68,295_2420
2026-03-07,32,0.0,65,295_2420
2026-03-08,30,0.2,69,295_2420
2026-03-09,29,0.1,67,295_2420
2026-03-10,29,0.0,61,295_2420
2026-03-11,31,0.0,63,295_2420
2026-03-12,30,0.0,69,295_2420
2026-03-13,28,0.0,64,295_2420
2026-03-14,26,0.0,57,295_2420
2026-03-15,28,0.0,59,295_2420
2026-03-16,29,0.0,62,295_2420
2026-03-17,28,0.1,72,295_2420
2026-03-18,30,0.0,68,295_2420
2026-03-19,30,0.0,66,295_2420
2026-03-20,32,0.0,63,295_2420
2026-03-21,32,0.0,61,295_2420
2026-03-22,32,0.0,63,295_2420
2026-03-23,32,0.0,58,295_2420
2026-03-24,33,0.0,57,295_2420
2026-03-25,33,0.0,63,295_2420
2026-03-26,34,0.0,65,295_2420
2026-03-27,33,0.0,65,295_2420
2026-03-28,34,0.0,61,295_2420
2026-03-29,33,0.0,63,295_2420
2026-03-30,33,0.0,62,295_2420
2026-03-31,34,0.0,61,295_2420
2026-04-01,34,0.0,58,295_2420
2026-04-02,34,0.0,56,295_2420
2026-04-03,35,0.0,55,295_2420
2026-04-04,35,0.0,51,295_2420
2026-04-05,36,0.0,52,295_2420
2026-04-06,36,0.0,57,295_2420
2026-04-07,34,0.0,60,295_2420
2026-04-08,36,0.0,49,295_2420
2026-04-09,35,0.0,59,295_2420
2026-04-10,35,0.6,60,295_2420
2026-04-11,34,0.0,61,295_2420
2026-04-12,35,0.1,54,295_2420
2026-04-13,35,0.0,56,295_2420
2026-04-14,35,0.0,56,295_2420
2026-04-15,35,0.0,52,295_2420
2026-04-16,35,0.0,51,295_2420
2026-04-17,35,0.4,55,295_2420
2026-04-18,35,0.4,59,295_2420
2026-04-19,34,0.1,60,295_2420
2026-04-20,35,0.3,57,295_2420
2026-04-21,36,0.0,57,295_2420
2026-04-22,37,0.0,57,295_2420
2026-04-23,36,0.6,56,295_2420
2026-04-24,36,0.1,55,295_2420
2026-04-25,36,0.0,58,295_2420
2026-04-26,36,1.1,59,295_2420
2026-04-27,37,0.5,61,295_2420
2026-04-28,35,4.8,61,295_2420
2026-04-29,36,0.1,59,295_2420
2026-04-30,35,0.0,59,295_2420
2026-05-01,37,0.5,59,295_2420
2026-05-02,36,0.2,60,295_2420
2026-05-03,37,0.1,60,295_2420
2026-05-04,36,0.0,60,295_2420
2026-05-05,36,3.1,57,295_2420
2026-05-06,37,0.4,56,295_2420
2026-05-07,38,0.0,58,295_2420
2026-05-08,37,0.3,58,295_2420
2026-05-09,37,0.3,58,295_2420
2026-05-10,38,0.0,55,295_2420
2026-05-11,36,0.4,61,295_2420
2026-05-12,36,1.9,61,295_2420
2026-05-13,36,1.2,62,295_2420
2026-05-14,35,0.7,64,295_2420
2026-05-15,35,4.7,68,295_2420
2026-05-16,34,10.2,68,295_2420
2026-05-17,36,9.0,70,295_2420
2026-05-18,35,9.6,68,295_2420
2026-05-19,33,9.7,74,295_2420
2026-05-20,35,2.6,66,295_2420
2026-05-21,35,1.2,64,295_2420
2026-05-22,36,2.8,64,295_2420
2026-05-23,36,1.6,64,295_2420
2026-05-24,36,6.7,61,295_2420
2026-05-25,36,2.0,64,295_2420
2026-05-26,35,1.1,66,295_2420
2026-05-27,35,0.0,66,295_2420
2026-05-28,35,3.5,69,295_2420
2026-05-29,34,2.4,72,295_2420
2026-05-30,34,11.9,74,295_2420
2026-05-31,32,13.7,76,295_2420
2025-06-01,33,8.0,75,295_2421
2025-06-02,29,9.8,82,295_2421
2025-06-03,32,5.0,76,295_2421
2025-06-04,33,1.1,73,295_2421
2025-06-05,32,8.1,75,295_2421
2025-06-06,32,3.3,75,295_2421
2025-06-07,32,11.3,76,295_2421
2025-06-08,31,13.5,79,295_2421
2025-06-09,30,44.4,86,295_2421
2025-06-10,27,7.3,88,295_2421
2025-06-11,26,52.1,94,295_2421
2025-06-12,28,62.6,94,295_2421
2025-06-13,32,1.6,77,295_2421
2025-06-14,32,0.5,74,295_2421
2025-06-15,34,4.8,76,295_2421
2025-06-16,34,5.1,73,295_2421
2025-06-17,32,22.5,80,295_2421
2025-06-18,31,10.2,78,295_2421
2025-06-19,32,1.1,73,295_2421
2025-06-20,34,4.4,69,295_2421
2025-06-21,34,5.9,73,295_2421
2025-06-22,27,13.1,87,295_2421
2025-06-23,30,16.5,82,295_2421
2025-06-24,30,10.0,81,295_2421
2025-06-25,32,6.3,75,295_2421
2025-06-26,32,9.8,79,295_2421
2025-06-27,29,6.9,84,295_2421
2025-06-28,30,1.0,76,295_2421
2025-06-29,31,32.3,83,295_2421
2025-06-30,30,16.5,84,295_2421
2025-07-01,30,7.7,81,295_2421
2025-07-02,31,29.6,83,295_2421
2025-07-03,26,68.2,94,295_2421
2025-07-04,28,39.9,91,295_2421
2025-07-05,29,32.3,88,295_2421
2025-07-06,29,17.4,85,295_2421
2025-07-07,31,1.3,78,295_2421
2025-07-08,30,12.0,83,295_2421
2025-07-09,30,7.3,81,295_2421
2025-07-10,30,8.0,81,295_2421
2025-07-11,30,9.3,83,295_2421
2025-07-12,30,4.8,80,295_2421
2025-07-13,30,6.5,82,295_2421
2025-07-14,32,0.7,77,295_2421
2025-07-15,31,1.5,79,295_2421
2025-07-16,31,4.1,80,295_2421
2025-07-17,29,22.1,84,295_2421
2025-07-18,26,23.2,91,295_2421
2025-07-19,26,46.9,91,295_2421
2025-07-20,28,40.0,90,295_2421
2025-07-21,27,42.3,91,295_2421
2025-07-22,27,45.1,93,295_2421
2025-07-23,26,36.0,94,295_2421
2025-07-24,26,67.2,94,295_2421
2025-07-25,28,37.4,92,295_2421
2025-07-26,28,25.1,87,295_2421
2025-07-27,28,27.2,89,295_2421
2025-07-28,28,32.5,89,295_2421
2025-07-29,28,37.1,89,295_2421
2025-07-30,30,6.9,81,295_2421
2025-07-31,30,6.1,79,295_2421
2025-08-01,29,5.2,83,295_2421
2025-08-02,32,0.0,76,295_2421
2025-08-03,32,0.0,75,295_2421
2025-08-04,33,0.0,72,295_2421
2025-08-05,32,6.8,74,295_2421
2025-08-06,32,7.8,74,295_2421
2025-08-07,30,7.5,79,295_2421
2025-08-08,29,8.6,82,295_2421
2025-08-09,31,1.4,75,295_2421
2025-08-10,32,0.2,74,295_2421
2025-08-11,32,1.6,75,295_2421
2025-08-12,32,9.4,78,295_2421
2025-08-13,31,8.2,77,295_2421
2025-08-14,30,11.1,81,295_2421
2025-08-15,30,47.4,82,295_2421
2025-08-16,29,17.4,83,295_2421
2025-08-17,31,9.5,80,295_2421
2025-08-18,33,5.5,75,295_2421
2025-08-19,32,6.4,76,295_2421
2025-08-20,31,0.5,77,295_2421
2025-08-21,29,8.0,85,295_2421
2025-08-22,28,18.0,87,295_2421
2025-08-23,27,3.0,84,295_2421
2025-08-24,31,6.7,77,295_2421
2025-08-25,30,21.7,82,295_2421
2025-08-26,26,31.7,93,295_2421
2025-08-27,29,3.8,85,295_2421
2025-08-28,29,20.0,87,295_2421
2025-08-29,29,37.3,89,295_2421
2025-08-30,30,17.9,84,295_2421
2025-08-31,29,7.1,84,295_2421
2025-09-01,29,24.5,89,295_2421
2025-09-02,29,14.5,89,295_2421
2025-09-03,29,15.7,85,295_2421
2025-09-04,29,23.1,88,295_2421
2025-09-05,27,13.3,90,295_2421
2025-09-06,26,3.1,91,295_2421
2025-09-07,29,7.6,85,295_2421
2025-09-08,30,2.7,81,295_2421
2025-09-09,32,0.8,72,295_2421
2025-09-10,31,5.6,75,295_2421
2025-09-11,29,1.1,78,295_2421
2025-09-12,31,26.7,81,295_2421
2025-09-13,31,8.2,83,295_2421
2025-09-14,27,0.9,86,295_2421
2025-09-15,31,5.5,80,295_2421
2025-09-16,30,5.2,80,295_2421
2025-09-17,29,18.2,84,295_2421
2025-09-18,30,3.9,82,295_2421
2025-09-19,30,8.3,79,295_2421
2025-09-20,29,10.3,85,295_2421
2025-09-21,27,25.4,91,295_2421
2025-09-22,26,64.9,94,295_2421
2025-09-23,28,43.8,90,295_2421
2025-09-24,29,17.7,85,295_2421
2025-09-25,29,10.4,83,295_2421
2025-09-26,28,4.8,88,295_2421
2025-09-27,31,3.4,78,295_2421
2025-09-28,31,3.2,79,295_2421
2025-09-29,31,7.3,80,295_2421
2025-09-30,32,3.1,78,295_2421
2025-10-01,30,10.2,82,295_2421
2025-10-02,31,3.4,80,295_2421
2025-10-03,28,23.5,87,295_2421
2025-10-04,30,3.4,81,295_2421
2025-10-05,30,6.1,83,295_2421
2025-10-06,31,1.3,77,295_2421
2025-10-07,31,0.0,76,295_2421
2025-10-08,31,4.7,77,295_2421
2025-10-09,31,4.2,77,295_2421
2025-10-10,30,5.7,82,295_2421
2025-10-11,30,16.1,85,295_2421
2025-10-12,30,12.4,84,295_2421
2025-10-13,31,4.3,80,295_2421
2025-10-14,30,0.1,79,295_2421
2025-10-15,30,0.2,80,295_2421
2025-10-16,31,0.0,76,295_2421
2025-10-17,32,0.0,73,295_2421
2025-10-18,33,1.5,75,295_2421
2025-10-19,28,5.3,84,295_2421
2025-10-20,31,2.7,83,295_2421
2025-10-21,31,4.7,81,295_2421
2025-10-22,31,2.6,79,295_2421
2025-10-23,32,0.7,76,295_2421
2025-10-24,31,0.9,77,295_2421
2025-10-25,32,4.9,78,295_2421
2025-10-26,31,7.4,82,295_2421
2025-10-27,32,0.1,75,295_2421
2025-10-28,31,10.6,80,295_2421
2025-10-29,31,9.2,80,295_2421
2025-10-30,30,0.2,80,295_2421
2025-10-31,31,1.8,79,295_2421
2025-11-01,31,1.2,77,295_2421
2025-11-02,32,0.3,75,295_2421
2025-11-03,27,22.3,87,295_2421
2025-11-04,29,15.4,81,295_2421
2025-11-05,31,0.7,77,295_2421
2025-11-06,32,6.7,77,295_2421
2025-11-07,31,9.8,81,295_2421
2025-11-08,31,3.1,80,295_2421
2025-11-09,26,13.9,88,295_2421
2025-11-10,26,43.0,90,295_2421
2025-11-11,28,30.3,88,295_2421
2025-11-12,30,0.0,82,295_2421
2025-11-13,30,3.7,84,295_2421
2025-11-14,29,0.0,82,295_2421
2025-11-15,29,0.0,79,295_2421
2025-11-16,31,0.0,75,295_2421
2025-11-17,31,0.0,75,295_2421
2025-11-18,31,0.0,73,295_2421
2025-11-19,30,0.1,72,295_2421
2025-11-20,30,0.0,74,295_2421
2025-11-21,28,0.0,79,295_2421
2025-11-22,30,0.0,73,295_2421
2025-11-23,29,0.0,74,295_2421
2025-11-24,30,0.0,71,295_2421
2025-11-25,26,14.5,78,295_2421
2025-11-26,30,1.4,78,295_2421
2025-11-27,30,9.2,82,295_2421
2025-11-28,30,9.7,82,295_2421
2025-11-29,26,8.4,92,295_2421
2025-11-30,30,7.8,81,295_2421
2025-12-01,30,11.1,83,295_2421
2025-12-02,30,2.5,81,295_2421
2025-12-03,31,2.6,78,295_2421
2025-12-04,28,0.4,74,295_2421
2025-12-05,28,0.0,73,295_2421
2025-12-06,28,0.0,73,295_2421
2025-12-07,24,23.7,87,295_2421
2025-12-08,28,6.9,89,295_2421
2025-12-09,30,0.0,80,295_2421
2025-12-10,30,0.1,79,295_2421
2025-12-11,29,0.5,81,295_2421
2025-12-12,29,0.3,76,295_2421
2025-12-13,28,0.0,80,295_2421
2025-12-14,29,0.0,74,295_2421
2025-12-15,28,1.3,78,295_2421
2025-12-16,27,0.9,82,295_2421
2025-12-17,26,2.7,83,295_2421
2025-12-18,27,0.1,80,295_2421
2025-12-19,26,0.2,81,295_2421
2025-12-20,26,0.4,83,295_2421
2025-12-21,27,0.0,78,295_2421
2025-12-22,27,0.0,79,295_2421
2025-12-23,28,0.0,75,295_2421
2025-12-24,29,0.0,80,295_2421
2025-12-25,30,0.4,78,295_2421
2025-12-26,29,0.0,76,295_2421
2025-12-27,30,0.0,73,295_2421
2025-12-28,30,0.0,75,295_2421
2025-12-29,31,0.2,76,295_2421
2025-12-30,31,1.0,75,295_2421
2025-12-31,28,1.8,79,295_2421
2026-01-01,26,0.4,84,295_2421
2026-01-02,24,11.8,93,295_2421
2026-01-03,24,0.1,81,295_2421
2026-01-04,25,0.0,77,295_2421
2026-01-05,25,0.2,83,295_2421
2026-01-06,27,0.0,79,295_2421
2026-01-07,28,0.7,74,295_2421
2026-01-08,25,10.2,85,295_2421
2026-01-09,24,4.5,85,295_2421
2026-01-10,28,1.8,82,295_2421
2026-01-11,29,1.2,76,295_2421
2026-01-12,28,0.0,72,295_2421
2026-01-13,29,8.9,80,295_2421
2026-01-14,30,7.7,80,295_2421
2026-01-15,27,1.4,82,295_2421
2026-01-16,29,0.0,76,295_2421
2026-01-17,29,0.0,77,295_2421
2026-01-18,26,0.1,80,295_2421
2026-01-19,30,1.6,77,295_2421
2026-01-20,30,0.0,72,295_2421
2026-01-21,30,0.0,71,295_2421
2026-01-22,27,0.0,68,295_2421
2026-01-23,27,0.0,69,295_2421
2026-01-24,25,0.7,73,295_2421
2026-01-25,27,0.0,72,295_2421
2026-01-26,29,0.0,71,295_2421
2026-01-27,28,0.0,78,295_2421
2026-01-28,28,0.0,74,295_2421
2026-01-29,28,0.0,68,295_2421
2026-01-30,28,0.0,73,295_2421
2026-01-31,29,0.0,66,295_2421
2026-02-01,28,0.0,66,295_2421
2026-02-02,28,0.0,66,295_2421
2026-02-03,29,0.0,65,295_2421
2026-02-04,27,0.4,73,295_2421
2026-02-05,30,0.0,64,295_2421
2026-02-06,29,0.0,73,295_2421
2026-02-07,28,1.0,80,295_2421
2026-02-08,26,3.1,82,295_2421
2026-02-09,25,0.0,72,295_2421
2026-02-10,27,0.0,74,295_2421
2026-02-11,27,0.4,79,295_2421
2026-02-12,28,0.0,72,295_2421
2026-02-13,29,4.0,76,295_2421
2026-02-14,31,0.0,74,295_2421
2026-02-15,31,0.0,72,295_2421
2026-02-16,32,0.0,70,295_2421
2026-02-17,31,0.4,72,295_2421
2026-02-18,28,0.0,71,295_2421
2026-02-19,29,0.0,67,295_2421
2026-02-20,29,0.0,68,295_2421
2026-02-21,29,0.0,70,295_2421
2026-02-22,31,0.0,68,295_2421
2026-02-23,30,0.0,67,295_2421
2026-02-24,29,0.0,74,295_2421
2026-02-25,32,0.0,69,295_2421
2026-02-26,32,0.0,65,295_2421
2026-02-27,32,0.0,65,295_2421
2026-02-28,32,0.0,65,295_2421
2026-03-01,32,0.0,66,295_2421
2026-03-02,32,0.0,69,295_2421
2026-03-03,33,0.0,68,295_2421
2026-03-04,33,0.0,65,295_2421
2026-03-05,31,0.0,68,295_2421
2026-03-06,32,0.0,68,295_2421
2026-03-07,32,0.0,65,295_2421
2026-03-08,30,0.2,69,295_2421
2026-03-09,29,0.1,67,295_2421
2026-03-10,29,0.0,61,295_2421
2026-03-11,31,0.0,63,295_2421
2026-03-12,30,0.0,69,295_2421
2026-03-13,28,0.0,64,295_2421
2026-03-14,26,0.0,57,295_2421
2026-03-15,28,0.0,59,295_2421
2026-03-16,29,0.0,62,295_2421
2026-03-17,28,0.1,72,295_2421
2026-03-18,30,0.0,68,295_2421
2026-03-19,30,0.0,66,295_2421
2026-03-20,32,0.0,63,295_2421
2026-03-21,32,0.0,61,295_2421
2026-03-22,32,0.0,63,295_2421
2026-03-23,32,0.0,58,295_2421
2026-03-24,33,0.0,57,295_2421
2026-03-25,33,0.0,63,295_2421
2026-03-26,34,0.0,65,295_2421
2026-03-27,33,0.0,65,295_2421
2026-03-28,34,0.0,61,295_2421
2026-03-29,33,0.0,63,295_2421
2026-03-30,34,0.0,60,295_2421
2026-03-31,34,0.0,61,295_2421
2026-04-01,34,0.0,58,295_2421
2026-04-02,34,0.0,56,295_2421
2026-04-03,35,0.0,55,295_2421
2026-04-04,35,0.0,51,295_2421
2026-04-05,36,0.0,52,295_2421
2026-04-06,36,0.0,57,295_2421
2026-04-07,36,0.0,58,295_2421
2026-04-08,36,0.0,49,295_2421
2026-04-09,35,0.0,59,295_2421
2026-04-10,35,0.6,60,295_2421
2026-04-11,35,0.0,58,295_2421
2026-04-12,35,0.1,54,295_2421
2026-04-13,35,0.0,56,295_2421
2026-04-14,35,0.0,56,295_2421
2026-04-15,35,0.0,52,295_2421
2026-04-16,35,0.0,51,295_2421
2026-04-17,35,0.4,55,295_2421
2026-04-18,35,0.4,59,295_2421
2026-04-19,34,0.1,60,295_2421
2026-04-20,35,0.3,57,295_2421
2026-04-21,36,0.0,57,295_2421
2026-04-22,37,0.0,57,295_2421
2026-04-23,36,0.6,56,295_2421
2026-04-24,36,0.1,55,295_2421
2026-04-25,36,0.0,58,295_2421
2026-04-26,36,1.1,59,295_2421
2026-04-27,37,0.5,61,295_2421
2026-04-28,36,4.6,61,295_2421
2026-04-29,36,0.1,59,295_2421
2026-04-30,35,0.0,59,295_2421
2026-05-01,37,0.5,59,295_2421
2026-05-02,36,0.2,60,295_2421
2026-05-03,37,0.1,60,295_2421
2026-05-04,36,0.0,60,295_2421
2026-05-05,36,3.1,57,295_2421
2026-05-06,37,0.4,56,295_2421
2026-05-07,38,0.0,58,295_2421
2026-05-08,37,0.3,58,295_2421
2026-05-09,37,0.3,58,295_2421
2026-05-10,38,0.0,55,295_2421
2026-05-11,37,0.0,59,295_2421
2026-05-12,36,1.9,61,295_2421
2026-05-13,36,1.2,62,295_2421
2026-05-14,35,0.7,64,295_2421
2026-05-15,35,4.7,68,295_2421
2026-05-16,34,10.2,68,295_2421
2026-05-17,36,9.0,70,295_2421
2026-05-18,35,9.6,68,295_2421
2026-05-19,33,9.7,74,295_2421
2026-05-20,35,2.6,66,295_2421
2026-05-21,35,1.0,64,295_2421
2026-05-22,36,2.8,64,295_2421
2026-05-23,36,1.6,64,295_2421
2026-05-24,36,6.7,61,295_2421
2026-05-25,36,2.0,64,295_2421
2026-05-26,35,1.1,66,295_2421
2026-05-27,35,0.0,66,295_2421
2026-05-28,35,3.5,69,295_2421
2026-05-29,34,2.4,72,295_2421
2026-05-30,34,11.9,74,295_2421
2026-05-31,32,13.7,76,295_2421
2025-06-01,33,8.0,75,295_2422
2025-06-02,29,9.8,82,295_2422
2025-06-03,32,5.0,76,295_2422
2025-06-04,33,1.1,73,295_2422
2025-06-05,32,8.1,75,295_2422
2025-06-06,32,3.3,75,295_2422
2025-06-07,32,11.3,76,295_2422
2025-06-08,31,13.5,79,295_2422
2025-06-09,30,44.4,86,295_2422
2025-06-10,27,7.3,88,295_2422
2025-06-11,26,52.1,94,295_2422
2025-06-12,28,62.6,94,295_2422
2025-06-13,32,1.6,77,295_2422
2025-06-14,32,0.5,74,295_2422
2025-06-15,34,4.8,76,295_2422
2025-06-16,34,5.1,73,295_2422
2025-06-17,32,22.5,80,295_2422
2025-06-18,31,10.2,78,295_2422
2025-06-19,32,1.1,73,295_2422
2025-06-20,34,4.4,69,295_2422
2025-06-21,34,5.9,73,295_2422
2025-06-22,27,13.1,87,295_2422
2025-06-23,30,16.5,82,295_2422
2025-06-24,30,10.0,81,295_2422
2025-06-25,32,6.3,75,295_2422
2025-06-26,32,9.8,79,295_2422
2025-06-27,29,6.9,84,295_2422
2025-06-28,30,1.0,76,295_2422
2025-06-29,31,32.3,83,295_2422
2025-06-30,30,16.5,84,295_2422
2025-07-01,30,7.7,81,295_2422
2025-07-02,31,29.6,83,295_2422
2025-07-03,26,68.2,94,295_2422
2025-07-04,28,39.9,91,295_2422
2025-07-05,29,32.3,88,295_2422
2025-07-06,29,17.4,85,295_2422
2025-07-07,31,1.3,78,295_2422
2025-07-08,30,12.0,83,295_2422
2025-07-09,30,7.3,81,295_2422
2025-07-10,30,8.0,81,295_2422
2025-07-11,30,9.3,83,295_2422
2025-07-12,30,4.8,80,295_2422
2025-07-13,30,6.5,82,295_2422
2025-07-14,32,0.7,77,295_2422
2025-07-15,31,1.5,79,295_2422
2025-07-16,31,4.1,80,295_2422
2025-07-17,29,22.1,84,295_2422
2025-07-18,26,23.2,91,295_2422
2025-07-19,26,46.9,91,295_2422
2025-07-20,28,40.0,90,295_2422
2025-07-21,27,42.3,91,295_2422
2025-07-22,27,45.1,93,295_2422
2025-07-23,26,36.0,94,295_2422
2025-07-24,26,67.2,94,295_2422
2025-07-25,28,37.4,92,295_2422
2025-07-26,28,25.1,87,295_2422
2025-07-27,28,27.2,89,295_2422
2025-07-28,28,32.5,89,295_2422
2025-07-29,28,37.1,89,295_2422
2025-07-30,30,6.9,81,295_2422
2025-07-31,30,6.1,79,295_2422
2025-08-01,29,5.2,83,295_2422
2025-08-02,32,0.0,76,295_2422
2025-08-03,32,0.0,75,295_2422
2025-08-04,33,0.0,72,295_2422
2025-08-05,32,6.8,74,295_2422
2025-08-06,32,7.8,74,295_2422
2025-08-07,30,7.5,79,295_2422
2025-08-08,29,8.6,82,295_2422
2025-08-09,31,1.4,75,295_2422
2025-08-10,32,0.2,74,295_2422
2025-08-11,32,1.6,75,295_2422
2025-08-12,32,9.4,78,295_2422
2025-08-13,31,8.2,77,295_2422
2025-08-14,30,11.1,81,295_2422
2025-08-15,30,47.4,82,295_2422
2025-08-16,29,17.4,83,295_2422
2025-08-17,31,9.5,80,295_2422
2025-08-18,33,5.5,75,295_2422
2025-08-19,32,6.4,76,295_2422
2025-08-20,31,0.5,77,295_2422
2025-08-21,29,8.0,85,295_2422
2025-08-22,28,18.0,87,295_2422
2025-08-23,27,3.0,84,295_2422
2025-08-24,31,6.7,77,295_2422
2025-08-25,30,21.7,82,295_2422
2025-08-26,26,31.7,93,295_2422
2025-08-27,29,3.8,85,295_2422
2025-08-28,29,20.0,87,295_2422
2025-08-29,29,37.3,89,295_2422
2025-08-30,30,17.9,84,295_2422
2025-08-31,29,7.1,84,295_2422
2025-09-01,29,24.5,89,295_2422
2025-09-02,29,14.5,89,295_2422
2025-09-03,29,15.7,85,295_2422
2025-09-04,29,23.1,88,295_2422
2025-09-05,27,13.3,90,295_2422
2025-09-06,26,3.1,91,295_2422
2025-09-07,29,7.6,85,295_2422
2025-09-08,30,2.7,81,295_2422
2025-09-09,32,0.8,72,295_2422
2025-09-10,31,5.6,75,295_2422
2025-09-11,29,1.1,78,295_2422
2025-09-12,31,26.7,81,295_2422
2025-09-13,31,8.2,83,295_2422
2025-09-14,27,0.9,86,295_2422
2025-09-15,31,5.5,80,295_2422
2025-09-16,30,5.2,80,295_2422
2025-09-17,29,18.2,84,295_2422
2025-09-18,30,3.9,82,295_2422
2025-09-19,30,8.3,79,295_2422
2025-09-20,29,10.3,85,295_2422
2025-09-21,27,25.4,91,295_2422
2025-09-22,26,64.9,94,295_2422
2025-09-23,28,43.8,90,295_2422
2025-09-24,29,17.7,85,295_2422
2025-09-25,29,10.4,83,295_2422
2025-09-26,28,4.8,88,295_2422
2025-09-27,31,3.4,78,295_2422
2025-09-28,31,3.2,79,295_2422
2025-09-29,31,7.3,80,295_2422
2025-09-30,32,3.1,78,295_2422
2025-10-01,30,10.2,82,295_2422
2025-10-02,31,3.4,80,295_2422
2025-10-03,28,23.5,87,295_2422
2025-10-04,30,3.4,81,295_2422
2025-10-05,30,6.1,83,295_2422
2025-10-06,31,1.3,77,295_2422
2025-10-07,31,0.0,76,295_2422
2025-10-08,31,4.7,77,295_2422
2025-10-09,31,4.2,77,295_2422
2025-10-10,30,5.7,82,295_2422
2025-10-11,30,16.1,85,295_2422
2025-10-12,30,12.4,84,295_2422
2025-10-13,31,4.3,80,295_2422
2025-10-14,30,0.1,79,295_2422
2025-10-15,30,0.2,80,295_2422
2025-10-16,31,0.0,76,295_2422
2025-10-17,32,0.0,73,295_2422
2025-10-18,33,1.5,75,295_2422
2025-10-19,28,5.3,84,295_2422
2025-10-20,31,2.7,83,295_2422
2025-10-21,31,4.7,81,295_2422
2025-10-22,31,2.6,79,295_2422
2025-10-23,32,0.7,76,295_2422
2025-10-24,31,0.9,77,295_2422
2025-10-25,32,4.9,78,295_2422
2025-10-26,31,7.4,82,295_2422
2025-10-27,32,0.1,75,295_2422
2025-10-28,31,10.6,80,295_2422
2025-10-29,31,9.2,80,295_2422
2025-10-30,30,0.2,80,295_2422
2025-10-31,31,1.8,79,295_2422
2025-11-01,31,1.2,77,295_2422
2025-11-02,32,0.3,75,295_2422
2025-11-03,27,22.3,87,295_2422
2025-11-04,29,15.4,81,295_2422
2025-11-05,31,0.7,77,295_2422
2025-11-06,32,6.7,77,295_2422
2025-11-07,31,9.8,81,295_2422
2025-11-08,31,3.1,80,295_2422
2025-11-09,26,13.9,88,295_2422
2025-11-10,26,43.0,90,295_2422
2025-11-11,28,30.3,88,295_2422
2025-11-12,30,0.0,82,295_2422
2025-11-13,30,3.7,84,295_2422
2025-11-14,29,0.0,82,295_2422
2025-11-15,29,0.0,79,295_2422
2025-11-16,31,0.0,75,295_2422
2025-11-17,31,0.0,75,295_2422
2025-11-18,31,0.0,73,295_2422
2025-11-19,30,0.1,72,295_2422
2025-11-20,30,0.0,74,295_2422
2025-11-21,28,0.0,79,295_2422
2025-11-22,30,0.0,73,295_2422
2025-11-23,29,0.0,74,295_2422
2025-11-24,30,0.0,71,295_2422
2025-11-25,26,14.5,78,295_2422
2025-11-26,30,1.4,78,295_2422
2025-11-27,30,9.2,82,295_2422
2025-11-28,30,9.7,82,295_2422
2025-11-29,26,8.4,92,295_2422
2025-11-30,30,7.8,81,295_2422
2025-12-01,30,11.1,83,295_2422
2025-12-02,30,2.5,81,295_2422
2025-12-03,31,2.6,78,295_2422
2025-12-04,28,0.4,74,295_2422
2025-12-05,28,0.0,73,295_2422
2025-12-06,28,0.0,73,295_2422
2025-12-07,24,23.7,87,295_2422
2025-12-08,28,6.9,89,295_2422
2025-12-09,30,0.0,80,295_2422
2025-12-10,30,0.1,79,295_2422
2025-12-11,29,0.5,81,295_2422
2025-12-12,29,0.3,76,295_2422
2025-12-13,28,0.0,80,295_2422
2025-12-14,29,0.0,74,295_2422
2025-12-15,28,1.3,78,295_2422
2025-12-16,27,0.9,82,295_2422
2025-12-17,26,2.7,83,295_2422
2025-12-18,27,0.1,80,295_2422
2025-12-19,26,0.2,81,295_2422
2025-12-20,26,0.4,83,295_2422
2025-12-21,27,0.0,78,295_2422
2025-12-22,27,0.0,79,295_2422
2025-12-23,28,0.0,75,295_2422
2025-12-24,29,0.0,80,295_2422
2025-12-25,30,0.4,78,295_2422
2025-12-26,29,0.0,76,295_2422
2025-12-27,30,0.0,73,295_2422
2025-12-28,30,0.0,75,295_2422
2025-12-29,31,0.2,76,295_2422
2025-12-30,31,1.0,75,295_2422
2025-12-31,28,1.8,79,295_2422
2026-01-01,26,0.4,84,295_2422
2026-01-02,24,11.8,93,295_2422
2026-01-03,24,0.1,81,295_2422
2026-01-04,25,0.0,77,295_2422
2026-01-05,25,0.2,83,295_2422
2026-01-06,27,0.0,79,295_2422
2026-01-07,28,0.7,74,295_2422
2026-01-08,25,10.2,85,295_2422
2026-01-09,24,4.5,85,295_2422
2026-01-10,28,1.8,82,295_2422
2026-01-11,29,1.2,76,295_2422
2026-01-12,28,0.0,72,295_2422
2026-01-13,29,8.9,80,295_2422
2026-01-14,30,7.7,80,295_2422
2026-01-15,27,1.4,82,295_2422
2026-01-16,29,0.0,76,295_2422
2026-01-17,29,0.0,77,295_2422
2026-01-18,26,0.1,80,295_2422
2026-01-19,30,1.6,77,295_2422
2026-01-20,30,0.0,72,295_2422
2026-01-21,30,0.0,71,295_2422
2026-01-22,27,0.0,68,295_2422
2026-01-23,27,0.0,69,295_2422
2026-01-24,25,0.7,73,295_2422
2026-01-25,27,0.0,72,295_2422
2026-01-26,29,0.0,71,295_2422
2026-01-27,28,0.0,78,295_2422
2026-01-28,28,0.0,74,295_2422
2026-01-29,28,0.0,68,295_2422
2026-01-30,28,0.0,73,295_2422
2026-01-31,29,0.0,66,295_2422
2026-02-01,28,0.0,66,295_2422
2026-02-02,28,0.0,66,295_2422
2026-02-03,29,0.0,65,295_2422
2026-02-04,27,0.4,73,295_2422
2026-02-05,30,0.0,64,295_2422
2026-02-06,29,0.0,73,295_2422
2026-02-07,28,1.0,80,295_2422
2026-02-08,26,3.1,82,295_2422
2026-02-09,25,0.0,72,295_2422
2026-02-10,27,0.0,74,295_2422
2026-02-11,27,0.4,79,295_2422
2026-02-12,28,0.0,72,295_2422
2026-02-13,29,4.0,76,295_2422
2026-02-14,31,0.0,74,295_2422
2026-02-15,31,0.0,72,295_2422
2026-02-16,32,0.0,70,295_2422
2026-02-17,31,0.4,72,295_2422
2026-02-18,28,0.0,71,295_2422
2026-02-19,29,0.0,67,295_2422
2026-02-20,29,0.0,68,295_2422
2026-02-21,29,0.0,70,295_2422
2026-02-22,31,0.0,68,295_2422
2026-02-23,30,0.0,67,295_2422
2026-02-24,29,0.0,74,295_2422
2026-02-25,32,0.0,69,295_2422
2026-02-26,32,0.0,65,295_2422
2026-02-27,32,0.0,65,295_2422
2026-02-28,32,0.0,65,295_2422
2026-03-01,32,0.0,66,295_2422
2026-03-02,32,0.0,69,295_2422
2026-03-03,33,0.0,68,295_2422
2026-03-04,33,0.0,65,295_2422
2026-03-05,31,0.0,68,295_2422
2026-03-06,32,0.0,68,295_2422
2026-03-07,32,0.0,65,295_2422
2026-03-08,30,0.2,69,295_2422
2026-03-09,29,0.1,67,295_2422
2026-03-10,29,0.0,61,295_2422
2026-03-11,31,0.0,63,295_2422
2026-03-12,30,0.0,69,295_2422
2026-03-13,28,0.0,64,295_2422
2026-03-14,26,0.0,57,295_2422
2026-03-15,28,0.0,59,295_2422
2026-03-16,29,0.0,62,295_2422
2026-03-17,28,0.1,72,295_2422
2026-03-18,30,0.0,68,295_2422
2026-03-19,30,0.0,66,295_2422
2026-03-20,32,0.0,63,295_2422
2026-03-21,32,0.0,61,295_2422
2026-03-22,32,0.0,63,295_2422
2026-03-23,32,0.0,58,295_2422
2026-03-24,33,0.0,57,295_2422
2026-03-25,33,0.0,63,295_2422
2026-03-26,34,0.0,65,295_2422
2026-03-27,33,0.0,65,295_2422
2026-03-28,34,0.0,61,295_2422
2026-03-29,33,0.0,63,295_2422
2026-03-30,34,0.0,60,295_2422
2026-03-31,34,0.0,61,295_2422
2026-04-01,34,0.0,58,295_2422
2026-04-02,34,0.0,56,295_2422
2026-04-03,35,0.0,55,295_2422
2026-04-04,35,0.0,51,295_2422
2026-04-05,36,0.0,52,295_2422
2026-04-06,36,0.0,57,295_2422
2026-04-07,36,0.0,58,295_2422
2026-04-08,36,0.0,49,295_2422
2026-04-09,35,0.0,59,295_2422
2026-04-10,35,0.6,60,295_2422
2026-04-11,35,0.0,58,295_2422
2026-04-12,35,0.1,54,295_2422
2026-04-13,35,0.0,56,295_2422
2026-04-14,35,0.0,56,295_2422
2026-04-15,35,0.0,52,295_2422
2026-04-16,35,0.0,51,295_2422
2026-04-17,35,0.4,55,295_2422
2026-04-18,35,0.4,59,295_2422
2026-04-19,34,0.1,60,295_2422
2026-04-20,35,0.3,57,295_2422
2026-04-21,36,0.0,57,295_2422
2026-04-22,37,0.0,57,295_2422
2026-04-23,36,0.6,56,295_2422
2026-04-24,36,0.1,55,295_2422
2026-04-25,36,0.0,58,295_2422
2026-04-26,36,1.1,59,295_2422
2026-04-27,37,0.5,61,295_2422
2026-04-28,36,4.6,61,295_2422
2026-04-29,36,0.1,59,295_2422
2026-04-30,35,0.0,59,295_2422
2026-05-01,37,0.5,59,295_2422
2026-05-02,36,0.2,60,295_2422
2026-05-03,37,0.1,60,295_2422
2026-05-04,36,0.0,60,295_2422
2026-05-05,36,3.1,57,295_2422
2026-05-06,37,0.4,56,295_2422
2026-05-07,38,0.0,58,295_2422
2026-05-08,37,0.3,58,295_2422
2026-05-09,37,0.3,58,295_2422
2026-05-10,38,0.0,55,295_2422
2026-05-11,37,0.0,59,295_2422
2026-05-12,36,1.9,61,295_2422
2026-05-13,36,1.2,62,295_2422
2026-05-14,35,0.7,64,295_2422
2026-05-15,35,4.7,68,295_2422
2026-05-16,34,10.2,68,295_2422
2026-05-17,36,9.0,70,295_2422
2026-05-18,35,9.6,68,295_2422
2026-05-19,33,9.7,74,295_2422
2026-05-20,35,2.6,66,295_2422
2026-05-21,35,1.0,64,295_2422
2026-05-22,36,2.8,64,295_2422
2026-05-23,36,1.6,64,295_2422
2026-05-24,36,6.7,61,295_2422
2026-05-25,36,2.0,64,295_2422
2026-05-26,35,1.1,66,295_2422
2026-05-27,35,0.0,66,295_2422
2026-05-28,35,3.5,69,295_2422
2026-05-29,34,2.4,72,295_2422
2026-05-30,34,11.9,74,295_2422
2026-05-31,32,13.7,76,295_2422
2025-06-01,33,8.0,75,296_2421
2025-06-02,29,9.8,82,296_2421
2025-06-03,32,5.0,76,296_2421
2025-06-04,33,1.1,73,296_2421
2025-06-05,32,8.1,75,296_2421
2025-06-06,32,3.3,75,296_2421
2025-06-07,32,11.3,76,296_2421
2025-06-08,31,13.5,79,296_2421
2025-06-09,30,44.4,86,296_2421
2025-06-10,27,7.3,88,296_2421
2025-06-11,26,52.1,94,296_2421
2025-06-12,28,62.6,94,296_2421
2025-06-13,32,1.6,77,296_2421
2025-06-14,32,0.5,74,296_2421
2025-06-15,34,4.8,76,296_2421
2025-06-16,34,5.1,73,296_2421
2025-06-17,32,22.5,80,296_2421
2025-06-18,31,10.2,78,296_2421
2025-06-19,32,1.1,73,296_2421
2025-06-20,34,4.4,69,296_2421
2025-06-21,34,5.9,73,296_2421
2025-06-22,27,13.1,87,296_2421
2025-06-23,30,16.5,82,296_2421
2025-06-24,30,10.0,81,296_2421
2025-06-25,32,6.3,75,296_2421
2025-06-26,32,9.8,79,296_2421
2025-06-27,29,6.9,84,296_2421
2025-06-28,30,1.0,76,296_2421
2025-06-29,31,32.3,83,296_2421
2025-06-30,30,16.5,84,296_2421
2025-07-01,30,7.7,81,296_2421
2025-07-02,31,29.6,83,296_2421
2025-07-03,26,68.2,94,296_2421
2025-07-04,28,39.9,91,296_2421
2025-07-05,29,32.3,88,296_2421
2025-07-06,29,17.4,85,296_2421
2025-07-07,31,1.3,78,296_2421
2025-07-08,30,12.0,83,296_2421
2025-07-09,30,7.3,81,296_2421
2025-07-10,30,8.0,81,296_2421
2025-07-11,30,9.3,83,296_2421
2025-07-12,30,4.8,80,296_2421
2025-07-13,30,6.5,82,296_2421
2025-07-14,32,0.7,77,296_2421
2025-07-15,31,1.5,79,296_2421
2025-07-16,31,4.1,80,296_2421
2025-07-17,29,22.1,84,296_2421
2025-07-18,26,23.2,91,296_2421
2025-07-19,26,46.9,91,296_2421
2025-07-20,28,40.0,90,296_2421
2025-07-21,27,42.3,91,296_2421
2025-07-22,27,45.1,93,296_2421
2025-07-23,26,36.0,94,296_2421
2025-07-24,26,67.2,94,296_2421
2025-07-25,28,37.4,92,296_2421
2025-07-26,28,25.1,87,296_2421
2025-07-27,28,27.2,89,296_2421
2025-07-28,28,32.5,89,296_2421
2025-07-29,28,37.1,89,296_2421
2025-07-30,30,6.9,81,296_2421
2025-07-31,30,6.1,79,296_2421
2025-08-01,29,5.2,83,296_2421
2025-08-02,32,0.0,76,296_2421
2025-08-03,32,0.0,75,296_2421
2025-08-04,33,0.0,72,296_2421
2025-08-05,32,6.8,74,296_2421
2025-08-06,32,7.8,74,296_2421
2025-08-07,30,7.5,79,296_2421
2025-08-08,29,8.6,82,296_2421
2025-08-09,31,1.4,75,296_2421
2025-08-10,32,0.2,74,296_2421
2025-08-11,32,1.6,75,296_2421
2025-08-12,32,9.4,78,296_2421
2025-08-13,31,8.2,77,296_2421
2025-08-14,30,11.1,81,296_2421
2025-08-15,30,47.4,82,296_2421
2025-08-16,29,17.4,83,296_2421
2025-08-17,31,9.5,80,296_2421
2025-08-18,33,5.5,75,296_2421
2025-08-19,32,6.4,76,296_2421
2025-08-20,31,0.5,77,296_2421
2025-08-21,29,8.0,85,296_2421
2025-08-22,28,18.0,87,296_2421
2025-08-23,27,3.0,84,296_2421
2025-08-24,31,6.7,77,296_2421
2025-08-25,30,21.7,82,296_2421
2025-08-26,26,31.7,93,296_2421
2025-08-27,29,3.8,85,296_2421
2025-08-28,29,20.0,87,296_2421
2025-08-29,29,37.3,89,296_2421
2025-08-30,30,17.9,84,296_2421
2025-08-31,29,7.1,84,296_2421
2025-09-01,29,24.5,89,296_2421
2025-09-02,29,14.5,89,296_2421
2025-09-03,29,15.7,85,296_2421
2025-09-04,29,23.1,88,296_2421
2025-09-05,27,13.3,90,296_2421
2025-09-06,26,3.1,91,296_2421
2025-09-07,29,7.6,85,296_2421
2025-09-08,30,2.7,81,296_2421
2025-09-09,32,0.8,72,296_2421
2025-09-10,31,5.6,75,296_2421
2025-09-11,29,1.1,78,296_2421
2025-09-12,31,26.7,81,296_2421
2025-09-13,31,8.2,83,296_2421
2025-09-14,27,0.9,86,296_2421
2025-09-15,31,5.5,80,296_2421
2025-09-16,30,5.2,80,296_2421
2025-09-17,29,18.2,84,296_2421
2025-09-18,30,3.9,82,296_2421
2025-09-19,30,8.3,79,296_2421
2025-09-20,29,10.3,85,296_2421
2025-09-21,27,25.4,91,296_2421
2025-09-22,26,64.9,94,296_2421
2025-09-23,28,43.8,90,296_2421
2025-09-24,29,17.7,85,296_2421
2025-09-25,29,10.4,83,296_2421
2025-09-26,28,4.8,88,296_2421
2025-09-27,31,3.4,78,296_2421
2025-09-28,31,3.2,79,296_2421
2025-09-30,32,3.1,78,296_2421
2025-10-01,30,10.2,82,296_2421
2025-10-02,31,3.4,80,296_2421
2025-10-03,28,23.5,87,296_2421
2025-10-04,30,3.4,81,296_2421
2025-10-05,30,6.1,83,296_2421
2025-10-06,31,1.3,77,296_2421
2025-10-07,31,0.0,76,296_2421
2025-10-08,31,4.7,77,296_2421
2025-10-09,31,4.2,77,296_2421
2025-10-10,30,5.7,82,296_2421
2025-10-11,30,16.1,85,296_2421
2025-10-12,30,12.4,84,296_2421
2025-10-13,31,4.3,80,296_2421
2025-10-14,30,0.1,79,296_2421
2025-10-15,30,0.2,80,296_2421
2025-10-16,31,0.0,76,296_2421
2025-10-17,32,0.0,73,296_2421
2025-10-18,33,1.5,75,296_2421
2025-10-19,28,5.3,84,296_2421
2025-10-20,31,2.7,83,296_2421
2025-10-21,31,4.7,81,296_2421
2025-10-22,31,2.6,79,296_2421
2025-10-23,32,0.7,76,296_2421
2025-10-24,31,0.9,77,296_2421
2025-10-25,32,4.9,78,296_2421
2025-10-26,31,7.4,82,296_2421
2025-10-27,32,0.1,75,296_2421
2025-10-28,31,10.6,80,296_2421
2025-10-29,31,9.2,80,296_2421
2025-10-30,30,0.2,80,296_2421
2025-10-31,31,1.8,79,296_2421
2025-11-01,31,1.2,77,296_2421
2025-11-02,32,0.3,75,296_2421
2025-11-03,27,22.3,87,296_2421
2025-11-04,29,15.4,81,296_2421
2025-11-05,31,0.7,77,296_2421
2025-11-06,32,6.7,77,296_2421
2025-11-07,31,9.8,81,296_2421
2025-11-08,31,3.1,80,296_2421
2025-11-09,26,13.9,88,296_2421
2025-11-10,26,43.0,90,296_2421
2025-11-11,28,30.3,88,296_2421
2025-11-12,30,0.0,82,296_2421
2025-11-13,30,3.7,84,296_2421
2025-11-14,29,0.0,82,296_2421
2025-11-15,29,0.0,79,296_2421
2025-11-16,31,0.0,75,296_2421
2025-11-17,31,0.0,75,296_2421
2025-11-18,31,0.0,73,296_2421
2025-11-19,30,0.1,72,296_2421
2025-11-20,30,0.0,74,296_2421
2025-11-21,28,0.0,79,296_2421
2025-11-22,30,0.0,73,296_2421
2025-11-23,29,0.0,74,296_2421
2025-11-24,30,0.0,71,296_2421
2025-11-25,26,14.5,78,296_2421
2025-11-26,30,1.4,78,296_2421
2025-11-27,30,9.2,82,296_2421
2025-11-28,30,9.7,82,296_2421
2025-11-29,26,8.4,92,296_2421
2025-11-30,30,7.8,81,296_2421
2025-12-01,30,11.1,83,296_2421
2025-12-02,30,2.5,81,296_2421
2025-12-03,31,2.6,78,296_2421
2025-12-04,28,0.4,74,296_2421
2025-12-05,28,0.0,73,296_2421
2025-12-06,28,0.0,73,296_2421
2025-12-07,24,23.7,87,296_2421
2025-12-08,28,6.9,89,296_2421
2025-12-09,30,0.0,80,296_2421
2025-12-10,30,0.1,79,296_2421
2025-12-11,29,0.5,81,296_2421
2025-12-12,29,0.3,76,296_2421
2025-12-13,28,0.0,80,296_2421
2025-12-14,29,0.0,74,296_2421
2025-12-15,28,1.3,78,296_2421
2025-12-16,27,0.9,82,296_2421
2025-12-17,26,2.7,83,296_2421
2025-12-18,27,0.1,80,296_2421
2025-12-19,26,0.2,81,296_2421
2025-12-20,26,0.4,83,296_2421
2025-12-21,27,0.0,78,296_2421
2025-12-22,27,0.0,79,296_2421
2025-12-23,28,0.0,75,296_2421
2025-12-24,29,0.0,80,296_2421
2025-12-25,30,0.4,78,296_2421
2025-12-26,29,0.0,76,296_2421
2025-12-27,30,0.0,73,296_2421
2025-12-28,30,0.0,75,296_2421
2025-12-29,31,0.2,76,296_2421
2025-12-30,31,1.0,75,296_2421
2025-12-31,28,1.8,79,296_2421
2026-01-01,26,0.4,84,296_2421
2026-01-02,24,11.8,93,296_2421
2026-01-03,24,0.1,81,296_2421
2026-01-04,25,0.0,77,296_2421
2026-01-05,25,0.2,83,296_2421
2026-01-06,27,0.0,79,296_2421
2026-01-07,28,0.7,74,296_2421
2026-01-08,25,10.2,85,296_2421
2026-01-09,24,4.5,85,296_2421
2026-01-10,28,1.8,82,296_2421
2026-01-11,29,1.2,76,296_2421
2026-01-12,28,0.0,72,296_2421
2026-01-13,29,8.9,80,296_2421
2026-01-14,30,7.7,80,296_2421
2026-01-15,27,1.4,82,296_2421
2026-01-16,29,0.0,76,296_2421
2026-01-17,29,0.0,77,296_2421
2026-01-18,26,0.1,80,296_2421
2026-01-19,30,1.6,77,296_2421
2026-01-20,30,0.0,72,296_2421
2026-01-21,30,0.0,71,296_2421
2026-01-22,27,0.0,68,296_2421
2026-01-23,27,0.0,69,296_2421
2026-01-24,25,0.7,73,296_2421
2026-01-25,27,0.0,72,296_2421
2026-01-26,29,0.0,71,296_2421
2026-01-27,28,0.0,78,296_2421
2026-01-28,28,0.0,74,296_2421
2026-01-29,28,0.0,68,296_2421
2026-01-30,28,0.0,73,296_2421
2026-01-31,29,0.0,66,296_2421
2026-02-01,28,0.0,66,296_2421
2026-02-02,28,0.0,66,296_2421
2026-02-03,29,0.0,65,296_2421
2026-02-04,27,0.4,73,296_2421
2026-02-05,30,0.0,64,296_2421
2026-02-06,29,0.0,73,296_2421
2026-02-07,28,1.0,80,296_2421
2026-02-08,26,3.1,82,296_2421
2026-02-09,25,0.0,72,296_2421
2026-02-10,27,0.0,74,296_2421
2026-02-11,27,0.4,79,296_2421
2026-02-12,28,0.0,72,296_2421
2026-02-13,29,4.0,76,296_2421
2026-02-14,31,0.0,74,296_2421
2026-02-15,31,0.0,72,296_2421
2026-02-16,32,0.0,70,296_2421
2026-02-17,31,0.4,72,296_2421
2026-02-18,28,0.0,71,296_2421
2026-02-19,29,0.0,67,296_2421
2026-02-20,29,0.0,68,296_2421
2026-02-21,29,0.0,70,296_2421
2026-02-22,31,0.0,68,296_2421
2026-02-23,30,0.0,67,296_2421
2026-02-24,29,0.0,74,296_2421
2026-02-25,32,0.0,69,296_2421
2026-02-26,32,0.0,65,296_2421
2026-02-27,32,0.0,65,296_2421
2026-02-28,32,0.0,65,296_2421
2026-03-01,32,0.0,66,296_2421
2026-03-02,32,0.0,69,296_2421
2026-03-03,33,0.0,68,296_2421
2026-03-04,33,0.0,65,296_2421
2026-03-05,31,0.0,68,296_2421
2026-03-06,32,0.0,68,296_2421
2026-03-07,32,0.0,65,296_2421
2026-03-08,30,0.2,69,296_2421
2026-03-09,29,0.1,67,296_2421
2026-03-10,29,0.0,61,296_2421
2026-03-11,31,0.0,63,296_2421
2026-03-12,30,0.0,69,296_2421
2026-03-13,28,0.0,64,296_2421
2026-03-14,26,0.0,57,296_2421
2026-03-15,28,0.0,59,296_2421
2026-03-16,29,0.0,62,296_2421
2026-03-17,28,0.1,72,296_2421
2026-03-18,30,0.0,68,296_2421
2026-03-19,30,0.0,66,296_2421
2026-03-20,32,0.0,63,296_2421
2026-03-21,32,0.0,61,296_2421
2026-03-22,32,0.0,63,296_2421
2026-03-23,32,0.0,58,296_2421
2026-03-24,33,0.0,57,296_2421
2026-03-25,33,0.0,63,296_2421
2026-03-26,34,0.0,65,296_2421
2026-03-27,33,0.0,65,296_2421
2026-03-28,34,0.0,61,296_2421
2026-03-29,33,0.0,63,296_2421
2026-03-30,34,0.0,60,296_2421
2026-03-31,34,0.0,61,296_2421
2026-04-01,34,0.0,58,296_2421
2026-04-02,34,0.0,56,296_2421
2026-04-03,35,0.0,55,296_2421
2026-04-04,35,0.0,51,296_2421
2026-04-05,36,0.0,52,296_2421
2026-04-06,36,0.0,57,296_2421
2026-04-07,36,0.0,58,296_2421
2026-04-08,36,0.0,49,296_2421
2026-04-09,35,0.0,59,296_2421
2026-04-10,35,0.6,60,296_2421
2026-04-11,35,0.0,58,296_2421
2026-04-12,35,0.1,54,296_2421
2026-04-13,35,0.0,56,296_2421
2026-04-14,35,0.0,56,296_2421
2026-04-15,35,0.0,52,296_2421
2026-04-16,35,0.0,51,296_2421
2026-04-17,35,0.4,55,296_2421
2026-04-18,35,0.4,59,296_2421
2026-04-19,34,0.1,60,296_2421
2026-04-20,35,0.3,57,296_2421
2026-04-21,36,0.0,57,296_2421
2026-04-22,37,0.0,57,296_2421
2026-04-23,36,0.6,56,296_2421
2026-04-24,36,0.1,55,296_2421
2026-04-25,36,0.0,58,296_2421
2026-04-26,36,1.1,59,296_2421
2026-04-27,37,0.5,61,296_2421
2026-04-28,36,4.6,61,296_2421
2026-04-29,36,0.1,59,296_2421
2026-04-30,35,0.0,59,296_2421
2026-05-01,37,0.5,59,296_2421
2026-05-02,36,0.2,60,296_2421
2026-05-03,37,0.1,60,296_2421
2026-05-04,36,0.0,60,296_2421
2026-05-05,36,3.1,57,296_2421
2026-05-06,37,0.4,56,296_2421
2026-05-07,38,0.0,58,296_2421
2026-05-08,37,0.3,58,296_2421
2026-05-09,37,0.3,58,296_2421
2026-05-10,38,0.0,55,296_2421
2026-05-11,37,0.0,59,296_2421
2026-05-12,36,1.9,61,296_2421
2026-05-13,36,1.2,62,296_2421
2026-05-14,35,0.7,64,296_2421
2026-05-15,35,4.7,68,296_2421
2026-05-16,34,10.2,68,296_2421
2026-05-17,36,9.0,70,296_2421
2026-05-18,35,9.6,68,296_2421
2026-05-19,33,9.7,74,296_2421
2026-05-20,35,2.6,66,296_2421
2026-05-21,35,1.0,64,296_2421
2026-05-22,36,2.8,64,296_2421
2026-05-23,36,1.6,64,296_2421
2026-05-24,36,6.7,61,296_2421
2026-05-25,36,2.0,64,296_2421
2026-05-26,35,1.1,66,296_2421
2026-05-27,35,0.0,66,296_2421
2026-05-28,35,3.5,69,296_2421
2026-05-29,34,2.4,72,296_2421
2026-05-30,34,11.9,74,296_2421
2026-05-31,32,13.7,76,296_2421
2025-06-01,33,8.0,75,296_2422
2025-06-02,29,9.8,82,296_2422
2025-06-03,32,5.0,76,296_2422
2025-06-04,33,1.1,73,296_2422
2025-06-05,32,8.1,75,296_2422
2025-06-06,32,3.3,75,296_2422
2025-06-07,32,11.3,76,296_2422
2025-06-08,31,13.5,79,296_2422
2025-06-09,30,44.4,86,296_2422
2025-06-10,27,7.3,88,296_2422
2025-06-11,26,52.1,94,296_2422
2025-06-12,28,62.6,94,296_2422
2025-06-13,32,1.6,77,296_2422
2025-06-14,32,0.5,74,296_2422
2025-06-15,34,4.8,76,296_2422
2025-06-16,34,5.1,73,296_2422
2025-06-17,32,22.5,80,296_2422
2025-06-18,31,10.2,78,296_2422
2025-06-19,32,1.1,73,296_2422
2025-06-20,34,4.4,69,296_2422
2025-06-21,34,5.9,73,296_2422
2025-06-22,27,13.1,87,296_2422
2025-06-23,30,16.5,82,296_2422
2025-06-24,30,10.0,81,296_2422
2025-06-25,32,6.3,75,296_2422
2025-06-26,32,9.8,79,296_2422
2025-06-27,29,6.9,84,296_2422
2025-06-28,30,1.0,76,296_2422
2025-06-29,31,32.3,83,296_2422
2025-06-30,30,16.5,84,296_2422
2025-07-01,30,7.7,81,296_2422
2025-07-02,31,29.6,83,296_2422
2025-07-03,26,68.2,94,296_2422
2025-07-04,28,39.9,91,296_2422
2025-07-05,29,32.3,88,296_2422
2025-07-06,29,17.4,85,296_2422
2025-07-07,31,1.3,78,296_2422
2025-07-08,30,12.0,83,296_2422
2025-07-09,30,7.3,81,296_2422
2025-07-10,30,8.0,81,296_2422
2025-07-11,30,9.3,83,296_2422
2025-07-12,30,4.8,80,296_2422
2025-07-13,30,6.5,82,296_2422
2025-07-14,32,0.7,77,296_2422
2025-07-15,31,1.5,79,296_2422
2025-07-16,31,4.1,80,296_2422
2025-07-17,29,22.1,84,296_2422
2025-07-18,26,23.2,91,296_2422
2025-07-19,26,46.9,91,296_2422
2025-07-20,28,40.0,90,296_2422
2025-07-21,27,42.3,91,296_2422
2025-07-22,27,45.1,93,296_2422
2025-07-23,26,36.0,94,296_2422
2025-07-24,26,67.2,94,296_2422
2025-07-25,28,37.4,92,296_2422
2025-07-26,28,25.1,87,296_2422
2025-07-27,28,27.2,89,296_2422
2025-07-28,28,32.5,89,296_2422
2025-07-29,28,37.1,89,296_2422
2025-07-30,30,6.9,81,296_2422
2025-07-31,30,6.1,79,296_2422
2025-08-01,29,5.2,83,296_2422
2025-08-02,32,0.0,76,296_2422
2025-08-03,32,0.0,75,296_2422
2025-08-04,33,0.0,72,296_2422
2025-08-05,32,6.8,74,296_2422
2025-08-06,32,7.8,74,296_2422
2025-08-07,30,7.5,79,296_2422
2025-08-08,29,8.6,82,296_2422
2025-08-09,31,1.4,75,296_2422
2025-08-10,32,0.2,74,296_2422
2025-08-11,32,1.6,75,296_2422
2025-08-12,32,9.4,78,296_2422
2025-08-13,31,8.2,77,296_2422
2025-08-14,30,11.1,81,296_2422
2025-08-15,30,47.4,82,296_2422
2025-08-16,29,17.4,83,296_2422
2025-08-17,31,9.5,80,296_2422
2025-08-18,33,5.5,75,296_2422
2025-08-19,32,6.4,76,296_2422
2025-08-20,31,0.5,77,296_2422
2025-08-21,29,8.0,85,296_2422
2025-08-22,28,18.0,87,296_2422
2025-08-23,27,3.0,84,296_2422
2025-08-24,31,6.7,77,296_2422
2025-08-25,30,21.7,82,296_2422
2025-08-26,26,31.7,93,296_2422
2025-08-27,29,3.8,85,296_2422
2025-08-28,29,20.0,87,296_2422
2025-08-29,29,37.3,89,296_2422
2025-08-30,30,17.9,84,296_2422
2025-08-31,29,7.1,84,296_2422
2025-09-01,29,24.5,89,296_2422
2025-09-02,29,14.5,89,296_2422
2025-09-03,29,15.7,85,296_2422
2025-09-04,29,23.1,88,296_2422
2025-09-05,27,13.3,90,296_2422
2025-09-06,26,3.1,91,296_2422
2025-09-07,29,7.6,85,296_2422
2025-09-08,30,2.7,81,296_2422
2025-09-09,32,0.8,72,296_2422
2025-09-10,31,5.6,75,296_2422
2025-09-11,29,1.1,78,296_2422
2025-09-12,31,26.7,81,296_2422
2025-09-13,31,8.2,83,296_2422
2025-09-14,27,0.9,86,296_2422
2025-09-15,31,5.5,80,296_2422
2025-09-16,30,5.2,80,296_2422
2025-09-17,29,18.2,84,296_2422
2025-09-18,30,3.9,82,296_2422
2025-09-19,30,8.3,79,296_2422
2025-09-20,29,10.3,85,296_2422
2025-09-21,27,25.4,91,296_2422
2025-09-22,26,64.9,94,296_2422
2025-09-23,28,43.8,90,296_2422
2025-09-24,29,17.7,85,296_2422
2025-09-25,29,10.4,83,296_2422
2025-09-26,28,4.8,88,296_2422
2025-09-27,31,3.4,78,296_2422
2025-09-28,31,3.2,79,296_2422
2025-09-29,31,7.3,80,296_2422
2025-09-30,32,3.1,78,296_2422
2025-10-01,30,10.2,82,296_2422
2025-10-02,31,3.4,80,296_2422
2025-10-03,28,23.5,87,296_2422
2025-10-04,30,3.4,81,296_2422
2025-10-05,30,6.1,83,296_2422
2025-10-06,31,1.3,77,296_2422
2025-10-07,31,0.0,76,296_2422
2025-10-08,31,4.7,77,296_2422
2025-10-09,31,4.2,77,296_2422
2025-10-10,30,5.7,82,296_2422
2025-10-11,30,16.1,85,296_2422
2025-10-12,30,12.4,84,296_2422
2025-10-13,31,4.3,80,296_2422
2025-10-14,30,0.1,79,296_2422
2025-10-15,30,0.2,80,296_2422
2025-10-16,31,0.0,76,296_2422
2025-10-17,32,0.0,73,296_2422
2025-10-18,33,1.5,75,296_2422
2025-10-19,28,5.3,84,296_2422
2025-10-20,31,2.7,83,296_2422
2025-10-21,31,4.7,81,296_2422
2025-10-22,31,2.6,79,296_2422
2025-10-23,32,0.7,76,296_2422
2025-10-24,31,0.9,77,296_2422
2025-10-25,32,4.9,78,296_2422
2025-10-26,31,7.4,82,296_2422
2025-10-27,32,0.1,75,296_2422
2025-10-28,31,10.6,80,296_2422
2025-10-29,31,9.2,80,296_2422
2025-10-30,30,0.2,80,296_2422
2025-10-31,31,1.8,79,296_2422
2025-11-01,31,1.2,77,296_2422
2025-11-02,32,0.3,75,296_2422
2025-11-03,27,22.3,87,296_2422
2025-11-04,29,15.4,81,296_2422
2025-11-05,31,0.7,77,296_2422
2025-11-06,32,6.7,77,296_2422
2025-11-07,31,9.8,81,296_2422
2025-11-08,31,3.1,80,296_2422
2025-11-09,26,13.9,88,296_2422
2025-11-10,26,43.0,90,296_2422
2025-11-11,28,30.3,88,296_2422
2025-11-12,30,0.0,82,296_2422
2025-11-13,30,3.7,84,296_2422
2025-11-14,29,0.0,82,296_2422
2025-11-15,29,0.0,79,296_2422
2025-11-16,31,0.0,75,296_2422
2025-11-17,31,0.0,75,296_2422
2025-11-18,31,0.0,73,296_2422
2025-11-19,30,0.1,72,296_2422
2025-11-20,30,0.0,74,296_2422
2025-11-21,28,0.0,79,296_2422
2025-11-22,30,0.0,73,296_2422
2025-11-23,29,0.0,74,296_2422
2025-11-24,30,0.0,71,296_2422
2025-11-25,26,14.5,78,296_2422
2025-11-26,30,1.4,78,296_2422
2025-11-27,30,9.2,82,296_2422
2025-11-28,30,9.7,82,296_2422
2025-11-29,26,8.4,92,296_2422
2025-11-30,30,7.8,81,296_2422
2025-12-01,30,11.1,83,296_2422
2025-12-02,30,2.5,81,296_2422
2025-12-03,31,2.6,78,296_2422
2025-12-04,28,0.4,74,296_2422
2025-12-05,28,0.0,73,296_2422
2025-12-06,28,0.0,73,296_2422
2025-12-07,24,23.7,87,296_2422
2025-12-08,28,6.9,89,296_2422
2025-12-09,30,0.0,80,296_2422
2025-12-10,30,0.1,79,296_2422
2025-12-11,29,0.5,81,296_2422
2025-12-12,29,0.3,76,296_2422
2025-12-13,28,0.0,80,296_2422
2025-12-14,29,0.0,74,296_2422
2025-12-15,28,1.3,78,296_2422
2025-12-16,27,0.9,82,296_2422
2025-12-17,26,2.7,83,296_2422
2025-12-18,27,0.1,80,296_2422
2025-12-19,26,0.2,81,296_2422
2025-12-20,26,0.4,83,296_2422
2025-12-21,27,0.0,78,296_2422
2025-12-22,27,0.0,79,296_2422
2025-12-23,28,0.0,75,296_2422
2025-12-24,29,0.0,80,296_2422
2025-12-25,30,0.4,78,296_2422
2025-12-26,29,0.0,76,296_2422
2025-12-27,30,0.0,73,296_2422
2025-12-28,30,0.0,75,296_2422
2025-12-29,31,0.2,76,296_2422
2025-12-30,31,1.0,75,296_2422
2025-12-31,28,1.8,79,296_2422
2026-01-01,26,0.4,84,296_2422
2026-01-02,24,11.8,93,296_2422
2026-01-03,24,0.1,81,296_2422
2026-01-04,25,0.0,77,296_2422
2026-01-05,25,0.2,83,296_2422
2026-01-06,27,0.0,79,296_2422
2026-01-07,28,0.7,74,296_2422
2026-01-08,25,10.2,85,296_2422
2026-01-09,24,4.5,85,296_2422
2026-01-10,28,1.8,82,296_2422
2026-01-11,29,1.2,76,296_2422
2026-01-12,28,0.0,72,296_2422
2026-01-13,29,8.9,80,296_2422
2026-01-14,30,7.7,80,296_2422
2026-01-15,27,1.4,82,296_2422
2026-01-16,29,0.0,76,296_2422
2026-01-17,29,0.0,77,296_2422
2026-01-18,26,0.1,80,296_2422
2026-01-19,30,1.6,77,296_2422
2026-01-20,30,0.0,72,296_2422
2026-01-21,30,0.0,71,296_2422
2026-01-22,27,0.0,68,296_2422
2026-01-23,27,0.0,69,296_2422
2026-01-24,25,0.7,73,296_2422
2026-01-25,27,0.0,72,296_2422
2026-01-26,29,0.0,71,296_2422
2026-01-27,28,0.0,78,296_2422
2026-01-28,28,0.0,74,296_2422
2026-01-29,28,0.0,68,296_2422
2026-01-30,28,0.0,73,296_2422
2026-01-31,29,0.0,66,296_2422
2026-02-01,28,0.0,66,296_2422
2026-02-02,28,0.0,66,296_2422
2026-02-03,29,0.0,65,296_2422
2026-02-04,27,0.4,73,296_2422
2026-02-05,30,0.0,64,296_2422
2026-02-06,29,0.0,73,296_2422
2026-02-07,28,1.0,80,296_2422
2026-02-08,26,3.1,82,296_2422
2026-02-09,25,0.0,72,296_2422
2026-02-10,27,0.0,74,296_2422
2026-02-11,27,0.4,79,296_2422
2026-02-12,28,0.0,72,296_2422
2026-02-13,29,4.0,76,296_2422
2026-02-14,31,0.0,74,296_2422
2026-02-15,31,0.0,72,296_2422
2026-02-16,32,0.0,70,296_2422
2026-02-17,31,0.4,72,296_2422
2026-02-18,28,0.0,71,296_2422
2026-02-19,29,0.0,67,296_2422
2026-02-20,29,0.0,68,296_2422
2026-02-21,29,0.0,70,296_2422
2026-02-22,31,0.0,68,296_2422
2026-02-23,30,0.0,67,296_2422
2026-02-24,29,0.0,74,296_2422
2026-02-25,32,0.0,69,296_2422
2026-02-26,32,0.0,65,296_2422
2026-02-27,32,0.0,65,296_2422
2026-02-28,32,0.0,65,296_2422
2026-03-01,32,0.0,66,296_2422
2026-03-02,32,0.0,69,296_2422
2026-03-03,33,0.0,68,296_2422
2026-03-04,33,0.0,65,296_2422
2026-03-05,31,0.0,68,296_2422
2026-03-06,32,0.0,68,296_2422
2026-03-07,32,0.0,65,296_2422
2026-03-08,30,0.2,69,296_2422
2026-03-09,29,0.1,67,296_2422
2026-03-10,29,0.0,61,296_2422
2026-03-11,31,0.0,63,296_2422
2026-03-12,30,0.0,69,296_2422
2026-03-13,28,0.0,64,296_2422
2026-03-14,26,0.0,57,296_2422
2026-03-15,28,0.0,59,296_2422
2026-03-16,29,0.0,62,296_2422
2026-03-17,28,0.1,72,296_2422
2026-03-18,30,0.0,68,296_2422
2026-03-19,30,0.0,66,296_2422
2026-03-20,32,0.0,63,296_2422
2026-03-21,32,0.0,61,296_2422
2026-03-22,32,0.0,63,296_2422
2026-03-23,32,0.0,58,296_2422
2026-03-24,33,0.0,57,296_2422
2026-03-25,33,0.0,63,296_2422
2026-03-26,34,0.0,65,296_2422
2026-03-27,33,0.0,65,296_2422
2026-03-28,34,0.0,61,296_2422
2026-03-29,33,0.0,63,296_2422
2026-03-30,34,0.0,60,296_2422
2026-03-31,34,0.0,61,296_2422
2026-04-01,34,0.0,58,296_2422
2026-04-02,34,0.0,56,296_2422
2026-04-03,35,0.0,55,296_2422
2026-04-04,35,0.0,51,296_2422
2026-04-05,36,0.0,52,296_2422
2026-04-06,36,0.0,57,296_2422
2026-04-07,36,0.0,58,296_2422
2026-04-08,36,0.0,49,296_2422
2026-04-09,35,0.0,59,296_2422
2026-04-10,35,0.6,60,296_2422
2026-04-11,35,0.0,58,296_2422
2026-04-12,35,0.1,54,296_2422
2026-04-13,35,0.0,56,296_2422
2026-04-14,35,0.0,56,296_2422
2026-04-15,35,0.0,52,296_2422
2026-04-16,35,0.0,51,296_2422
2026-04-17,35,0.4,55,296_2422
2026-04-18,35,0.4,59,296_2422
2026-04-19,34,0.1,60,296_2422
2026-04-20,35,0.3,57,296_2422
2026-04-21,36,0.0,57,296_2422
2026-04-22,37,0.0,57,296_2422
2026-04-23,36,0.6,56,296_2422
2026-04-24,36,0.1,55,296_2422
2026-04-25,36,0.0,58,296_2422
2026-04-26,36,1.1,59,296_2422
2026-04-27,37,0.5,61,296_2422
2026-04-28,36,4.6,61,296_2422
2026-04-29,36,0.1,59,296_2422
2026-04-30,35,0.0,59,296_2422
2026-05-01,37,0.5,59,296_2422
2026-05-02,36,0.2,60,296_2422
2026-05-03,37,0.1,60,296_2422
2026-05-04,36,0.0,60,296_2422
2026-05-05,36,3.1,57,296_2422
2026-05-06,37,0.4,56,296_2422
2026-05-07,38,0.0,58,296_2422
2026-05-08,37,0.3,58,296_2422
2026-05-09,37,0.3,58,296_2422
2026-05-10,38,0.0,55,296_2422
2026-05-11,37,0.0,59,296_2422
2026-05-12,36,1.9,61,296_2422
2026-05-13,36,1.2,62,296_2422
2026-05-14,35,0.7,64,296_2422
2026-05-15,35,4.7,68,296_2422
2026-05-16,34,10.2,68,296_2422
2026-05-17,36,9.0,70,296_2422
2026-05-18,35,9.6,68,296_2422
2026-05-19,33,9.7,74,296_2422
2026-05-20,35,2.6,66,296_2422
2026-05-21,35,1.0,64,296_2422
2026-05-22,36,2.8,64,296_2422
2026-05-23,36,1.6,64,296_2422
2026-05-24,36,6.7,61,296_2422
2026-05-25,36,2.0,64,296_2422
2026-05-26,35,1.1,66,296_2422
2026-05-27,35,0.0,66,296_2422
2026-05-28,35,3.5,69,296_2422
2026-05-29,34,2.4,72,296_2422
2026-05-30,34,11.9,74,296_2422
2026-05-31,32,13.7,76,296_2422
